Cboe Volume and Put/Call Ratio data is provided for informational purposes only. The volume data reflected below may be based upon preliminary reported volume rather than cleared volume. Cboe makes no guarantee as to the accuracy of the data. Your use of Cboe Volume and Put/Call Ratio data is subject to theĀTerms and ConditionsĀof the Cboe Website.,,,,
Equity P/C Ratios,,,,
Date,Equity Call Volume,Equity Put Volume,Equity Total Volume,Equity P/C Ratio
10/17/2003,1017225,463135,1480360,0.46
10/21/2003,648197,380941,1029138,0.59
10/22/2003,541154,415498,956652,0.77
10/23/2003,493194,354797,847991,0.72
10/24/2003,567785,447421,1015206,0.79
10/27/2003,435215,223098,658313,0.51
10/28/2003,563950,374757,938707,0.66
10/29/2003,693158,364516,1057674,0.53
10/30/2003,627894,439451,1067345,0.7
10/31/2003,491689,504173,995862,1.03
11/3/2003,569931,268312,838243,0.47
11/4/2003,595255,294407,889662,0.49
11/5/2003,551267,301209,852476,0.55
11/6/2003,548140,336513,884653,0.61
11/7/2003,643147,394891,1038038,0.61
11/10/2003,432969,339129,772098,0.78
11/11/2003,447950,326768,774718,0.73
11/12/2003,592174,403860,996034,0.68
11/13/2003,609893,383694,993587,0.63
11/14/2003,662739,361347,1024086,0.55
11/17/2003,658441,427919,1086360,0.65
11/18/2003,568928,355730,924658,0.63
11/19/2003,551508,423986,975494,0.77
11/20/2003,562395,364840,927235,0.65
11/21/2003,693747,461316,1155063,0.66
11/24/2003,630412,320424,950836,0.51
11/25/2003,546189,263896,810085,0.48
11/26/2003,462159,251258,713417,0.54
11/28/2003,218810,121315,340125,0.55
12/1/2003,597095,324169,921264,0.54
12/2/2003,601278,314983,916261,0.52
12/3/2003,608963,453120,1062083,0.74
12/4/2003,584895,330837,915732,0.57
12/5/2003,494881,335345,830226,0.68
12/9/2003,611586,340208,951794,0.56
12/8/2003,458933,325923,784856,0.71
12/10/2003,625605,430133,1055738,0.69
12/11/2003,589907,297193,887100,0.5
12/12/2003,511771,257406,769177,0.5
12/15/2003,607936,328286,936222,0.54
12/16/2003,634957,315241,950198,0.5
12/17/2003,604679,294453,899132,0.49
12/18/2003,665543,341417,1006960,0.51
12/19/2003,791236,481898,1273134,0.61
12/22/2003,553240,337362,890602,0.61
12/23/2003,489783,282026,771809,0.58
12/24/2003,249030,123777,372807,0.5
12/26/2003,225065,84573,309638,0.38
12/29/2003,565058,213912,778970,0.38
12/30/2003,557304,204816,762120,0.37
12/31/2003,541039,511781,1052820,0.95
1/2/2004,545682,288114,833796,0.53
1/5/2004,869787,458669,1328456,0.53
1/6/2004,872664,347760,1220424,0.4
1/7/2004,802874,408677,1211551,0.51
1/8/2004,970355,500507,1470862,0.52
1/9/2004,942691,420871,1363562,0.45
1/12/2004,744167,457457,1201624,0.61
1/13/2004,883197,423555,1306752,0.48
1/14/2004,843879,442894,1286773,0.52
1/15/2004,1148119,525641,1673760,0.46
1/16/2004,1532818,537984,2070802,0.35
1/20/2004,994208,513167,1507375,0.52
1/21/2004,882847,415059,1297906,0.47
1/22/2004,783191,581852,1365043,0.74
1/23/2004,764989,456491,1221480,0.6
1/26/2004,628069,296878,924947,0.47
1/27/2004,653867,421537,1075404,0.64
1/28/2004,759350,503525,1262875,0.66
1/29/2004,836300,538960,1375260,0.64
1/30/2004,580051,409448,989499,0.71
2/2/2004,655778,401302,1057080,0.61
2/3/2004,655186,379015,1034201,0.58
2/4/2004,705234,448458,1153692,0.64
2/5/2004,654226,434512,1088738,0.66
2/6/2004,779861,360398,1140259,0.46
2/9/2004,587594,348886,936480,0.59
2/10/2004,608761,377773,986534,0.62
2/11/2004,732913,409807,1142720,0.56
2/12/2004,820594,354644,1175238,0.43
2/13/2004,632241,370129,1002370,0.59
2/17/2004,691467,561932,1253399,0.81
2/18/2004,718617,462347,1180964,0.64
2/19/2004,953805,560338,1514143,0.59
2/20/2004,1046201,689385,1735586,0.66
2/23/2004,782625,370123,1152748,0.47
2/24/2004,708377,462156,1170533,0.65
2/25/2004,621845,385431,1007276,0.62
2/26/2004,607116,316163,923279,0.52
2/27/2004,528027,313869,841896,0.59
3/1/2004,360769,199757,560526,0.55
3/2/2004,597318,305438,902756,0.51
3/3/2004,508197,304249,812446,0.6
3/4/2004,547185,326334,873519,0.6
3/5/2004,556020,338207,894227,0.61
3/8/2004,634998,417338,1052336,0.66
3/9/2004,637026,545759,1182785,0.86
3/10/2004,695671,504032,1199703,0.72
3/11/2004,675246,645835,1321081,0.96
3/12/2004,563698,463767,1027465,0.82
3/15/2004,520912,440227,961139,0.85
3/16/2004,543232,504419,1047651,0.93
3/17/2004,721088,482881,1203969,0.67
3/18/2004,607071,393536,1000607,0.65
3/19/2004,677758,599883,1277641,0.89
3/22/2004,659464,489962,1149426,0.74
3/23/2004,641833,366452,1008285,0.57
3/24/2004,543336,395211,938547,0.73
3/25/2004,816089,488795,1304884,0.6
3/26/2004,482828,300893,783721,0.62
3/29/2004,582658,275790,858448,0.47
3/30/2004,581353,267971,849324,0.46
3/31/2004,503749,553298,1057047,1.1
4/1/2004,676577,317796,994373,0.47
4/2/2004,994736,531671,1526407,0.53
4/5/2004,795684,389406,1185090,0.49
4/6/2004,728128,505325,1233453,0.69
4/7/2004,601191,323103,924294,0.54
4/8/2004,576071,338140,914211,0.59
4/12/2004,518155,296210,814365,0.57
4/13/2004,659012,510532,1169544,0.77
4/14/2004,627311,379075,1006386,0.6
4/15/2004,757064,506667,1263731,0.67
4/16/2004,1043624,637847,1681471,0.61
4/19/2004,670596,378865,1049461,0.56
4/20/2004,699494,482043,1181537,0.69
4/21/2004,641861,346031,987892,0.54
4/22/2004,800523,430109,1230632,0.54
4/23/2004,649924,409471,1059395,0.63
4/26/2004,545893,292805,838698,0.54
4/27/2004,772474,441571,1214045,0.57
4/28/2004,702768,453822,1156590,0.65
4/29/2004,664197,513577,1177774,0.77
4/30/2004,681410,649293,1330703,0.95
5/3/2004,503819,320393,824212,0.64
5/4/2004,583332,291348,874680,0.5
5/5/2004,438233,288426,726659,0.66
5/6/2004,398820,385067,783887,0.97
5/7/2004,529005,418012,947017,0.79
5/10/2004,640887,560050,1200937,0.87
5/11/2004,603030,556511,1159541,0.92
5/12/2004,592635,557502,1150137,0.94
5/13/2004,538985,417575,956560,0.77
5/14/2004,398858,326891,725749,0.82
5/17/2004,441661,425646,867307,0.96
5/18/2004,561884,423685,985569,0.75
5/19/2004,721918,405761,1127679,0.56
5/20/2004,432627,440072,872699,1.02
5/21/2004,661326,534158,1195484,0.81
5/24/2004,558321,347209,905530,0.62
5/25/2004,648742,448555,1097297,0.69
5/26/2004,519789,381312,901101,0.73
5/27/2004,512473,320999,833472,0.63
5/28/2004,325223,228402,553625,0.7
6/1/2004,422150,306293,728443,0.73
6/2/2004,462504,296992,759496,0.64
6/3/2004,407717,409788,817505,1.01
6/4/2004,424059,350459,774518,0.83
6/7/2004,522695,327387,850082,0.63
6/8/2004,457046,300707,757753,0.66
6/9/2004,449561,327720,777281,0.73
6/10/2004,364599,367379,731978,1.01
6/14/2004,363741,433002,796743,1.19
6/15/2004,534309,337034,871343,0.63
6/16/2004,493559,260257,753816,0.53
6/17/2004,604920,383811,988731,0.63
6/18/2004,907770,543536,1451306,0.6
6/21/2004,569441,360845,930286,0.63
6/22/2004,623543,431825,1055368,0.69
6/23/2004,620417,356186,976603,0.57
6/24/2004,698962,341775,1040737,0.49
6/25/2004,477164,272300,749464,0.57
6/28/2004,735475,374297,1109772,0.51
6/29/2004,500659,386514,887173,0.77
6/30/2004,546725,400925,947650,0.73
7/1/2004,576755,429000,1005755,0.74
7/2/2004,459413,325758,785171,0.71
7/6/2004,499103,499144,998247,1
7/7/2004,480035,434571,914606,0.91
7/8/2004,580709,477272,1057981,0.82
7/9/2004,468279,315317,783596,0.67
7/12/2004,405944,368269,774213,0.91
7/13/2004,515012,326622,841634,0.63
7/14/2004,700593,533493,1234086,0.76
7/15/2004,708886,436307,1145193,0.62
7/16/2004,812201,758206,1570407,0.93
7/19/2004,685743,398101,1083844,0.58
7/20/2004,673255,386264,1059519,0.57
7/21/2004,706709,422885,1129594,0.6
7/22/2004,639356,452128,1091484,0.71
7/23/2004,473413,297719,771132,0.63
7/26/2004,593357,422778,1016135,0.71
7/27/2004,570934,314997,885931,0.55
7/28/2004,635796,348299,984095,0.55
7/29/2004,547501,306108,853609,0.56
7/30/2004,464179,247812,711991,0.53
8/2/2004,392553,260392,652945,0.66
8/3/2004,396065,215231,611296,0.54
8/4/2004,403866,289736,693602,0.72
8/5/2004,462895,321930,784825,0.7
8/6/2004,535745,683184,1218929,1.28
8/9/2004,376267,326048,702315,0.87
8/10/2004,420364,375145,795509,0.89
8/11/2004,531373,365818,897191,0.69
8/12/2004,506274,495092,1001366,0.98
8/13/2004,418869,314266,733135,0.75
8/16/2004,465604,310574,776178,0.67
8/17/2004,537330,371034,908364,0.69
8/18/2004,571227,467918,1039145,0.82
8/19/2004,574296,421261,995557,0.73
8/20/2004,784646,566482,1351128,0.72
8/23/2004,537436,387781,925217,0.72
8/24/2004,475033,282587,757620,0.59
8/25/2004,495243,297051,792294,0.6
8/26/2004,441929,309162,751091,0.7
8/27/2004,362855,266495,629350,0.73
8/30/2004,358137,247203,605340,0.69
8/31/2004,376647,221352,597999,0.59
9/1/2004,336482,259033,595515,0.77
9/2/2004,404787,293349,698136,0.72
9/3/2004,331306,260532,591838,0.79
9/7/2004,418271,292067,710338,0.7
9/8/2004,437313,356345,793658,0.81
9/9/2004,483669,349029,832698,0.72
9/10/2004,573043,351284,924327,0.61
9/13/2004,684933,381638,1066571,0.56
9/14/2004,532990,355116,888106,0.67
9/15/2004,591782,377246,969028,0.64
9/16/2004,555654,340448,896102,0.61
9/17/2004,742190,487054,1229244,0.66
9/20/2004,652373,376265,1028638,0.58
9/21/2004,672724,483557,1156281,0.72
9/22/2004,500832,476806,977638,0.95
9/23/2004,438810,355896,794706,0.81
9/24/2004,380010,313474,693484,0.82
9/27/2004,429389,340689,770078,0.79
9/28/2004,520063,442490,962553,0.85
9/29/2004,644693,418040,1062733,0.65
9/30/2004,590577,433987,1024564,0.73
10/1/2004,705362,546099,1251461,0.77
10/4/2004,810433,539054,1349487,0.67
10/5/2004,740807,497794,1238601,0.67
10/6/2004,710852,468690,1179542,0.66
10/7/2004,624556,467848,1092404,0.75
10/8/2004,554096,456695,1010791,0.82
10/11/2004,437998,273185,711183,0.62
10/12/2004,569940,512918,1082858,0.9
10/13/2004,679170,542788,1221958,0.8
10/14/2004,667745,568304,1236049,0.85
10/15/2004,905837,691086,1596923,0.76
10/18/2004,653693,461948,1115641,0.71
10/19/2004,728489,633400,1361889,0.87
10/20/2004,636731,528293,1165024,0.83
10/21/2004,684642,519872,1204514,0.76
10/22/2004,549506,365979,915485,0.67
10/25/2004,526243,346298,872541,0.66
10/26/2004,705920,406927,1112847,0.58
10/27/2004,829704,486861,1316565,0.59
10/28/2004,654090,359641,1013731,0.55
10/29/2004,629879,378292,1008171,0.6
11/1/2004,489208,373860,863068,0.76
11/2/2004,723572,398622,1122194,0.55
11/3/2004,736263,499280,1235543,0.68
11/4/2004,735009,469860,1204869,0.64
11/5/2004,879460,444502,1323962,0.51
11/8/2004,707902,347942,1055844,0.49
11/9/2004,756787,401731,1158518,0.53
11/10/2004,722697,408807,1131504,0.57
11/11/2004,737734,414254,1151988,0.56
11/12/2004,869039,553135,1422174,0.64
11/15/2004,1023501,411086,1434587,0.4
11/16/2004,801638,474116,1275754,0.59
11/17/2004,1066235,544057,1610292,0.51
11/18/2004,911558,454881,1366439,0.5
11/19/2004,1161274,603669,1764943,0.52
11/22/2004,736999,393185,1130184,0.53
11/23/2004,731115,484224,1215339,0.66
11/24/2004,614365,299248,913613,0.49
11/26/2004,282314,163473,445787,0.58
11/29/2004,684379,363900,1048279,0.53
11/30/2004,480231,331968,812199,0.69
12/1/2004,801932,426488,1228420,0.53
12/2/2004,882049,611484,1493533,0.69
12/3/2004,726468,394888,1121356,0.54
12/6/2004,625907,374614,1000521,0.6
12/7/2004,758292,446314,1204606,0.59
12/8/2004,599048,398403,997451,0.67
12/9/2004,641624,489330,1130954,0.76
12/10/2004,611554,288555,900109,0.47
12/13/2004,552335,259531,811866,0.47
12/14/2004,702696,425477,1128173,0.61
12/15/2004,862039,360956,1222995,0.42
12/16/2004,934116,410355,1344471,0.44
12/17/2004,1002656,536541,1539197,0.54
12/20/2004,308472,189814,498286,0.62
12/21/2004,641805,329956,971761,0.51
12/22/2004,520858,337623,858481,0.65
12/23/2004,375124,212569,587693,0.57
12/27/2004,355513,237059,592572,0.67
12/28/2004,472655,227347,700002,0.48
12/29/2004,526021,310633,836654,0.59
12/30/2004,373995,223765,597760,0.6
12/31/2004,358909,162294,521203,0.45
1/3/2005,659825,379929,1039754,0.58
1/4/2005,823299,494997,1318296,0.6
1/5/2005,673198,491213,1164411,0.73
1/6/2005,650675,436787,1087462,0.67
1/7/2005,665551,517598,1183149,0.78
1/10/2005,598111,388796,986907,0.65
1/11/2005,710453,464212,1174665,0.65
1/12/2005,601109,401114,1002223,0.67
1/13/2005,711982,484745,1196727,0.68
1/14/2005,648600,378385,1026985,0.58
1/18/2005,748462,503077,1251539,0.67
1/19/2005,772118,578582,1350700,0.75
1/20/2005,850881,649157,1500038,0.76
1/21/2005,1173847,751545,1925392,0.64
1/24/2005,893746,570729,1464475,0.64
1/25/2005,734396,466131,1200527,0.63
1/26/2005,729240,417934,1147174,0.57
1/27/2005,624288,332165,956453,0.53
1/28/2005,640730,389257,1029987,0.61
1/31/2005,613507,341316,954823,0.56
2/1/2005,641260,331690,972950,0.52
2/2/2005,672941,335387,1008328,0.5
2/3/2005,589756,375712,965468,0.64
2/4/2005,749407,364407,1113814,0.49
2/7/2005,599882,271554,871436,0.45
2/8/2005,617796,353443,971239,0.57
2/9/2005,655340,459441,1114781,0.7
2/10/2005,596899,445552,1042451,0.75
2/11/2005,642824,424200,1067024,0.66
2/14/2005,538375,358232,896607,0.67
2/15/2005,697098,379812,1076910,0.54
2/16/2005,653283,336169,989452,0.51
2/17/2005,731649,451598,1183247,0.62
2/18/2005,953472,566068,1519540,0.59
2/22/2005,768716,404014,1172730,0.53
2/23/2005,615620,341717,957337,0.56
2/24/2005,702203,545456,1247659,0.78
2/25/2005,730242,461371,1191613,0.63
2/28/2005,691864,377079,1068943,0.55
3/1/2005,637463,430391,1067854,0.68
3/2/2005,677219,420572,1097791,0.62
3/3/2005,630262,417267,1047529,0.66
3/4/2005,679113,412901,1092014,0.61
3/7/2005,681352,385600,1066952,0.57
3/8/2005,596441,405869,1002310,0.68
3/9/2005,702190,492543,1194733,0.7
3/10/2005,641241,425365,1066606,0.66
3/11/2005,547342,340055,887397,0.62
3/14/2005,573341,381248,954589,0.66
3/15/2005,692111,392209,1084320,0.57
3/16/2005,736013,614202,1350215,0.83
3/17/2005,763771,525509,1289280,0.69
3/18/2005,860858,621100,1481958,0.72
3/21/2005,731526,455540,1187066,0.62
3/22/2005,675731,551035,1226766,0.82
3/23/2005,743807,384860,1128667,0.52
3/24/2005,707146,353431,1060577,0.5
3/28/2005,635349,323334,958683,0.51
3/29/2005,596786,408174,1004960,0.68
3/30/2005,588495,335703,924198,0.57
3/31/2005,617382,359396,976778,0.58
4/1/2005,596260,484520,1080780,0.81
4/4/2005,611025,422503,1033528,0.69
4/5/2005,599281,358050,957331,0.6
4/6/2005,612572,496312,1108884,0.81
4/7/2005,668755,361445,1030200,0.54
4/8/2005,565535,311177,876712,0.55
4/11/2005,552918,390898,943816,0.71
4/12/2005,684342,464286,1148628,0.68
4/13/2005,927550,674501,1602051,0.73
4/14/2005,949034,662345,1611379,0.7
4/15/2005,1090429,1095025,2185454,1
4/18/2005,848862,585156,1434018,0.69
4/19/2005,748795,441930,1190725,0.59
4/20/2005,743160,464946,1208106,0.63
4/21/2005,749890,436056,1185946,0.58
4/22/2005,621917,415520,1037437,0.67
4/25/2005,508636,328816,837452,0.65
4/26/2005,553686,391377,945063,0.71
4/27/2005,560549,430517,991066,0.77
4/28/2005,520202,396538,916740,0.76
4/29/2005,571583,421619,993202,0.74
5/2/2005,468299,315901,784200,0.67
5/3/2005,561365,345275,906640,0.62
5/4/2005,680649,573611,1254260,0.84
5/5/2005,552010,410429,962439,0.74
5/6/2005,459759,368858,828617,0.8
5/9/2005,472943,298648,771591,0.63
5/10/2005,629666,336792,966458,0.53
5/11/2005,537582,377032,914614,0.7
5/12/2005,564303,416152,980455,0.74
5/13/2005,629101,454105,1083206,0.72
5/16/2005,663109,362661,1025770,0.55
5/17/2005,611021,422280,1033301,0.69
5/18/2005,867498,451267,1318765,0.52
5/19/2005,724323,381008,1105331,0.53
5/20/2005,961822,441716,1403538,0.46
5/23/2005,729332,371719,1101051,0.51
5/24/2005,568897,318295,887192,0.56
5/25/2005,567764,387355,955119,0.68
5/26/2005,611297,287883,899180,0.47
5/27/2005,396841,227635,624476,0.57
5/31/2005,495953,354906,850859,0.72
6/1/2005,757708,426714,1184422,0.56
6/2/2005,530775,329231,860006,0.62
6/3/2005,535325,327222,862547,0.61
6/6/2005,486352,247606,733958,0.51
6/7/2005,630871,350996,981867,0.56
6/8/2005,578027,371287,949314,0.64
6/9/2005,597039,288848,885887,0.48
6/10/2005,681013,323436,1004449,0.47
6/13/2005,553331,336631,889962,0.61
6/14/2005,619778,345446,965224,0.56
6/15/2005,747538,420740,1168278,0.56
6/16/2005,787777,573484,1361261,0.73
6/17/2005,958796,511279,1470075,0.53
6/20/2005,655538,379451,1034989,0.58
6/21/2005,597482,363871,961353,0.61
6/22/2005,592603,309032,901635,0.52
6/23/2005,821689,387284,1208973,0.47
6/24/2005,512042,294419,806461,0.57
6/27/2005,524921,332144,857065,0.63
6/28/2005,529524,307966,837490,0.58
6/29/2005,548308,332022,880330,0.61
6/30/2005,593486,303667,897153,0.51
7/1/2005,395833,219261,615094,0.55
7/5/2005,557993,273561,831554,0.49
7/6/2005,546053,285517,831570,0.52
7/7/2005,593389,344815,938204,0.58
7/8/2005,722756,306563,1029319,0.42
7/11/2005,759728,377410,1137138,0.5
7/12/2005,771256,358279,1129535,0.46
7/13/2005,739592,408920,1148512,0.55
7/14/2005,1080451,469825,1550276,0.43
7/15/2005,986364,532999,1519363,0.54
7/18/2005,683489,378446,1061935,0.55
7/19/2005,742724,402559,1145283,0.54
7/20/2005,813078,414018,1227096,0.51
7/21/2005,832595,446913,1279508,0.54
7/22/2005,645307,362269,1007576,0.56
7/25/2005,633333,379218,1012551,0.6
7/26/2005,696465,410391,1106856,0.59
7/27/2005,678512,398339,1076851,0.59
7/28/2005,734103,411426,1145529,0.56
7/29/2005,622390,407743,1030133,0.66
8/1/2005,548154,332961,881115,0.61
8/2/2005,747595,521271,1268866,0.7
8/3/2005,709251,394813,1104064,0.56
8/4/2005,634138,405177,1039315,0.64
8/5/2005,636212,350676,986888,0.55
8/8/2005,646685,384837,1031522,0.6
8/9/2005,647931,410541,1058472,0.63
8/10/2005,734390,441440,1175830,0.6
8/11/2005,584797,345176,929973,0.59
8/12/2005,632943,395717,1028660,0.63
8/15/2005,670568,380863,1051431,0.57
8/16/2005,708570,485219,1193789,0.68
8/17/2005,784242,419900,1204142,0.54
8/18/2005,689591,428465,1118056,0.62
8/19/2005,781185,449642,1230827,0.58
8/22/2005,666747,382096,1048843,0.57
8/23/2005,578556,351100,929656,0.61
8/24/2005,586929,418565,1005494,0.71
8/25/2005,528412,298056,826468,0.56
8/26/2005,448785,365162,813947,0.81
8/29/2005,537298,296998,834296,0.55
8/30/2005,589726,374885,964611,0.64
8/31/2005,811626,459809,1271435,0.57
9/1/2005,745328,431760,1177088,0.58
9/2/2005,509861,312217,822078,0.61
9/6/2005,638870,432788,1071658,0.68
9/7/2005,627319,345314,972633,0.55
9/8/2005,714238,440160,1154398,0.62
9/9/2005,757568,386716,1144284,0.51
9/12/2005,743961,439732,1183693,0.59
9/13/2005,708456,470249,1178705,0.66
9/14/2005,803434,538952,1342386,0.67
9/15/2005,810714,517083,1327797,0.64
9/16/2005,1098208,573530,1671738,0.52
9/19/2005,858001,432738,1290739,0.5
9/20/2005,710333,481800,1192133,0.68
9/21/2005,832116,591923,1424039,0.71
9/22/2005,826934,469880,1296814,0.57
9/23/2005,647953,408078,1056031,0.63
9/26/2005,673247,380376,1053623,0.56
9/27/2005,603639,362267,965906,0.6
9/28/2005,713243,392052,1105295,0.55
9/29/2005,701237,392125,1093362,0.56
9/30/2005,687327,366854,1054181,0.53
10/3/2005,677321,434706,1112027,0.64
10/4/2005,796442,491296,1287738,0.62
10/5/2005,842911,585846,1428757,0.7
10/6/2005,869693,531452,1401145,0.61
10/7/2005,651506,396685,1048191,0.61
10/10/2005,608321,484431,1092752,0.8
10/11/2005,756399,482911,1239310,0.64
10/12/2005,886923,676571,1563494,0.76
10/13/2005,919301,819150,1738451,0.89
10/14/2005,636525,446915,1083440,0.7
10/17/2005,802967,515197,1318164,0.64
10/18/2005,767619,513873,1281492,0.67
10/19/2005,918615,705044,1623659,0.77
10/20/2005,984980,740998,1725978,0.75
10/21/2005,1120360,743390,1863750,0.66
10/24/2005,881291,442640,1323931,0.5
10/25/2005,801982,470425,1272407,0.59
10/26/2005,848287,518103,1366390,0.61
10/27/2005,794986,525897,1320883,0.66
10/28/2005,671365,453398,1124763,0.68
10/31/2005,760125,392108,1152233,0.52
11/1/2005,642605,461297,1103902,0.72
11/2/2005,992937,484898,1477835,0.49
11/3/2005,1023388,515558,1538946,0.5
11/4/2005,719235,366669,1085904,0.51
11/7/2005,652362,451590,1103952,0.69
11/8/2005,591658,376923,968581,0.64
11/9/2005,680742,399151,1079893,0.59
11/10/2005,834123,518509,1352632,0.62
11/11/2005,673176,327233,1000409,0.49
11/14/2005,730642,431004,1161646,0.59
11/15/2005,758301,564755,1323056,0.74
11/16/2005,821424,473081,1294505,0.58
11/17/2005,993075,600411,1593486,0.6
11/18/2005,1171163,536615,1707778,0.46
11/21/2005,819826,471894,1291720,0.58
11/22/2005,805404,395200,1200604,0.49
11/23/2005,772291,425952,1198243,0.55
11/25/2005,296467,180493,476960,0.61
11/28/2005,628246,375502,1003748,0.6
11/29/2005,667699,412915,1080614,0.62
11/30/2005,594610,350590,945200,0.59
12/1/2005,862936,472083,1335019,0.55
12/2/2005,769511,443058,1212569,0.58
12/5/2005,685572,417256,1102828,0.61
12/6/2005,800950,509606,1310556,0.64
12/7/2005,718334,416596,1134930,0.58
12/8/2005,722044,462701,1184745,0.64
12/9/2005,615871,357480,973351,0.58
12/12/2005,822289,521916,1344205,0.63
12/13/2005,1046986,548907,1595893,0.52
12/14/2005,971112,555550,1526662,0.57
12/15/2005,1157813,481038,1638851,0.42
12/16/2005,1153668,619101,1772769,0.54
12/19/2005,943659,519297,1462956,0.55
12/20/2005,603450,466073,1069523,0.77
12/21/2005,629721,441650,1071371,0.7
12/22/2005,635862,358639,994501,0.56
12/23/2005,457805,235090,692895,0.51
12/27/2005,603195,460064,1063259,0.76
12/28/2005,500968,278816,779784,0.56
12/29/2005,472984,288412,761396,0.61
12/30/2005,523253,263018,786271,0.5
1/3/2006,903009,489307,1392316,0.54
1/4/2006,848053,415967,1264020,0.49
1/5/2006,966279,435030,1401309,0.45
1/6/2006,1010308,588767,1599075,0.58
1/9/2006,1185024,551898,1736922,0.47
1/10/2006,1144851,630147,1774998,0.55
1/11/2006,1202151,632553,1834704,0.53
1/12/2006,1063956,579857,1643813,0.55
1/13/2006,909364,532461,1441825,0.59
1/17/2006,1065076,549965,1615041,0.52
1/18/2006,1017485,670116,1687601,0.66
1/19/2006,1424183,759403,2183586,0.53
1/20/2006,1756248,1214784,2971032,0.69
1/23/2006,1178701,688225,1866926,0.58
1/24/2006,1727564,647788,2375352,0.37
1/25/2006,1184212,729196,1913408,0.62
1/26/2006,1192483,655014,1847497,0.55
1/27/2006,1197856,709220,1907076,0.59
1/30/2006,1167555,543061,1710616,0.47
1/31/2006,956542,488462,1445004,0.51
2/1/2006,999262,599366,1598628,0.6
2/2/2006,990528,674859,1665387,0.68
2/3/2006,855502,596730,1452232,0.7
2/6/2006,803590,563099,1366689,0.7
2/7/2006,893530,595085,1488615,0.67
2/8/2006,910650,550209,1460859,0.6
2/9/2006,1032035,519302,1551337,0.5
2/10/2006,924159,530722,1454881,0.57
2/13/2006,787030,527996,1315026,0.67
2/14/2006,1033350,673208,1706558,0.65
2/15/2006,1104556,636759,1741315,0.58
2/16/2006,1148381,665033,1813414,0.58
2/17/2006,1242529,638193,1880722,0.51
2/21/2006,996852,533143,1529995,0.53
2/22/2006,943063,483849,1426912,0.51
2/23/2006,789251,438429,1227680,0.56
2/24/2006,758366,485230,1243596,0.64
2/27/2006,831872,477401,1309273,0.57
2/28/2006,965080,551544,1516624,0.57
3/1/2006,921386,538091,1459477,0.58
3/2/2006,981968,625927,1607895,0.64
3/3/2006,835893,554329,1390222,0.66
3/6/2006,916219,614299,1530518,0.67
3/7/2006,867278,641654,1508932,0.74
3/8/2006,1017656,640353,1658009,0.63
3/9/2006,868965,644907,1513872,0.74
3/10/2006,925234,490975,1416209,0.53
3/13/2006,762108,500887,1262995,0.66
3/14/2006,1028121,570100,1598221,0.55
3/15/2006,1140013,695682,1835695,0.61
3/16/2006,1076042,608157,1684199,0.57
3/17/2006,1165322,712418,1877740,0.61
3/20/2006,1096853,586479,1683332,0.53
3/21/2006,957135,603395,1560530,0.63
3/22/2006,832450,524869,1357319,0.63
3/23/2006,744746,562737,1307483,0.76
3/24/2006,789922,497255,1287177,0.63
3/27/2006,715592,417456,1133048,0.58
3/28/2006,837644,531952,1369596,0.64
3/29/2006,770439,493143,1263582,0.64
3/30/2006,901713,424961,1326674,0.47
3/31/2006,784143,474677,1258820,0.61
4/3/2006,883660,400849,1284509,0.45
4/4/2006,910926,491069,1401995,0.54
4/5/2006,942451,605757,1548208,0.64
4/6/2006,1079334,636594,1715928,0.59
4/7/2006,901866,519168,1421034,0.58
4/10/2006,782837,505843,1288680,0.65
4/11/2006,925684,610799,1536483,0.66
4/12/2006,800006,464364,1264370,0.58
4/13/2006,677896,408429,1086325,0.6
4/17/2006,1000696,558582,1559278,0.56
4/18/2006,1480617,755985,2236602,0.51
4/19/2006,1574316,722064,2296380,0.46
4/20/2006,1630439,884307,2514746,0.54
4/21/2006,1706400,1027005,2733405,0.6
4/24/2006,1124173,635777,1759950,0.57
4/25/2006,1087821,637862,1725683,0.59
4/26/2006,1078294,850427,1928721,0.79
4/27/2006,1283623,711373,1994996,0.55
4/28/2006,1037965,639744,1677709,0.62
5/1/2006,924809,519962,1444771,0.56
5/2/2006,986887,613928,1600815,0.62
5/3/2006,999862,635432,1635294,0.64
5/4/2006,1158502,591427,1749929,0.51
5/5/2006,1083842,520046,1603888,0.48
5/8/2006,962868,602256,1565124,0.63
5/9/2006,973164,642233,1615397,0.66
5/10/2006,1032724,637614,1670338,0.62
5/11/2006,1165656,747878,1913534,0.64
5/12/2006,1107430,798329,1905759,0.72
5/15/2006,1135331,735266,1870597,0.65
5/16/2006,1134248,712408,1846656,0.63
5/17/2006,1158768,922749,2081517,0.8
5/18/2006,1091898,817448,1909346,0.75
5/19/2006,1422747,1061118,2483865,0.75
5/22/2006,1252283,796381,2048664,0.64
5/23/2006,1040409,640651,1681060,0.62
5/24/2006,1093287,766482,1859769,0.7
5/25/2006,1114375,571749,1686124,0.51
5/26/2006,808353,378139,1186492,0.47
5/30/2006,759125,508441,1267566,0.67
5/31/2006,869293,538002,1407295,0.62
6/1/2006,798475,607811,1406286,0.76
6/2/2006,776644,675871,1452515,0.87
6/5/2006,825780,524851,1350631,0.64
6/6/2006,1015395,751336,1766731,0.74
6/7/2006,938168,589591,1527759,0.63
6/8/2006,1094396,864040,1958436,0.79
6/9/2006,795370,504705,1300075,0.63
6/12/2006,984341,554808,1539149,0.56
6/13/2006,1110659,860904,1971563,0.78
6/14/2006,852711,650223,1502934,0.76
6/15/2006,1172580,630729,1803309,0.54
6/16/2006,918677,624811,1543488,0.68
6/19/2006,886133,521838,1407971,0.59
6/20/2006,663639,493672,1157311,0.74
6/21/2006,805712,443453,1249165,0.55
6/22/2006,602843,389682,992525,0.65
6/23/2006,656897,420864,1077761,0.64
6/26/2006,577668,329137,906805,0.57
6/27/2006,813871,534260,1348131,0.66
6/28/2006,622034,412376,1034410,0.66
6/29/2006,1004469,460065,1464534,0.46
6/30/2006,713788,372160,1085948,0.52
7/3/2006,387172,234949,622121,0.61
7/5/2006,606685,429073,1035758,0.71
7/6/2006,739097,466975,1206072,0.63
7/7/2006,771564,445421,1216985,0.58
7/10/2006,769370,464132,1233502,0.6
7/11/2006,808082,658786,1466868,0.82
7/12/2006,686400,579730,1266130,0.84
7/13/2006,787023,612674,1399697,0.78
7/14/2006,863158,674483,1537641,0.78
7/17/2006,834175,555952,1390127,0.67
7/18/2006,943823,733243,1677066,0.78
7/19/2006,1156396,780161,1936557,0.67
7/20/2006,1209885,760294,1970179,0.63
7/21/2006,1276132,1045600,2321732,0.82
7/24/2006,1116566,586986,1703552,0.53
7/25/2006,1007108,575978,1583086,0.57
7/26/2006,1041604,634307,1675911,0.61
7/27/2006,997705,617452,1615157,0.62
7/28/2006,848286,491889,1340175,0.58
7/31/2006,746832,475644,1222476,0.64
8/1/2006,744649,592807,1337456,0.8
8/2/2006,962516,500136,1462652,0.52
8/3/2006,846732,559039,1405771,0.66
8/4/2006,738036,515338,1253374,0.7
8/7/2006,662245,511325,1173570,0.77
8/8/2006,742700,676878,1419578,0.91
8/9/2006,975962,692359,1668321,0.71
8/10/2006,762105,569069,1331174,0.75
8/11/2006,681566,475103,1156669,0.7
8/14/2006,811803,542293,1354096,0.67
8/15/2006,916554,648988,1565542,0.71
8/16/2006,1172617,609363,1781980,0.52
8/17/2006,1257102,752396,2009498,0.6
8/18/2006,1149606,649534,1799140,0.57
8/21/2006,711205,542493,1253698,0.76
8/22/2006,731698,489449,1221147,0.67
8/23/2006,637083,505897,1142980,0.79
8/24/2006,670484,431724,1102208,0.64
8/25/2006,606988,352539,959527,0.58
8/28/2006,616619,399970,1016589,0.65
8/29/2006,699648,510886,1210534,0.73
8/30/2006,738104,478803,1216907,0.65
8/31/2006,606733,453433,1060166,0.75
9/1/2006,619296,417615,1036911,0.67
9/5/2006,783341,514377,1297718,0.66
9/6/2006,757226,597584,1354810,0.79
9/7/2006,961162,562044,1523206,0.58
9/8/2006,704716,512641,1217357,0.73
9/11/2006,954060,666785,1620845,0.7
9/12/2006,1141581,801888,1943469,0.7
9/13/2006,1080409,572720,1653129,0.53
9/14/2006,930994,734469,1665463,0.79
9/15/2006,1292023,723043,2015066,0.56
9/18/2006,1037160,622167,1659327,0.6
9/19/2006,906597,736819,1643416,0.81
9/20/2006,1057282,614473,1671755,0.58
9/21/2006,876234,650638,1526872,0.74
9/22/2006,731865,480566,1212431,0.66
9/25/2006,1025509,668399,1693908,0.65
9/26/2006,940083,687702,1627785,0.73
9/27/2006,1044310,624410,1668720,0.6
9/28/2006,894494,629576,1524070,0.7
9/29/2006,718915,443354,1162269,0.62
10/2/2006,657698,452207,1109905,0.69
10/3/2006,874696,857728,1732424,0.98
10/4/2006,1097990,680860,1778850,0.62
10/5/2006,1067765,670220,1737985,0.63
10/6/2006,884097,581916,1466013,0.66
10/9/2006,823937,550171,1374108,0.67
10/10/2006,1049333,689372,1738705,0.66
10/11/2006,1013857,598370,1612227,0.59
10/12/2006,1077569,581408,1658977,0.54
10/13/2006,1083162,609063,1692225,0.56
10/16/2006,1168739,598963,1767702,0.51
10/17/2006,1140259,708300,1848559,0.62
10/18/2006,1160537,754132,1914669,0.65
10/19/2006,1359208,844458,2203666,0.62
10/20/2006,1617598,975804,2593402,0.6
10/23/2006,1202780,692722,1895502,0.58
10/24/2006,1113462,799047,1912509,0.72
10/25/2006,1322324,795144,2117468,0.6
10/26/2006,1192575,655157,1847732,0.55
10/27/2006,1013785,612875,1626660,0.6
10/30/2006,932086,564457,1496543,0.61
10/31/2006,992641,629254,1621895,0.63
11/1/2006,984519,639931,1624450,0.65
11/2/2006,1046306,646612,1692918,0.62
11/3/2006,959574,635225,1594799,0.66
11/6/2006,961154,525539,1486693,0.55
11/7/2006,1072570,607591,1680161,0.57
11/8/2006,1149751,781288,1931039,0.68
11/9/2006,1249816,771858,2021674,0.62
11/10/2006,650636,471975,1122611,0.73
11/13/2006,1050312,614541,1664853,0.59
11/14/2006,1154000,668501,1822501,0.58
11/15/2006,1314523,702610,2017133,0.53
11/16/2006,1456063,790509,2246572,0.54
11/17/2006,1732528,815859,2548387,0.47
11/20/2006,1161907,625622,1787529,0.54
11/21/2006,1160540,723468,1884008,0.62
11/22/2006,1015431,647123,1662554,0.64
11/24/2006,424135,223588,647723,0.53
11/27/2006,1104152,760394,1864546,0.69
11/28/2006,964970,650189,1615159,0.67
11/29/2006,1131512,589137,1720649,0.52
11/30/2006,1114686,634769,1749455,0.57
12/1/2006,1006998,604484,1611482,0.6
12/4/2006,1066890,694915,1761805,0.65
12/5/2006,1090614,617836,1708450,0.57
12/6/2006,1124389,624945,1749334,0.56
12/7/2006,1115907,742206,1858113,0.67
12/8/2006,1011135,566789,1577924,0.56
12/11/2006,1084612,624991,1709603,0.58
12/12/2006,1070746,772856,1843602,0.72
12/13/2006,1087137,643154,1730291,0.59
12/14/2006,1265310,579327,1844637,0.46
12/15/2006,1516461,783651,2300112,0.52
12/18/2006,1297690,818557,2116247,0.63
12/19/2006,1000146,661036,1661182,0.66
12/20/2006,898210,500600,1398810,0.56
12/21/2006,1127709,509753,1637462,0.45
12/22/2006,570463,377379,947842,0.66
12/26/2006,588796,363136,951932,0.62
12/27/2006,612704,375053,987757,0.61
12/28/2006,571670,397110,968780,0.69
12/29/2006,766008,397328,1163336,0.52
1/3/2007,1244295,707753,1952048,0.57
1/4/2007,1172361,612053,1784414,0.52
1/5/2007,1166872,691927,1858799,0.59
1/8/2007,989727,709433,1699160,0.72
1/9/2007,1198996,792851,1991847,0.66
1/10/2007,1315411,770673,2086084,0.59
1/11/2007,1386101,761222,2147323,0.55
1/12/2007,1123989,624689,1748678,0.56
1/16/2007,1266760,727444,1994204,0.57
1/17/2007,1255169,678969,1934138,0.54
1/18/2007,1364753,824341,2189094,0.6
1/19/2007,1610636,902116,2512752,0.56
1/22/2007,1099922,681309,1781231,0.62
1/23/2007,1243802,804538,2048340,0.65
1/24/2007,1189677,689067,1878744,0.58
1/25/2007,1094049,774101,1868150,0.71
1/26/2007,926540,582998,1509538,0.63
1/29/2007,953721,577740,1531461,0.61
1/30/2007,932577,618690,1551267,0.66
1/31/2007,1190142,679740,1869882,0.57
2/1/2007,1070539,618895,1689434,0.58
2/2/2007,856905,597381,1454286,0.7
2/5/2007,946494,550271,1496765,0.58
2/6/2007,1032405,567750,1600155,0.55
2/7/2007,945287,634557,1579844,0.67
2/8/2007,1101047,626279,1727326,0.57
2/9/2007,1138184,775272,1913456,0.68
2/12/2007,906908,698522,1605430,0.77
2/13/2007,1029777,769410,1799187,0.75
2/14/2007,1162491,779037,1941528,0.67
2/15/2007,1247517,666649,1914166,0.53
2/16/2007,1357916,745725,2103641,0.55
2/20/2007,1043080,662999,1706079,0.64
2/21/2007,982376,699880,1682256,0.71
2/22/2007,1088206,716031,1804237,0.66
2/23/2007,931678,689593,1621271,0.74
2/26/2007,1058564,778248,1836812,0.74
2/27/2007,1461671,1281998,2743669,0.88
2/28/2007,1233680,902275,2135955,0.73
3/1/2007,1219324,978541,2197865,0.8
3/2/2007,1030813,824730,1855543,0.8
3/5/2007,1060683,991219,2051902,0.93
3/6/2007,1036251,790312,1826563,0.76
3/7/2007,953202,671790,1624992,0.7
3/8/2007,955436,731580,1687016,0.77
3/9/2007,842120,691223,1533343,0.82
3/12/2007,1059579,794788,1854367,0.75
3/13/2007,1206655,1179048,2385703,0.98
3/14/2007,1227043,1062781,2289824,0.87
3/15/2007,1099257,861323,1960580,0.78
3/16/2007,1199494,990484,2189978,0.83
3/19/2007,1239273,761155,2000428,0.61
3/20/2007,1143083,818489,1961572,0.72
3/21/2007,1206835,800659,2007494,0.66
3/22/2007,1026852,630824,1657676,0.61
3/23/2007,906916,584468,1491384,0.64
3/26/2007,833787,574391,1408178,0.69
3/27/2007,923428,565618,1489046,0.61
3/28/2007,970200,852752,1822952,0.88
3/29/2007,870799,666587,1537386,0.77
3/30/2007,941531,623357,1564888,0.66
4/2/2007,917864,570346,1488210,0.62
4/3/2007,1010470,665984,1676454,0.66
4/4/2007,885319,636943,1522262,0.72
4/5/2007,1162621,621854,1784475,0.53
4/9/2007,1042149,618885,1661034,0.59
4/10/2007,960814,637171,1597985,0.66
4/11/2007,1028026,701941,1729967,0.68
4/12/2007,1041488,722338,1763826,0.69
4/13/2007,1038226,677449,1715675,0.65
4/16/2007,1485715,773352,2259067,0.52
4/17/2007,1297171,870953,2168124,0.67
4/18/2007,1454906,773803,2228709,0.53
4/19/2007,1455133,904736,2359869,0.62
4/20/2007,1779049,882856,2661905,0.5
4/23/2007,1346604,774633,2121237,0.58
4/24/2007,1206174,870620,2076794,0.72
4/25/2007,1470613,883478,2354091,0.6
4/26/2007,1564008,931774,2495782,0.6
4/27/2007,1276700,727981,2004681,0.57
4/30/2007,1183528,726540,1910068,0.61
5/1/2007,1118179,828286,1946465,0.74
5/2/2007,1227140,692321,1919461,0.56
5/3/2007,1212034,794524,2006558,0.66
5/4/2007,1495795,803127,2298922,0.54
5/7/2007,1453721,658686,2112407,0.45
5/8/2007,1229060,734662,1963722,0.6
5/9/2007,1413059,754775,2167834,0.53
5/10/2007,1193708,837400,2031108,0.7
5/11/2007,1078976,674594,1753570,0.63
5/14/2007,1331689,669145,2000834,0.5
5/15/2007,1296680,834781,2131461,0.64
5/16/2007,1165762,815500,1981262,0.7
5/17/2007,1312426,651029,1963455,0.5
5/18/2007,1621776,835708,2457484,0.52
5/21/2007,1465136,810908,2276044,0.55
5/22/2007,1369027,820726,2189753,0.6
5/23/2007,1162245,787385,1949630,0.68
5/24/2007,1150203,768620,1918823,0.67
5/25/2007,850949,474631,1325580,0.56
5/29/2007,865198,497555,1362753,0.58
5/30/2007,1050935,700051,1750986,0.67
5/31/2007,1300697,656874,1957571,0.51
6/1/2007,1101457,553083,1654540,0.5
6/4/2007,1062595,557833,1620428,0.52
6/5/2007,1160147,748645,1908792,0.65
6/6/2007,1146004,714585,1860589,0.62
6/7/2007,1352199,980144,2332343,0.72
6/8/2007,1088763,649997,1738760,0.6
6/11/2007,1056333,745728,1802061,0.71
6/12/2007,1273564,843831,2117395,0.66
6/13/2007,1142274,658754,1801028,0.58
6/14/2007,1308798,698498,2007296,0.53
6/15/2007,1602194,760751,2362945,0.47
6/18/2007,1108498,635077,1743575,0.57
6/19/2007,1094398,727995,1822393,0.67
6/20/2007,1088820,671942,1760762,0.62
6/21/2007,1034720,629385,1664105,0.61
6/22/2007,930157,580641,1510798,0.62
6/25/2007,824036,616132,1440168,0.75
6/26/2007,943172,657474,1600646,0.7
6/27/2007,997853,650940,1648793,0.65
6/28/2007,988531,566776,1555307,0.57
6/29/2007,937093,604962,1542055,0.65
7/2/2007,939051,498968,1438019,0.53
7/3/2007,689598,394324,1083922,0.57
7/5/2007,1018945,565666,1584611,0.56
7/6/2007,930432,490049,1420481,0.53
7/9/2007,1108894,571447,1680341,0.52
7/10/2007,1210239,714042,1924281,0.59
7/11/2007,1211096,693818,1904914,0.57
7/12/2007,1657502,797309,2454811,0.48
7/13/2007,1436724,716956,2153680,0.5
7/16/2007,1386963,736863,2123826,0.53
7/17/2007,1445867,876804,2322671,0.61
7/18/2007,1475680,1096777,2572457,0.74
7/19/2007,1727324,928258,2655582,0.54
7/20/2007,1880447,1295466,3175913,0.69
7/23/2007,1477248,797025,2274273,0.54
7/24/2007,1461338,1154269,2615607,0.79
7/25/2007,1507277,965019,2472296,0.64
7/26/2007,1658010,1402070,3060080,0.85
7/27/2007,1367957,1056671,2424628,0.77
7/30/2007,1301999,925939,2227938,0.71
7/31/2007,1425843,1024586,2450429,0.72
8/1/2007,1385248,1214721,2599969,0.88
8/2/2007,1328895,1035572,2364467,0.78
8/3/2007,1329548,1045590,2375138,0.79
8/6/2007,1406581,1184528,2591109,0.84
8/7/2007,1388277,957071,2345348,0.69
8/8/2007,1743008,1060591,2803599,0.61
8/9/2007,1543217,997086,2540303,0.65
8/10/2007,1718825,999389,2718214,0.58
8/13/2007,1137407,773251,1910658,0.68
8/14/2007,992168,1071419,2063587,1.08
8/15/2007,1180704,1237743,2418447,1.05
8/16/2007,1738356,1767538,3505894,1.02
8/17/2007,1737034,1295071,3032105,0.75
8/20/2007,1145426,708057,1853483,0.62
8/21/2007,1054170,647362,1701532,0.61
8/22/2007,1222097,755017,1977114,0.62
8/23/2007,878274,623698,1501972,0.71
8/24/2007,799114,546355,1345469,0.68
8/27/2007,885860,589946,1475806,0.67
8/28/2007,949402,825678,1775080,0.87
8/29/2007,955605,654959,1610564,0.69
8/30/2007,871334,567869,1439203,0.65
8/31/2007,778349,500361,1278710,0.64
9/4/2007,1096995,672031,1769026,0.61
9/5/2007,1123799,830674,1954473,0.74
9/6/2007,875453,545873,1421326,0.62
9/7/2007,919635,704435,1624070,0.77
9/10/2007,846681,665505,1512186,0.79
9/11/2007,892771,739797,1632568,0.83
9/12/2007,1019577,592137,1611714,0.58
9/13/2007,975710,588609,1564319,0.6
9/14/2007,895269,574554,1469823,0.64
9/17/2007,879955,574737,1454692,0.65
9/18/2007,1348560,925893,2274453,0.69
9/19/2007,1637433,947553,2584986,0.58
9/20/2007,1253956,697148,1951104,0.56
9/21/2007,1513441,806199,2319640,0.53
9/24/2007,1220330,741980,1962310,0.61
9/25/2007,1111918,832924,1944842,0.75
9/26/2007,1209058,728465,1937523,0.6
9/27/2007,1108001,636921,1744922,0.57
9/28/2007,886416,692684,1579100,0.78
10/1/2007,1119288,634708,1753996,0.57
10/2/2007,1226220,805269,2031489,0.66
10/3/2007,1096174,638612,1734786,0.58
10/4/2007,1259508,623976,1883484,0.5
10/5/2007,1128882,635414,1764296,0.56
10/8/2007,948386,499060,1447446,0.53
10/9/2007,1338651,816021,2154672,0.61
10/10/2007,1300179,727292,2027471,0.56
10/11/2007,1803168,1087956,2891124,0.6
10/12/2007,1610041,910965,2521006,0.57
10/15/2007,1473241,777413,2250654,0.53
10/16/2007,1429043,1067801,2496844,0.75
10/17/2007,1693226,1126915,2820141,0.67
10/18/2007,1683054,928879,2611933,0.55
10/19/2007,1868801,1362063,3230864,0.73
10/22/2007,1403820,931254,2335074,0.66
10/23/2007,1426551,920296,2346847,0.65
10/24/2007,1348656,976987,2325643,0.72
10/25/2007,1187702,908033,2095735,0.76
10/26/2007,1570972,833434,2404406,0.53
10/29/2007,1328952,760056,2089008,0.57
10/30/2007,1114309,912616,2026925,0.82
10/31/2007,1666421,744279,2410700,0.45
11/1/2007,1456385,990108,2446493,0.68
11/2/2007,1353825,943662,2297487,0.7
11/5/2007,1303012,874758,2177770,0.67
11/6/2007,1534335,1090683,2625018,0.71
11/7/2007,1523802,1031324,2555126,0.68
11/8/2007,1823191,1505162,3328353,0.83
11/9/2007,1391263,993379,2384642,0.71
11/12/2007,1929175,1144352,3073527,0.59
11/13/2007,1546307,1318539,2864846,0.85
11/14/2007,1436839,896386,2333225,0.62
11/15/2007,1191559,944987,2136546,0.79
11/16/2007,1386192,1357214,2743406,0.98
11/19/2007,1197054,790058,1987112,0.66
11/20/2007,1392958,1106648,2499606,0.79
11/21/2007,1073697,877112,1950809,0.82
11/23/2007,529934,288293,818227,0.54
11/26/2007,1119792,781309,1901101,0.7
11/27/2007,1919124,1043602,2962726,0.54
11/28/2007,1506764,847245,2354009,0.56
11/29/2007,1150515,674781,1825296,0.59
11/30/2007,1143819,776676,1920495,0.68
12/3/2007,894439,549820,1444259,0.61
12/4/2007,1034595,893691,1928286,0.86
12/5/2007,1066242,670542,1736784,0.63
12/6/2007,1236791,675513,1912304,0.55
12/7/2007,1000965,601352,1602317,0.6
12/10/2007,1056525,708145,1764670,0.67
12/11/2007,1260076,985409,2245485,0.78
12/12/2007,1294022,877010,2171032,0.68
12/13/2007,1101727,812893,1914620,0.74
12/14/2007,1040165,644279,1684444,0.62
12/17/2007,1135286,722037,1857323,0.64
12/18/2007,1297671,971122,2268793,0.75
12/19/2007,1184708,814221,1998929,0.69
12/20/2007,2284298,954069,3238367,0.42
12/21/2007,1550271,988357,2538628,0.64
12/24/2007,637098,468416,1105514,0.74
12/26/2007,861567,552394,1413961,0.64
12/27/2007,926024,547874,1473898,0.59
12/28/2007,934042,520569,1454611,0.56
12/31/2007,857425,577566,1434991,0.67
1/2/2008,1051814,823148,1874962,0.78
1/3/2008,1374433,825766,2200199,0.6
1/4/2008,1630734,1124641,2755375,0.69
1/7/2008,1283857,996994,2280851,0.78
1/8/2008,1400848,1358734,2759582,0.97
1/9/2008,1683920,1258286,2942206,0.75
1/10/2008,1594187,1122758,2716945,0.7
1/11/2008,1503041,1068105,2571146,0.71
1/14/2008,1300316,911409,2211725,0.7
1/15/2008,1519529,1592918,3112447,1.05
1/16/2008,1680304,1438310,3118614,0.86
1/17/2008,1571369,1552258,3123627,0.99
1/18/2008,1693419,1667640,3361059,0.98
1/22/2008,1659116,1196300,2855416,0.72
1/23/2008,2039191,1525843,3565034,0.75
1/24/2008,1759376,1019424,2778800,0.58
1/25/2008,1337887,895796,2233683,0.67
1/28/2008,1095729,708110,1803839,0.65
1/29/2008,1307099,856005,2163104,0.65
1/30/2008,1385332,867685,2253017,0.63
1/31/2008,1429532,997251,2426783,0.7
2/1/2008,1650747,928748,2579495,0.56
2/4/2008,1098903,748960,1847863,0.68
2/5/2008,1175025,1102147,2277172,0.94
2/6/2008,1105857,881984,1987841,0.8
2/7/2008,1252107,1108436,2360543,0.89
2/8/2008,1025824,807689,1833513,0.79
2/11/2008,1156304,790879,1947183,0.68
2/12/2008,1373008,1072767,2445775,0.78
2/13/2008,1077236,815956,1893192,0.76
2/14/2008,1128196,834140,1962336,0.74
2/15/2008,1251411,974872,2226283,0.78
2/19/2008,1264047,841255,2105302,0.67
2/20/2008,1105308,772011,1877319,0.7
2/21/2008,1023428,713152,1736580,0.7
2/22/2008,920931,770848,1691779,0.84
2/25/2008,1045151,686213,1731364,0.66
2/26/2008,1174054,935761,2109815,0.8
2/27/2008,1047907,780254,1828161,0.74
2/28/2008,997787,963484,1961271,0.97
2/29/2008,1034697,865170,1899867,0.84
3/3/2008,1066207,845847,1912054,0.79
3/4/2008,1188958,1146986,2335944,0.96
3/5/2008,1037575,702927,1740502,0.68
3/6/2008,993119,1110581,2103700,1.12
3/7/2008,1142420,1052743,2195163,0.92
3/10/2008,1055109,1046926,2102035,0.99
3/11/2008,1323743,1173610,2497353,0.89
3/12/2008,1164005,977152,2141157,0.84
3/13/2008,1270348,1045054,2315402,0.82
3/14/2008,1177978,1366502,2544480,1.16
3/17/2008,1349043,1814576,3163619,1.35
3/18/2008,1677078,1316666,2993744,0.79
3/19/2008,1549230,1390584,2939814,0.9
3/20/2008,1813852,1455255,3269107,0.8
3/24/2008,1573935,993378,2567313,0.63
3/25/2008,1229418,935131,2164549,0.76
3/26/2008,1198413,934742,2133155,0.78
3/27/2008,1068988,900506,1969494,0.84
3/28/2008,882529,763106,1645635,0.86
3/31/2008,882400,746606,1629006,0.85
4/1/2008,1293883,1043398,2337281,0.81
4/2/2008,1182478,924125,2106603,0.78
4/3/2008,1057309,872928,1930237,0.83
4/4/2008,1085293,889288,1974581,0.82
4/7/2008,1260847,934763,2195610,0.74
4/8/2008,933544,835713,1769257,0.9
4/9/2008,959677,857492,1817169,0.89
4/10/2008,1119069,881551,2000620,0.79
4/11/2008,1155901,1030731,2186632,0.89
4/14/2008,1064570,905768,1970338,0.85
4/15/2008,1102397,1039685,2142082,0.94
4/16/2008,1529075,1103019,2632094,0.72
4/17/2008,1361127,1027841,2388968,0.76
4/18/2008,2073973,1221548,3295521,0.59
4/21/2008,1436025,858187,2294212,0.6
4/22/2008,1443155,952875,2396030,0.66
4/23/2008,1289737,902670,2192407,0.7
4/24/2008,1468327,987825,2456152,0.67
4/25/2008,1286106,934340,2220446,0.73
4/28/2008,1082114,715353,1797467,0.66
4/29/2008,1182706,978053,2160759,0.83
4/30/2008,1259875,839478,2099353,0.67
5/1/2008,1626781,937935,2564716,0.58
5/2/2008,1459309,918640,2377949,0.63
5/5/2008,1455611,968987,2424598,0.67
5/6/2008,1693670,970855,2664525,0.57
5/7/2008,1531073,1021752,2552825,0.67
5/8/2008,1379059,826958,2206017,0.6
5/9/2008,1169676,816790,1986466,0.7
5/12/2008,1475323,969684,2445007,0.66
5/13/2008,1578711,948866,2527577,0.6
5/14/2008,1635274,1017246,2652520,0.62
5/15/2008,1663261,984348,2647609,0.59
5/16/2008,1840679,1078061,2918740,0.59
5/19/2008,1646303,918516,2564819,0.56
5/20/2008,1256906,884585,2141491,0.7
5/21/2008,1400424,1107468,2507892,0.79
5/22/2008,1175158,734793,1909951,0.63
5/23/2008,1161179,829594,1990773,0.71
5/27/2008,1030560,678018,1708578,0.66
5/28/2008,1203473,745426,1948899,0.62
5/29/2008,1299274,866728,2166002,0.67
5/30/2008,1094271,647864,1742135,0.59
6/2/2008,1088503,825630,1914133,0.76
6/3/2008,1306262,1040528,2346790,0.8
6/4/2008,1240167,944269,2184436,0.76
6/5/2008,1470941,939965,2410906,0.64
6/6/2008,1525857,1162232,2688089,0.76
6/9/2008,1590394,1243652,2834046,0.78
6/10/2008,1314141,1068261,2382402,0.81
6/11/2008,1428783,1201848,2630631,0.84
6/12/2008,1674956,1299925,2974881,0.78
6/13/2008,1576108,1199545,2775653,0.76
6/16/2008,1397584,1134991,2532575,0.81
6/17/2008,1429111,1068036,2497147,0.75
6/18/2008,1498367,1284524,2782891,0.86
6/19/2008,1831874,1392386,3224260,0.76
6/20/2008,1751856,1592357,3344213,0.91
6/23/2008,1611425,1058653,2670078,0.66
6/24/2008,1277388,895244,2172632,0.7
6/25/2008,1515078,1076347,2591425,0.71
6/26/2008,1617688,1251224,2868912,0.77
6/27/2008,1378768,1120772,2499540,0.81
6/30/2008,1263522,976397,2239919,0.77
7/1/2008,1573744,1240751,2814495,0.79
7/2/2008,1704335,1205338,2909673,0.71
7/3/2008,1053067,897846,1950913,0.85
7/7/2008,1547112,1372571,2919683,0.89
7/8/2008,1920761,1411055,3331816,0.73
7/9/2008,1492425,1243867,2736292,0.83
7/10/2008,1621360,1504919,3126279,0.93
7/11/2008,1946498,1690604,3637102,0.87
7/14/2008,1642751,1417848,3060599,0.86
7/15/2008,2033621,1810991,3844612,0.89
7/16/2008,2097805,1619036,3716841,0.77
7/17/2008,2455868,1834123,4289991,0.75
7/18/2008,2080706,1482269,3562975,0.71
7/21/2008,1782758,1244287,3027045,0.7
7/22/2008,1884414,1446825,3331239,0.77
7/23/2008,2204669,1397354,3602023,0.63
7/24/2008,1717039,1382573,3099612,0.81
7/25/2008,1292818,950755,2243573,0.74
7/28/2008,1202846,959285,2162131,0.8
7/29/2008,1720391,1144017,2864408,0.66
7/30/2008,1828562,1298296,3126858,0.71
7/31/2008,1672787,1223942,2896729,0.73
8/1/2008,2014055,1715825,3729880,0.85
8/4/2008,1309709,891342,2201051,0.68
8/5/2008,2011231,1180826,3192057,0.59
8/6/2008,1418877,1043210,2462087,0.74
8/7/2008,1363542,1106293,2469835,0.81
8/8/2008,1599560,973276,2572836,0.61
8/11/2008,1705868,1170359,2876227,0.69
8/12/2008,1534129,1120650,2654779,0.73
8/13/2008,1470387,1077549,2547936,0.73
8/14/2008,1409112,971457,2380569,0.69
8/15/2008,1587469,1043198,2630667,0.66
8/18/2008,1203636,905768,2109404,0.75
8/19/2008,1021632,871455,1893087,0.85
8/20/2008,1154401,814133,1968534,0.71
8/21/2008,1080117,655342,1735459,0.61
8/22/2008,966554,577525,1544079,0.6
8/25/2008,797919,532189,1330108,0.67
8/26/2008,850515,682298,1532813,0.8
8/27/2008,934642,639131,1573773,0.68
8/28/2008,1083347,777934,1861281,0.72
8/29/2008,755705,517010,1272715,0.68
9/2/2008,1250954,868301,2119255,0.69
9/3/2008,1396070,943079,2339149,0.68
9/4/2008,1461383,1119937,2581320,0.77
9/5/2008,1425006,1125008,2550014,0.79
9/8/2008,1779553,1380983,3160536,0.78
9/9/2008,1683737,1659675,3343412,0.99
9/10/2008,1514436,1302169,2816605,0.86
9/11/2008,1874815,1508004,3382819,0.8
9/12/2008,1761492,1560891,3322383,0.89
9/15/2008,1356560,1599123,2955683,1.18
9/16/2008,1800396,1680735,3481131,0.93
9/17/2008,1962134,1857519,3819653,0.95
9/18/2008,2326064,1846774,4172838,0.79
9/19/2008,2465398,1247669,3713067,0.51
9/22/2008,1431585,1024696,2456281,0.72
9/23/2008,1221133,925089,2146222,0.76
9/24/2008,1040121,735461,1775582,0.71
9/25/2008,1362065,844652,2206717,0.62
9/26/2008,1201479,977491,2178970,0.81
9/29/2008,1303007,1022950,2325957,0.79
9/30/2008,1264625,921265,2185890,0.73
10/1/2008,1409158,1062593,2471751,0.75
10/2/2008,1457775,1301251,2759026,0.89
10/3/2008,1593960,1174609,2768569,0.74
10/6/2008,1940395,1832112,3772507,0.94
10/7/2008,1474638,1406197,2880835,0.95
10/8/2008,1826646,1579398,3406044,0.86
10/9/2008,1495290,1568975,3064265,1.05
10/10/2008,1946117,1974914,3921031,1.01
10/13/2008,1617605,1122688,2740293,0.69
10/14/2008,1587454,1276293,2863747,0.8
10/15/2008,1403482,1258991,2662473,0.9
10/16/2008,1506915,1409184,2916099,0.94
10/17/2008,1554627,1282347,2836974,0.82
10/20/2008,1242718,770527,2013245,0.62
10/21/2008,1128987,868940,1997927,0.77
10/22/2008,1228910,1074459,2303369,0.87
10/23/2008,1248056,1152988,2401044,0.92
10/24/2008,1143008,1113793,2256801,0.97
10/27/2008,915767,723516,1639283,0.79
10/28/2008,1467559,959102,2426661,0.65
10/29/2008,1501887,883938,2385825,0.59
10/30/2008,1349102,930457,2279559,0.69
10/31/2008,1288222,969531,2257753,0.75
11/3/2008,1050891,806463,1857354,0.77
11/4/2008,1454047,1035673,2489720,0.71
11/5/2008,1391334,1139005,2530339,0.82
11/6/2008,1209638,1224468,2434106,1.01
11/7/2008,918608,710915,1629523,0.77
11/10/2008,901410,834960,1736370,0.93
11/11/2008,1044085,1015479,2059564,0.97
11/12/2008,1123714,1093822,2217536,0.97
11/13/2008,1748790,1617334,3366124,0.92
11/14/2008,1122839,916887,2039726,0.82
11/17/2008,994065,862464,1856529,0.87
11/18/2008,1171875,1098612,2270487,0.94
11/19/2008,1230553,1425957,2656510,1.16
11/20/2008,1464525,1533389,2997914,1.05
11/21/2008,1667376,1857689,3525065,1.11
11/24/2008,1615408,905927,2521335,0.56
11/25/2008,1168120,818573,1986693,0.7
11/26/2008,1176825,749212,1926037,0.64
11/28/2008,527429,370998,898427,0.7
12/1/2008,970465,856384,1826849,0.88
12/2/2008,1097019,820129,1917148,0.75
12/3/2008,1086087,801826,1887913,0.74
12/4/2008,1022330,834083,1856413,0.82
12/5/2008,1301085,815158,2116243,0.63
12/8/2008,1593418,1161616,2755034,0.73
12/9/2008,1202707,896393,2099100,0.75
12/10/2008,1093761,842222,1935983,0.77
12/11/2008,1109429,916258,2025687,0.83
12/12/2008,944723,862553,1807276,0.91
12/15/2008,762249,651783,1414032,0.86
12/16/2008,1402968,962155,2365123,0.69
12/17/2008,1369425,889013,2258438,0.65
12/18/2008,1253551,1008587,2262138,0.8
12/19/2008,1240289,858515,2098804,0.69
12/22/2008,1001527,600564,1602091,0.6
12/23/2008,736534,424443,1160977,0.58
12/24/2008,308170,204896,513066,0.66
12/26/2008,470996,289915,760911,0.62
12/29/2008,744895,460532,1205427,0.62
12/30/2008,818764,523990,1342754,0.64
12/31/2008,812165,490044,1302209,0.6
1/2/2009,985646,654325,1639971,0.66
1/5/2009,1321952,891631,2213583,0.67
1/6/2009,1497887,1090571,2588458,0.73
1/7/2009,475547,506946,982493,1.07
1/8/2009,617067,537881,1154948,0.87
1/9/2009,1119989,967634,2087623,0.86
1/12/2009,1147569,1133904,2281473,0.99
1/13/2009,1187578,1104906,2292484,0.93
1/14/2009,1325107,1275409,2600516,0.96
1/15/2009,1750147,1738821,3488968,0.99
1/16/2009,1693602,1384885,3078487,0.82
1/20/2009,1534667,1358689,2893356,0.89
1/21/2009,1427942,1130526,2558468,0.79
1/22/2009,1500282,1131258,2631540,0.75
1/23/2009,1564509,1026191,2590700,0.66
1/26/2009,1265678,832083,2097761,0.66
1/27/2009,1135822,782917,1918739,0.69
1/28/2009,1471138,914901,2386039,0.62
1/29/2009,1073619,924098,1997717,0.86
1/30/2009,1091033,933167,2024200,0.86
2/2/2009,1178449,869013,2047462,0.74
2/3/2009,1271706,876977,2148683,0.69
2/4/2009,1309472,980075,2289547,0.75
2/5/2009,1571475,1134119,2705594,0.72
2/6/2009,1655163,989182,2644345,0.6
2/9/2009,1440546,857482,2298028,0.6
2/10/2009,1453623,1093695,2547318,0.75
2/11/2009,1194387,925811,2120198,0.78
2/12/2009,1209800,1059106,2268906,0.88
2/13/2009,992975,722403,1715378,0.73
2/17/2009,1240834,1157538,2398372,0.93
2/18/2009,1251244,1098962,2350206,0.88
2/19/2009,1322317,1216913,2539230,0.92
2/20/2009,2072921,1645851,3718772,0.79
2/23/2009,1364028,1085909,2449937,0.8
2/24/2009,1518117,986214,2504331,0.65
2/25/2009,1316962,843495,2160457,0.64
2/26/2009,1336796,869810,2206606,0.65
2/27/2009,1362982,954638,2317620,0.7
3/2/2009,1362440,1168906,2531346,0.86
3/3/2009,1264268,963403,2227671,0.76
3/4/2009,1487913,1249066,2736979,0.84
3/5/2009,1391120,1249873,2640993,0.9
3/6/2009,1458551,1190934,2649485,0.82
3/9/2009,1334945,798448,2133393,0.6
3/10/2009,1784728,1015634,2800362,0.57
3/11/2009,1564667,1030861,2595528,0.66
3/12/2009,1815147,1114609,2929756,0.61
3/13/2009,1568108,951522,2519630,0.61
3/16/2009,1862133,1308010,3170143,0.7
3/17/2009,1612200,1061665,2673865,0.66
3/18/2009,2723061,1457498,4180559,0.54
3/19/2009,2361107,1319451,3680558,0.56
3/20/2009,1907207,1370170,3277377,0.72
3/23/2009,2211395,1161268,3372663,0.53
3/24/2009,1603529,983376,2586905,0.61
3/25/2009,1529932,973379,2503311,0.64
3/26/2009,1438836,959199,2398035,0.67
3/27/2009,1077332,799945,1877277,0.74
3/30/2009,1233923,984652,2218575,0.8
3/31/2009,1264893,830130,2095023,0.66
4/1/2009,1310244,925342,2235586,0.71
4/2/2009,2165100,1278451,3443551,0.59
4/3/2009,1536751,1031969,2568720,0.67
4/6/2009,1328221,929204,2257425,0.7
4/7/2009,1189872,922691,2112563,0.78
4/8/2009,1444370,937242,2381612,0.65
4/9/2009,2315645,1319985,3635630,0.57
4/13/2009,2420056,1221943,3641999,0.5
4/14/2009,2537197,1458588,3995785,0.57
4/15/2009,1988985,1237292,3226277,0.62
4/16/2009,2489501,1494417,3983918,0.6
4/17/2009,3007023,1681874,4688897,0.56
4/20/2009,2116790,1676254,3793044,0.79
4/21/2009,1862107,1237614,3099721,0.66
4/22/2009,1951323,1250575,3201898,0.64
4/23/2009,1555674,1143141,2698815,0.73
4/24/2009,1768001,1143375,2911376,0.65
4/27/2009,1738229,1129648,2867877,0.65
4/28/2009,1407745,963340,2371085,0.68
4/29/2009,1553160,955209,2508369,0.62
4/30/2009,1750520,1098701,2849221,0.63
5/1/2009,1375729,808176,2183905,0.59
5/4/2009,2026006,1091214,3117220,0.54
5/5/2009,1717042,994788,2711830,0.58
5/6/2009,2559871,1458447,4018318,0.57
5/7/2009,2748652,1836173,4584825,0.67
5/8/2009,2422557,1515641,3938198,0.63
5/11/2009,2010781,1162666,3173447,0.58
5/12/2009,2092020,1393858,3485878,0.67
5/13/2009,2038830,1354341,3393171,0.66
5/14/2009,1854443,1154796,3009239,0.62
5/15/2009,1920340,1203479,3123819,0.63
5/18/2009,1682784,929357,2612141,0.55
5/19/2009,1545614,966222,2511836,0.63
5/20/2009,1844633,1174194,3018827,0.64
5/21/2009,1494672,1140033,2634705,0.76
5/22/2009,1213634,751206,1964840,0.62
5/26/2009,1493500,802536,2296036,0.54
5/27/2009,1419752,1017911,2437663,0.72
5/28/2009,1628794,970575,2599369,0.6
5/29/2009,1487152,891443,2378595,0.6
6/1/2009,2100046,1195222,3295268,0.57
6/2/2009,1553063,972110,2525173,0.63
6/3/2009,1344801,1017630,2362431,0.76
6/4/2009,1458165,911817,2369982,0.63
6/5/2009,1441035,865819,2306854,0.6
6/8/2009,1192729,904109,2096838,0.76
6/9/2009,1383356,916469,2299825,0.66
6/10/2009,1449510,1032348,2481858,0.71
6/11/2009,1761530,972648,2734178,0.55
6/12/2009,1456987,962828,2419815,0.66
6/15/2009,1629787,971417,2601204,0.6
6/16/2009,1409961,1122648,2532609,0.8
6/17/2009,1728561,1514494,3243055,0.88
6/18/2009,1517789,1154208,2671997,0.76
6/19/2009,2034061,1331328,3365389,0.65
6/22/2009,1423971,1025648,2449619,0.72
6/23/2009,1255240,964372,2219612,0.77
6/24/2009,1208481,748379,1956860,0.62
6/25/2009,1105436,825510,1930946,0.75
6/26/2009,939349,650514,1589863,0.69
6/29/2009,875729,631498,1507227,0.72
6/30/2009,933140,767336,1700476,0.82
7/1/2009,895148,659250,1554398,0.74
7/2/2009,1009461,711484,1720945,0.7
7/6/2009,1142916,826932,1969848,0.72
7/7/2009,1086587,922971,2009558,0.85
7/8/2009,1425308,1230172,2655480,0.86
7/9/2009,1036295,824059,1860354,0.8
7/10/2009,1021144,790596,1811740,0.77
7/13/2009,1356049,931502,2287551,0.69
7/14/2009,1226073,957822,2183895,0.78
7/15/2009,2163851,1313651,3477502,0.61
7/16/2009,2002998,1219314,3222312,0.61
7/17/2009,2528980,1464050,3993030,0.58
7/20/2009,2015491,1198907,3214398,0.59
7/21/2009,1556491,944227,2500718,0.61
7/22/2009,1405581,953514,2359095,0.68
7/23/2009,1944104,1275285,3219389,0.66
7/24/2009,1299092,1014869,2313961,0.78
7/27/2009,1319510,713133,2032643,0.54
7/28/2009,1514109,954465,2468574,0.63
7/29/2009,1414547,882900,2297447,0.62
7/30/2009,2271947,1146744,3418691,0.5
7/31/2009,1317780,847014,2164794,0.64
8/3/2009,1624398,1003060,2627458,0.62
8/4/2009,1543957,890168,2434125,0.58
8/5/2009,2082497,1072450,3154947,0.51
8/6/2009,1669020,1127603,2796623,0.68
8/7/2009,2232432,1101859,3334291,0.49
8/10/2009,1438972,807368,2246340,0.56
8/11/2009,1687985,1095397,2783382,0.65
8/12/2009,1520786,927621,2448407,0.61
8/13/2009,1647970,850997,2498967,0.52
8/14/2009,1356590,808002,2164592,0.6
8/17/2009,1378416,972390,2350806,0.71
8/18/2009,1365720,860633,2226353,0.63
8/19/2009,1587271,991528,2578799,0.62
8/20/2009,1860375,943147,2803522,0.51
8/21/2009,2505340,984787,3490127,0.39
8/24/2009,2007644,1083859,3091503,0.54
8/25/2009,1488251,882754,2371005,0.59
8/26/2009,1251111,804035,2055146,0.64
8/27/2009,1695061,1012584,2707645,0.6
8/28/2009,1794424,1007562,2801986,0.56
8/31/2009,1280282,807063,2087345,0.63
9/1/2009,1822353,1247665,3070018,0.68
9/2/2009,1536758,1066606,2603364,0.69
9/3/2009,1371712,790576,2162288,0.58
9/4/2009,1213267,694292,1907559,0.57
9/8/2009,1533971,897902,2431873,0.59
9/9/2009,1618292,896072,2514364,0.55
9/10/2009,1584059,997261,2581320,0.63
9/11/2009,1594557,980775,2575332,0.62
9/14/2009,1684960,934897,2619857,0.55
9/15/2009,2217313,1236879,3454192,0.56
9/16/2009,2718954,1234064,3953018,0.45
9/17/2009,2699444,1427951,4127395,0.53
9/18/2009,2081940,1165652,3247592,0.56
9/21/2009,1477042,950553,2427595,0.64
9/22/2009,1660025,909582,2569607,0.55
9/23/2009,1696558,933739,2630297,0.55
9/24/2009,1483369,1063091,2546460,0.72
9/25/2009,1297197,751851,2049048,0.58
9/28/2009,951294,566966,1518260,0.6
9/29/2009,1155411,707506,1862917,0.61
9/30/2009,1392525,1011310,2403835,0.73
10/1/2009,1497448,1100745,2598193,0.74
10/2/2009,1533057,1295423,2828480,0.84
10/5/2009,1304591,727601,2032192,0.56
10/6/2009,1792514,840362,2632876,0.47
10/7/2009,1390722,718209,2108931,0.52
10/8/2009,1872783,985704,2858487,0.53
10/9/2009,1467498,808060,2275558,0.55
10/12/2009,1420478,796673,2217151,0.56
10/13/2009,1596525,890568,2487093,0.56
10/14/2009,2245483,1034588,3280071,0.46
10/15/2009,2254682,1046973,3301655,0.46
10/16/2009,2469895,1354457,3824352,0.55
10/19/2009,1725203,1047376,2772579,0.61
10/20/2009,1374856,920140,2294996,0.67
10/21/2009,1898780,1043533,2942313,0.55
10/22/2009,1508637,903066,2411703,0.6
10/23/2009,1394294,895156,2289450,0.64
10/26/2009,1560410,1012687,2573097,0.65
10/27/2009,1374402,847280,2221682,0.62
10/28/2009,1684343,1166406,2850749,0.69
10/29/2009,1442781,778944,2221725,0.54
10/30/2009,1483626,1181339,2664965,0.8
11/2/2009,1610838,1279314,2890152,0.79
11/3/2009,1367727,942971,2310698,0.69
11/4/2009,1508591,908222,2416813,0.6
11/5/2009,1307806,827751,2135557,0.63
11/6/2009,1210942,740868,1951810,0.61
11/9/2009,1548581,817575,2366156,0.53
11/10/2009,1188318,684196,1872514,0.58
11/11/2009,1381561,725681,2107242,0.53
11/12/2009,1156503,692842,1849345,0.6
11/13/2009,1131509,706325,1837834,0.62
11/16/2009,1579430,884885,2464315,0.56
11/17/2009,1445455,938787,2384242,0.65
11/18/2009,1578307,927943,2506250,0.59
11/19/2009,1403722,1028342,2432064,0.73
11/20/2009,1708601,1139720,2848321,0.67
11/23/2009,1661114,856989,2518103,0.52
11/24/2009,1093034,679393,1772427,0.62
11/25/2009,984894,606728,1591622,0.62
11/27/2009,771819,477282,1249101,0.62
11/30/2009,990510,774620,1765130,0.78
12/1/2009,1342078,712338,2054416,0.53
12/2/2009,1339739,720541,2060280,0.54
12/3/2009,1381508,868706,2250214,0.63
12/4/2009,1811115,1101627,2912742,0.61
12/7/2009,1204203,793947,1998150,0.66
12/8/2009,1424220,901840,2326060,0.63
12/9/2009,1262085,733876,1995961,0.58
12/10/2009,1300028,806877,2106905,0.62
12/11/2009,1337338,840015,2177353,0.63
12/14/2009,1512456,972619,2485075,0.64
12/15/2009,1835379,1063417,2898796,0.58
12/16/2009,1758306,1195432,2953738,0.68
12/17/2009,1961176,1358496,3319672,0.69
12/18/2009,1827670,1265961,3093631,0.69
12/21/2009,1463648,746240,2209888,0.51
12/22/2009,1216727,774479,1991206,0.64
12/23/2009,1236928,754930,1991858,0.61
12/24/2009,719406,401030,1120436,0.56
12/28/2009,1095925,608645,1704570,0.56
12/29/2009,984411,617069,1601480,0.63
12/30/2009,942335,598571,1540906,0.64
12/31/2009,906253,560987,1467240,0.62
1/4/2010,1631295,853489,2484784,0.52
1/5/2010,1858932,1043265,2902197,0.56
1/6/2010,1730296,904212,2634508,0.52
1/7/2010,2069059,1024414,3093473,0.5
1/8/2010,1830998,891442,2722440,0.49
1/11/2010,1864880,905193,2770073,0.49
1/12/2010,1917040,1110929,3027969,0.58
1/13/2010,1747717,997962,2745679,0.57
1/14/2010,1911347,1034565,2945912,0.54
1/15/2010,2276531,1357994,3634525,0.6
1/19/2010,1735907,983404,2719311,0.57
1/20/2010,1539085,1057893,2596978,0.69
1/21/2010,1860754,1331748,3192502,0.72
1/22/2010,1749986,1315706,3065692,0.75
1/25/2010,1315762,842772,2158534,0.64
1/26/2010,1435276,935524,2370800,0.65
1/27/2010,1358678,936852,2295530,0.69
1/28/2010,1429370,951015,2380385,0.67
1/29/2010,1429957,1048683,2478640,0.73
2/1/2010,1191749,718806,1910555,0.6
2/2/2010,1364634,786658,2151292,0.58
2/3/2010,1226287,788278,2014565,0.64
2/4/2010,1515544,1193388,2708932,0.79
2/5/2010,1414090,1122392,2536482,0.79
2/8/2010,964717,699540,1664257,0.73
2/9/2010,1183136,836107,2019243,0.71
2/10/2010,1074470,692520,1766990,0.64
2/11/2010,1202598,892147,2094745,0.74
2/12/2010,1092998,703981,1796979,0.64
2/16/2010,1372924,856564,2229488,0.62
2/17/2010,1459436,892254,2351690,0.61
2/18/2010,1502631,1017097,2519728,0.68
2/19/2010,1630720,1067482,2698202,0.65
2/22/2010,1411219,892234,2303453,0.63
2/23/2010,1182131,898105,2080236,0.76
2/24/2010,1236453,794415,2030868,0.64
2/25/2010,1067786,867437,1935223,0.81
2/26/2010,990839,674465,1665304,0.68
3/1/2010,1293910,756161,2050071,0.58
3/2/2010,1382361,786376,2168737,0.57
3/3/2010,1177250,759691,1936941,0.65
3/4/2010,1172323,768691,1941014,0.66
3/5/2010,1505197,788575,2293772,0.52
3/8/2010,1396739,733106,2129845,0.52
3/9/2010,1857159,797122,2654281,0.43
3/10/2010,1973787,989039,2962826,0.5
3/11/2010,1560541,845802,2406343,0.54
3/12/2010,1564937,829112,2394049,0.53
3/15/2010,1280037,730338,2010375,0.57
3/16/2010,1576993,774673,2351666,0.49
3/17/2010,1799509,849313,2648822,0.47
3/18/2010,1509457,805833,2315290,0.53
3/19/2010,1834092,1120410,2954502,0.61
3/22/2010,1469979,792685,2262664,0.54
3/23/2010,1401844,736125,2137969,0.53
3/24/2010,1328038,806275,2134313,0.61
3/25/2010,1736838,865609,2602447,0.5
3/26/2010,1231243,743469,1974712,0.6
3/29/2010,1116429,609093,1725522,0.55
3/30/2010,1082762,556388,1639150,0.51
3/31/2010,1247507,559211,1806718,0.45
4/1/2010,1189678,627030,1816708,0.53
4/5/2010,1302692,564312,1867004,0.43
4/6/2010,1566478,725126,2291604,0.46
4/7/2010,1618727,840022,2458749,0.52
4/8/2010,1559574,732676,2292250,0.47
4/9/2010,1637460,790702,2428162,0.48
4/12/2010,1911162,773207,2684369,0.4
4/13/2010,1861052,901407,2762459,0.48
4/14/2010,2980219,964143,3944362,0.32
4/15/2010,2804743,1035320,3840063,0.37
4/16/2010,3121891,1649512,4771403,0.53
4/19/2010,2105520,1080758,3186278,0.51
4/20/2010,1753190,905513,2658703,0.52
4/21/2010,1890708,999816,2890524,0.53
4/22/2010,1812676,930536,2743212,0.51
4/23/2010,1767818,848627,2616445,0.48
4/26/2010,1970144,810898,2781042,0.41
4/27/2010,1982730,1125901,3108631,0.57
4/28/2010,1733098,917543,2650641,0.53
4/29/2010,1784070,893542,2677612,0.5
4/30/2010,1691760,1029855,2721615,0.61
5/3/2010,1674493,891203,2565696,0.53
5/4/2010,1892800,1263154,3155954,0.67
5/5/2010,1842132,1291757,3133889,0.7
5/6/2010,2811670,1983110,4794780,0.71
5/7/2010,2220791,1772509,3993300,0.8
5/10/2010,1656149,1045195,2701344,0.63
5/11/2010,1430894,977761,2408655,0.68
5/12/2010,1639510,839257,2478767,0.51
5/13/2010,1501324,857077,2358401,0.57
5/14/2010,1669238,1174989,2844227,0.7
5/17/2010,1491346,1020752,2512098,0.68
5/18/2010,1527969,994570,2522539,0.65
5/19/2010,1591057,1302425,2893482,0.82
5/20/2010,1842471,1760353,3602824,0.96
5/21/2010,2120716,1863997,3984713,0.88
5/24/2010,1232396,792605,2025001,0.64
5/25/2010,1423252,984027,2407279,0.69
5/26/2010,1510503,803358,2313861,0.53
5/27/2010,1268412,659448,1927860,0.52
5/28/2010,893256,522284,1415540,0.58
6/1/2010,969594,588218,1557812,0.61
6/2/2010,1055359,634767,1690126,0.6
6/3/2010,1106467,663326,1769793,0.6
6/4/2010,1203231,719353,1922584,0.6
6/7/2010,1184024,724006,1908030,0.61
6/8/2010,1141322,800111,1941433,0.7
6/9/2010,1283230,913754,2196984,0.71
6/10/2010,1221362,809936,2031298,0.66
6/11/2010,873051,614102,1487153,0.7
6/14/2010,1183695,700951,1884646,0.59
6/15/2010,1243698,690993,1934691,0.56
6/16/2010,1142680,764352,1907032,0.67
6/17/2010,1191990,817501,2009491,0.69
6/18/2010,1416914,895853,2312767,0.63
6/21/2010,1414722,796469,2211191,0.56
6/22/2010,1017734,649261,1666995,0.64
6/23/2010,825807,582671,1408478,0.71
6/24/2010,969164,795712,1764876,0.82
6/25/2010,992696,645656,1638352,0.65
6/28/2010,807671,552519,1360190,0.68
6/29/2010,1178380,927616,2105996,0.79
6/30/2010,991496,603515,1595011,0.61
7/1/2010,1278686,971330,2250016,0.76
7/2/2010,798737,479143,1277880,0.6
7/6/2010,954075,609326,1563401,0.64
7/7/2010,1095899,570560,1666459,0.52
7/8/2010,1064789,637720,1702509,0.6
7/9/2010,1035238,629630,1664868,0.61
7/12/2010,1016963,644961,1661924,0.63
7/13/2010,1691019,887391,2578410,0.52
7/14/2010,1270417,741030,2011447,0.58
7/15/2010,1266977,766551,2033528,0.61
7/16/2010,1516044,1160647,2676691,0.77
7/19/2010,1377514,722787,2100301,0.52
7/20/2010,1246606,661150,1907756,0.53
7/21/2010,1149301,741497,1890798,0.65
7/22/2010,1435420,769983,2205403,0.54
7/23/2010,1123923,646922,1770845,0.58
7/26/2010,1095255,608484,1703739,0.56
7/27/2010,1332293,726418,2058711,0.55
7/28/2010,926981,661957,1588938,0.71
7/29/2010,1129105,758053,1887158,0.67
7/30/2010,853188,535429,1388617,0.63
8/2/2010,1167750,664131,1831881,0.57
8/3/2010,1057768,629432,1687200,0.6
8/4/2010,1146541,648519,1795060,0.57
8/5/2010,983113,593738,1576851,0.6
8/6/2010,1002835,569790,1572625,0.57
8/9/2010,843785,483274,1327059,0.57
8/10/2010,932585,587596,1520181,0.63
8/11/2010,1151231,883147,2034378,0.77
8/12/2010,1128901,701485,1830386,0.62
8/13/2010,775613,518793,1294406,0.67
8/16/2010,815446,586308,1401754,0.72
8/17/2010,1092171,691409,1783580,0.63
8/18/2010,1077638,720089,1797727,0.67
8/19/2010,1179244,884513,2063757,0.75
8/20/2010,1331720,967871,2299591,0.73
8/23/2010,1531594,595272,2126866,0.39
8/24/2010,1055972,774594,1830566,0.73
8/25/2010,1068964,664930,1733894,0.62
8/26/2010,814966,546917,1361883,0.67
8/27/2010,998262,571444,1569706,0.57
8/30/2010,692508,403434,1095942,0.58
8/31/2010,810628,602813,1413441,0.74
9/1/2010,1223245,597648,1820893,0.49
9/2/2010,1026434,580990,1607424,0.57
9/3/2010,926551,521730,1448281,0.56
9/7/2010,791779,477543,1269322,0.6
9/8/2010,994367,534906,1529273,0.54
9/9/2010,924348,564057,1488405,0.61
9/10/2010,796210,568363,1364573,0.71
9/13/2010,1251676,645382,1897058,0.52
9/14/2010,1290557,787495,2078052,0.61
9/15/2010,1280720,699052,1979772,0.55
9/16/2010,1176486,681683,1858169,0.58
9/17/2010,1519394,876940,2396334,0.58
9/20/2010,1475119,704247,2179366,0.48
9/21/2010,1198654,741126,1939780,0.62
9/22/2010,1037409,750822,1788231,0.72
9/23/2010,1114239,711664,1825903,0.64
9/24/2010,1225730,703287,1929017,0.57
9/27/2010,939500,541248,1480748,0.58
9/28/2010,1070489,646093,1716582,0.6
9/29/2010,1168894,657776,1826670,0.56
9/30/2010,1160710,638220,1798930,0.55
10/1/2010,1052033,604616,1656649,0.57
10/4/2010,979163,599286,1578449,0.61
10/5/2010,1343040,753983,2097023,0.56
10/6/2010,1318251,773380,2091631,0.59
10/7/2010,1155306,793908,1949214,0.69
10/8/2010,1325149,817937,2143086,0.62
10/11/2010,1222569,728197,1950766,0.6
10/12/2010,1213961,655580,1869541,0.54
10/13/2010,1953116,876146,2829262,0.45
10/14/2010,1951991,1142387,3094378,0.59
10/15/2010,2416913,1150989,3567902,0.48
10/18/2010,1548036,873513,2421549,0.56
10/19/2010,1487792,1038752,2526544,0.7
10/20/2010,1298649,897683,2196332,0.69
10/21/2010,1157722,837252,1994974,0.72
10/22/2010,967911,669035,1636946,0.69
10/25/2010,1220092,771958,1992050,0.63
10/26/2010,1324696,795784,2120480,0.6
10/27/2010,1314779,856190,2170969,0.65
10/28/2010,1336102,822521,2158623,0.62
10/29/2010,1231552,685314,1916866,0.56
11/1/2010,1207276,761749,1969025,0.63
11/2/2010,1142902,639578,1782480,0.56
11/3/2010,1445460,800243,2245703,0.55
11/4/2010,2266154,1062951,3329105,0.47
11/5/2010,2161609,923541,3085150,0.43
11/8/2010,1418806,764823,2183629,0.54
11/9/2010,1628409,921560,2549969,0.57
11/10/2010,1441942,703134,2145076,0.49
11/11/2010,1442744,829804,2272548,0.58
11/12/2010,1427699,949723,2377422,0.67
11/15/2010,1324358,747432,2071790,0.56
11/16/2010,1568223,1061406,2629629,0.68
11/17/2010,1330182,779457,2109639,0.59
11/18/2010,1535792,832801,2368593,0.54
11/19/2010,1692728,975261,2667989,0.58
11/22/2010,1339851,765451,2105302,0.57
11/23/2010,1114862,809079,1923941,0.73
11/24/2010,994971,514857,1509828,0.52
11/26/2010,425612,280807,706419,0.66
11/29/2010,964930,682920,1647850,0.71
11/30/2010,1068602,624305,1692907,0.58
12/1/2010,1368010,620540,1988550,0.45
12/2/2010,1561657,714729,2276386,0.46
12/3/2010,1189532,623556,1813088,0.52
12/6/2010,1250586,618276,1868862,0.49
12/7/2010,1712440,805420,2517860,0.47
12/8/2010,1379230,681958,2061188,0.49
12/9/2010,1618156,698841,2316997,0.43
12/10/2010,1521299,645998,2167297,0.42
12/13/2010,1578829,703197,2282026,0.45
12/14/2010,1397783,719199,2116982,0.51
12/15/2010,1327953,736439,2064392,0.55
12/16/2010,1581687,777076,2358763,0.49
12/17/2010,1642894,842264,2485158,0.51
12/20/2010,1414644,808226,2222870,0.57
12/21/2010,1251204,665482,1916686,0.53
12/22/2010,1186623,587676,1774299,0.5
12/23/2010,914831,486344,1401175,0.53
12/27/2010,745444,423297,1168741,0.57
12/28/2010,872090,485755,1357845,0.56
12/29/2010,829581,443878,1273459,0.54
12/30/2010,828555,431705,1260260,0.52
12/31/2010,657548,480691,1138239,0.73
1/3/2011,1820875,734672,2555547,0.4
1/4/2011,1688125,744510,2432635,0.44
1/5/2011,1674509,828614,2503123,0.49
1/6/2011,1832584,886709,2719293,0.48
1/7/2011,1770738,891224,2661962,0.5
1/10/2011,1338638,733285,2071923,0.55
1/11/2011,1483651,798543,2282194,0.54
1/12/2011,1697726,776434,2474160,0.46
1/13/2011,1858414,950253,2808667,0.51
1/14/2011,2516617,931545,3448162,0.37
1/18/2011,2030641,925156,2955797,0.46
1/19/2011,2099520,1013980,3113500,0.48
1/20/2011,1943446,1337018,3280464,0.69
1/21/2011,2271763,1263551,3535314,0.56
1/24/2011,1633084,865327,2498411,0.53
1/25/2011,1523128,992980,2516108,0.65
1/26/2011,1474263,857603,2331866,0.58
1/27/2011,1455766,820946,2276712,0.56
1/28/2011,1542301,1033994,2576295,0.67
1/31/2011,1245689,761346,2007035,0.61
2/1/2011,1675972,837266,2513238,0.5
2/2/2011,1602730,739602,2342332,0.46
2/3/2011,1480279,872056,2352335,0.59
2/4/2011,1381843,888221,2270064,0.64
2/7/2011,1545196,732947,2278143,0.47
2/8/2011,1338079,723200,2061279,0.54
2/9/2011,1462111,790201,2252312,0.54
2/10/2011,1654025,918543,2572568,0.56
2/11/2011,1644043,893619,2537662,0.54
2/14/2011,1551520,815067,2366587,0.53
2/15/2011,1364445,754566,2119011,0.55
2/16/2011,1670334,939520,2609854,0.56
2/17/2011,1734941,866722,2601663,0.5
2/18/2011,1837991,1139099,2977090,0.62
2/22/2011,1656143,1152235,2808378,0.7
2/23/2011,1714232,1235683,2949915,0.72
2/24/2011,1325329,940541,2265870,0.71
2/25/2011,1287299,648597,1935896,0.5
2/28/2011,1188095,641081,1829176,0.54
3/1/2011,1239183,755069,1994252,0.61
3/2/2011,1132461,611975,1744436,0.54
3/3/2011,1239343,676877,1916220,0.55
3/4/2011,1366175,774977,2141152,0.57
3/7/2011,1199597,758772,1958369,0.63
3/8/2011,1233932,684205,1918137,0.55
3/9/2011,1112251,680820,1793071,0.61
3/10/2011,1337541,992086,2329627,0.74
3/11/2011,1010365,632206,1642571,0.63
3/14/2011,1039940,708242,1748182,0.68
3/15/2011,1490495,1073923,2564418,0.72
3/16/2011,1540335,1223418,2763753,0.79
3/17/2011,1149614,867039,2016653,0.75
3/18/2011,1571417,1100528,2671945,0.7
3/21/2011,1605341,801238,2406579,0.5
3/22/2011,1150735,639141,1789876,0.56
3/23/2011,1123251,687310,1810561,0.61
3/24/2011,1379727,789539,2169266,0.57
3/25/2011,1202373,683039,1885412,0.57
3/28/2011,965516,549492,1515008,0.57
3/29/2011,1029712,561462,1591174,0.55
3/30/2011,1229205,662529,1891734,0.54
3/31/2011,1113466,626690,1740156,0.56
4/1/2011,1324295,681305,2005600,0.51
4/4/2011,1041914,626230,1668144,0.6
4/5/2011,1210700,697086,1907786,0.58
4/6/2011,1328425,756910,2085335,0.57
4/7/2011,1229066,653530,1882596,0.53
4/8/2011,1219691,717289,1936980,0.59
4/11/2011,1118835,697880,1816715,0.62
4/12/2011,1364463,812597,2177060,0.6
4/13/2011,1154900,761940,1916840,0.66
4/14/2011,1274349,888932,2163281,0.7
4/15/2011,1546003,964234,2510237,0.62
4/18/2011,1259673,777653,2037326,0.62
4/19/2011,1199211,779755,1978966,0.65
4/20/2011,1534919,796745,2331664,0.52
4/21/2011,1289808,808318,2098126,0.63
4/25/2011,983403,571565,1554968,0.58
4/26/2011,1159969,676430,1836399,0.58
4/27/2011,1245157,742587,1987744,0.6
4/28/2011,1277787,706087,1983874,0.55
4/29/2011,1171354,674867,1846221,0.58
5/2/2011,1174763,594101,1768864,0.51
5/3/2011,1387447,877154,2264601,0.63
5/4/2011,1303559,941839,2245398,0.72
5/5/2011,1212796,780509,1993305,0.64
5/6/2011,1053468,666705,1720173,0.63
5/9/2011,850619,540780,1391399,0.64
5/10/2011,964064,566564,1530628,0.59
5/11/2011,1108303,746159,1854462,0.67
5/12/2011,1170408,773593,1944001,0.66
5/13/2011,995598,742281,1737879,0.75
5/16/2011,1113680,691891,1805571,0.62
5/17/2011,1122550,848732,1971282,0.76
5/18/2011,1026069,714947,1741016,0.7
5/19/2011,1051710,748618,1800328,0.71
5/20/2011,1210563,917371,2127934,0.76
5/23/2011,901043,627534,1528577,0.7
5/24/2011,979960,596034,1575994,0.61
5/25/2011,1153285,577444,1730729,0.5
5/26/2011,825387,501822,1327209,0.61
5/27/2011,956998,484234,1441232,0.51
5/31/2011,886206,489762,1375968,0.55
6/1/2011,989292,761026,1750318,0.77
6/2/2011,832916,602660,1435576,0.72
6/3/2011,839185,605562,1444747,0.72
6/6/2011,1010604,797291,1807895,0.79
6/7/2011,820203,594885,1415088,0.73
6/8/2011,952330,944313,1896643,0.99
6/9/2011,828266,647427,1475693,0.78
6/10/2011,858881,879794,1738675,1.02
6/13/2011,913493,676145,1589638,0.74
6/14/2011,897458,591109,1488567,0.66
6/15/2011,827256,917156,1744412,1.11
6/16/2011,969771,1003080,1972851,1.03
6/17/2011,1104686,1212503,2317189,1.1
6/20/2011,1073014,611730,1684744,0.57
6/21/2011,1135508,679589,1815097,0.6
6/22/2011,896303,471989,1368292,0.53
6/23/2011,1026798,680681,1707479,0.66
6/24/2011,714371,497633,1212004,0.7
6/27/2011,825571,517749,1343320,0.63
6/28/2011,890859,516530,1407389,0.58
6/29/2011,894365,504358,1398723,0.56
6/30/2011,1038101,563066,1601167,0.54
7/1/2011,1014193,567679,1581872,0.56
7/5/2011,872929,557307,1430236,0.64
7/6/2011,837411,594613,1432024,0.71
7/7/2011,1206482,679973,1886455,0.56
7/8/2011,913951,525813,1439764,0.58
7/11/2011,867179,635991,1503170,0.73
7/12/2011,928232,647039,1575271,0.7
7/13/2011,987876,656094,1643970,0.66
7/14/2011,976137,823354,1799491,0.84
7/15/2011,1304771,838574,2143345,0.64
7/18/2011,1125839,782553,1908392,0.7
7/19/2011,1466020,760604,2226624,0.52
7/20/2011,1175066,730798,1905864,0.62
7/21/2011,1433309,817220,2250529,0.57
7/22/2011,1053606,650400,1704006,0.62
7/25/2011,870604,528908,1399512,0.61
7/26/2011,1075023,636933,1711956,0.59
7/27/2011,1156597,771200,1927797,0.67
7/28/2011,941868,654886,1596754,0.7
7/29/2011,957155,750290,1707445,0.78
8/1/2011,835698,642292,1477990,0.77
8/2/2011,968588,669703,1638291,0.69
8/3/2011,1149196,907911,2057107,0.79
8/4/2011,1469249,1407781,2877030,0.96
8/5/2011,1785419,1666080,3451499,0.93
8/8/2011,1626572,1757508,3384080,1.08
8/9/2011,1642992,1454262,3097254,0.89
8/10/2011,1316596,1072809,2389405,0.81
8/11/2011,1485474,930061,2415535,0.63
8/12/2011,1000680,769969,1770649,0.77
8/15/2011,976356,680288,1656644,0.7
8/16/2011,871701,646514,1518215,0.74
8/17/2011,913260,757149,1670409,0.83
8/18/2011,1167915,1137881,2305796,0.97
8/19/2011,1085078,1132715,2217793,1.04
8/22/2011,1029436,755987,1785423,0.73
8/23/2011,1142588,773185,1915773,0.68
8/24/2011,889331,596897,1486228,0.67
8/25/2011,963088,739005,1702093,0.77
8/26/2011,876466,639332,1515798,0.73
8/29/2011,1001277,534098,1535375,0.53
8/30/2011,850586,605908,1456494,0.71
8/31/2011,923055,596354,1519409,0.65
9/1/2011,738498,508892,1247390,0.69
9/2/2011,725864,606779,1332643,0.84
9/6/2011,849554,647928,1497482,0.76
9/7/2011,830322,512709,1343031,0.62
9/8/2011,798570,577831,1376401,0.72
9/9/2011,919865,794221,1714086,0.86
9/12/2011,849212,610703,1459915,0.72
9/13/2011,797237,578038,1375275,0.73
9/14/2011,1004384,653585,1657969,0.65
9/15/2011,1042979,716668,1759647,0.69
9/16/2011,1241722,837458,2079180,0.67
9/19/2011,917408,572266,1489674,0.62
9/20/2011,956066,604554,1560620,0.63
9/21/2011,1011710,811781,1823491,0.8
9/22/2011,1324954,1146906,2471860,0.87
9/23/2011,988705,643688,1632393,0.65
9/26/2011,919383,543907,1463290,0.59
9/27/2011,974479,605616,1580095,0.62
9/28/2011,625736,521166,1146902,0.83
9/29/2011,768438,620753,1389191,0.81
9/30/2011,843171,677235,1520406,0.8
10/3/2011,983138,831258,1814396,0.85
10/4/2011,1301264,1013454,2314718,0.78
10/5/2011,1023835,709097,1732932,0.69
10/6/2011,934752,641683,1576435,0.69
10/7/2011,820148,566876,1387024,0.69
10/10/2011,829353,519073,1348426,0.63
10/11/2011,747982,582457,1330439,0.78
10/12/2011,1070265,678094,1748359,0.63
10/13/2011,807994,582024,1390018,0.72
10/14/2011,1036262,616890,1653152,0.6
10/17/2011,844008,598331,1442339,0.71
10/18/2011,1059472,662125,1721597,0.62
10/19/2011,1101987,789216,1891203,0.72
10/20/2011,1021232,754652,1775884,0.74
10/21/2011,1454046,727112,2181158,0.5
10/24/2011,1228143,643691,1871834,0.52
10/25/2011,881882,681255,1563137,0.77
10/26/2011,979200,692415,1671615,0.71
10/27/2011,1765401,902824,2668225,0.51
10/28/2011,1098158,613245,1711403,0.56
10/31/2011,714739,550780,1265519,0.77
11/1/2011,1068073,959797,2027870,0.9
11/2/2011,785840,522020,1307860,0.66
11/3/2011,929767,593716,1523483,0.64
11/4/2011,828748,673138,1501886,0.81
11/7/2011,722228,476514,1198742,0.66
11/8/2011,885746,568137,1453883,0.64
11/9/2011,950967,873328,1824295,0.92
11/10/2011,845063,633449,1478512,0.75
11/11/2011,840367,539920,1380287,0.64
11/14/2011,711047,550879,1261926,0.77
11/15/2011,876327,617732,1494059,0.7
11/16/2011,866344,646359,1512703,0.75
11/17/2011,1033639,861677,1895316,0.83
11/18/2011,993831,909293,1903124,0.91
11/21/2011,1026042,690030,1716072,0.67
11/22/2011,823057,547367,1370424,0.67
11/23/2011,867335,620200,1487535,0.72
11/25/2011,333887,255832,589719,0.77
11/28/2011,854932,557146,1412078,0.65
11/29/2011,795324,497444,1292768,0.63
11/30/2011,1190540,657432,1847972,0.55
12/1/2011,841295,546475,1387770,0.65
12/2/2011,925434,544530,1469964,0.59
12/5/2011,820350,569855,1390205,0.69
12/6/2011,696852,527251,1224103,0.76
12/7/2011,795525,585353,1380878,0.74
12/8/2011,794559,619105,1413664,0.78
12/9/2011,737740,521789,1259529,0.71
12/12/2011,941005,569299,1510304,0.6
12/13/2011,813087,643910,1456997,0.79
12/14/2011,876281,695591,1571872,0.79
12/15/2011,681138,650193,1331331,0.95
12/16/2011,953636,870724,1824360,0.91
12/19/2011,957159,583056,1540215,0.61
12/20/2011,1002649,527694,1530343,0.53
12/21/2011,781355,568110,1349465,0.73
12/22/2011,747598,507293,1254891,0.68
12/23/2011,541839,348999,890838,0.64
12/27/2011,484883,346280,831163,0.71
12/28/2011,514753,362739,877492,0.7
12/29/2011,517850,366415,884265,0.71
12/30/2011,540216,296003,836219,0.55
1/3/2012,1101665,605685,1707350,0.55
1/4/2012,891488,674004,1565492,0.76
1/5/2012,997825,621148,1618973,0.62
1/6/2012,1030828,640839,1671667,0.62
1/9/2012,1024201,668941,1693142,0.65
1/10/2012,1286359,735292,2021651,0.57
1/11/2012,1313958,725244,2039202,0.55
1/12/2012,1314706,752333,2067039,0.57
1/13/2012,1187252,721204,1908456,0.61
1/17/2012,1389107,819312,2208419,0.59
1/18/2012,1614985,888794,2503779,0.55
1/19/2012,2169533,1017287,3186820,0.47
1/20/2012,2026137,1052269,3078406,0.52
1/23/2012,1314148,852437,2166585,0.65
1/24/2012,1166736,738652,1905388,0.63
1/25/2012,1513011,857009,2370020,0.57
1/26/2012,1409892,914823,2324715,0.65
1/27/2012,1215903,729346,1945249,0.6
1/30/2012,1011368,684508,1695876,0.68
1/31/2012,1164089,714290,1878379,0.61
2/1/2012,1366876,843124,2210000,0.62
2/2/2012,1226444,767293,1993737,0.63
2/3/2012,1682704,867424,2550128,0.52
2/6/2012,1126195,638375,1764570,0.57
2/7/2012,1406477,798440,2204917,0.57
2/8/2012,1545236,837676,2382912,0.54
2/9/2012,1605949,942751,2548700,0.59
2/10/2012,1287092,986033,2273125,0.77
2/13/2012,1363211,727597,2090808,0.53
2/14/2012,1396474,854443,2250917,0.61
2/15/2012,1561143,1014663,2575806,0.65
2/16/2012,1659764,1053088,2712852,0.63
2/17/2012,1838584,934527,2773111,0.51
2/21/2012,1537133,954523,2491656,0.62
2/22/2012,1151681,732163,1883844,0.64
2/23/2012,1212616,819612,2032228,0.68
2/24/2012,1277828,887567,2165395,0.69
2/27/2012,1153945,744300,1898245,0.65
2/28/2012,1258806,719913,1978719,0.57
2/29/2012,1250275,841895,2092170,0.67
3/1/2012,1162764,756421,1919185,0.65
3/2/2012,1056836,659777,1716613,0.62
3/5/2012,991630,727007,1718637,0.73
3/6/2012,1152670,907120,2059790,0.79
3/7/2012,965535,605946,1571481,0.63
3/8/2012,1075143,668695,1743838,0.62
3/9/2012,1121808,705801,1827609,0.63
3/12/2012,851296,598695,1449991,0.7
3/13/2012,1467374,888293,2355667,0.61
3/14/2012,1606379,898903,2505282,0.56
3/15/2012,1706118,892148,2598266,0.52
3/16/2012,2008313,939363,2947676,0.47
3/19/2012,1667640,850273,2517913,0.51
3/20/2012,1251417,661371,1912788,0.53
3/21/2012,1242444,695494,1937938,0.56
3/22/2012,1136568,783568,1920136,0.69
3/23/2012,954906,589943,1544849,0.62
3/26/2012,1096840,812612,1909452,0.74
3/27/2012,1222938,699229,1922167,0.57
3/28/2012,1116175,806723,1922898,0.72
3/29/2012,1116731,751621,1868352,0.67
3/30/2012,1059679,626203,1685882,0.59
4/2/2012,1123116,596686,1719802,0.53
4/3/2012,1175201,692535,1867736,0.59
4/4/2012,1063443,716652,1780095,0.67
4/5/2012,1040433,626473,1666906,0.6
4/9/2012,928725,650252,1578977,0.7
4/10/2012,1501006,1054591,2555597,0.7
4/11/2012,1078917,712627,1791544,0.66
4/12/2012,1441158,741029,2182187,0.51
4/13/2012,1111331,823016,1934347,0.74
4/16/2012,1039464,731601,1771065,0.7
4/17/2012,1198061,689413,1887474,0.58
4/18/2012,1246864,737083,1983947,0.59
4/19/2012,1468901,971043,2439944,0.66
4/20/2012,1725784,1107349,2833133,0.64
4/23/2012,1232945,737372,1970317,0.6
4/24/2012,1228132,823240,2051372,0.67
4/25/2012,1633854,776505,2410359,0.48
4/26/2012,1315159,820523,2135682,0.62
4/27/2012,1247216,747281,1994497,0.6
4/30/2012,984949,646400,1631349,0.66
5/1/2012,1282507,687692,1970199,0.54
5/2/2012,1078798,809725,1888523,0.75
5/3/2012,1081439,850990,1932429,0.79
5/4/2012,1241729,890300,2132029,0.72
5/7/2012,963179,633732,1596911,0.66
5/8/2012,1259810,935948,2195758,0.74
5/9/2012,1206188,812945,2019133,0.67
5/10/2012,1143312,801234,1944546,0.7
5/11/2012,1166386,828558,1994944,0.71
5/14/2012,971488,831844,1803332,0.86
5/15/2012,1130635,911576,2042211,0.81
5/16/2012,1185196,1052281,2237477,0.89
5/17/2012,1259094,1120784,2379878,0.89
5/18/2012,1315468,1304498,2619966,0.99
5/21/2012,1199435,648560,1847995,0.54
5/22/2012,1169684,752568,1922252,0.64
5/23/2012,1069543,790474,1860017,0.74
5/24/2012,905101,671213,1576314,0.74
5/25/2012,746798,496611,1243409,0.66
5/29/2012,987641,662979,1650620,0.67
5/30/2012,764942,592520,1357462,0.77
5/31/2012,884180,708670,1592850,0.8
6/1/2012,1120292,904614,2024906,0.81
6/4/2012,964650,745680,1710330,0.77
6/5/2012,845525,591835,1437360,0.7
6/6/2012,995265,670477,1665742,0.67
6/7/2012,1053644,674855,1728499,0.64
