date,infl_zscore_120m,infl_yoy,spx_vs_10ma,cape_z_120m,target_event,mdd_12m
1910-01-31,1.494770,10.526694,0.043672,-0.872024,0.000000,-0.132530
1910-02-28,1.560246,10.638704,0.009514,-0.919487,0.000000,-0.132530
1910-03-31,1.364415,9.473837,-0.030424,-1.066016,0.000000,-0.111111
1910-04-30,1.814296,11.578643,-0.009744,-1.035865,0.000000,-0.096234
1910-05-31,1.578869,10.309696,-0.032836,-1.161800,0.000000,-0.050549
1910-06-30,0.944620,7.143477,-0.045146,-1.141301,0.000000,-0.028970
1910-07-31,0.519755,5.050683,-0.081179,-1.281154,0.000000,-0.028970
1910-08-31,0.526807,5.050683,-0.113755,-1.452060,0.000000,-0.051706
1910-09-30,0.103749,2.999763,-0.079180,-1.313733,0.000000,-0.103413
1910-10-31,-0.312393,0.990315,-0.060523,-1.240074,0.000000,-0.103413
1910-11-30,-1.313042,-3.883469,-0.007032,-0.947561,0.000000,-0.103413
1910-12-31,-1.869626,-6.731328,0.000107,-0.864167,0.000000,-0.103413
1911-01-31,-2.021816,-7.619788,-0.020775,-0.967585,0.000000,-0.103413
1911-02-28,-1.816260,-6.731328,0.010574,-0.865702,0.000000,-0.103413
1911-03-31,-2.349320,-9.615716,0.031277,-0.662196,0.000000,-0.103413
1911-04-30,-2.446409,-10.377114,0.021930,-0.748762,0.000000,-0.103413
1911-05-31,-3.045518,-14.018406,0.015540,-0.627075,0.000000,-0.103413
1911-06-30,-2.655139,-12.381031,0.027977,-0.528092,0.000000,-0.099688
1911-07-31,-2.431139,-11.538362,0.039338,-0.431683,0.000000,-0.054526
1911-08-31,-2.206132,-10.577449,0.027090,-0.493267,0.000000,-0.008772
1911-09-30,-1.517118,-6.795867,-0.020404,-0.846407,0.000000,-0.008772
1911-10-31,-1.173816,-4.902154,-0.067441,-1.114431,0.000000,-0.008772
1911-11-30,-0.668705,-2.020623,-0.058722,-1.078385,0.000000,-0.013185
1911-12-31,-0.491935,-1.030264,-0.018823,-0.854890,0.000000,-0.048682
1912-01-31,-0.659521,-2.061406,-0.011072,-0.776814,0.000000,-0.056795
1912-02-29,-0.476036,-1.030264,-0.007833,-0.808518,0.000000,-0.090264
1912-03-31,0.253008,3.191250,-0.013962,-0.884063,0.000000,-0.107505
1912-04-30,0.428090,4.210496,0.016393,-0.836516,0.000000,-0.108519
1912-05-31,1.558017,10.869003,0.049005,-0.821712,0.000000,-0.132860
1912-06-30,1.544101,10.869003,0.048484,-0.814445,0.000000,-0.176471
1912-07-31,1.355532,9.781817,0.043800,-0.753597,0.000000,-0.176471
1912-08-31,1.151671,8.602127,0.034520,-0.737268,0.000000,-0.176471
1912-09-30,0.749973,6.249504,0.045954,-0.661842,0.000000,-0.174797
1912-10-31,0.736510,6.185995,0.042504,-0.675849,0.000000,-0.165468
1912-11-30,0.753062,6.185995,0.032421,-0.671803,0.000000,-0.141791
1912-12-31,0.941924,7.291380,0.014387,-0.721202,0.000000,-0.135484
1913-01-31,0.954441,7.368147,-0.025556,-0.852606,0.000000,-0.103679
1913-02-28,0.948326,7.291380,-0.033867,-0.938073,0.000000,-0.086364
1913-03-31,0.767623,6.185995,-0.062108,-1.115647,0.000000,-0.085324
1913-04-30,0.400976,4.040376,-0.072317,-1.200166,0.000000,-0.059649
1913-05-31,-0.122448,0.980594,-0.065589,-1.186567,0.000000,-0.057444
1913-06-30,-0.298832,-0.049821,-0.080942,-1.256666,0.000000,-0.057444
1913-07-31,0.049462,1.980620,-0.111014,-1.535161,0.000000,-0.099648
1913-08-31,0.225160,3.021238,-0.082599,-1.488000,0.000000,-0.099648
1913-09-30,0.049169,2.011008,-0.043252,-1.333168,0.000000,-0.094340
1913-10-31,0.053062,2.040816,-0.020891,-1.312118,0.000000,-0.094340
1913-11-30,0.041071,2.040816,-0.039535,-1.439540,0.000000,-0.094340
1913-12-31,0.209223,3.061224,-0.050147,-1.571171,0.000000,-0.133255
1914-01-31,0.194555,3.041422,-0.040802,-1.500471,0.000000,-0.133255
1914-02-28,0.008360,2.040816,0.003717,-1.292848,0.000000,-0.116587
1914-03-31,-0.178026,1.020408,0.020703,-1.166681,0.000000,-0.100367
1914-04-30,-0.179613,1.020408,0.004224,-1.236333,0.000000,-0.100367
1914-05-31,-0.363291,0.000000,-0.019915,-1.278607,0.000000,-0.095941
1914-06-30,-0.000635,2.061856,-0.013166,-1.274070,0.000000,-0.042969
1914-07-31,-0.189974,1.020408,-0.014187,-1.272100,0.000000,-0.042969
1914-08-31,-0.195298,1.010101,-0.059054,-1.524346,0.000000,-0.042969
1914-09-30,0.161693,3.030303,-0.052320,-1.569054,0.000000,-0.042969
1914-10-31,-0.025725,2.000000,-0.047973,-1.534791,0.000000,-0.042969
1914-11-30,-0.204577,1.000000,-0.043706,-1.465352,0.000000,-0.023342
1914-12-31,-0.200950,0.990099,-0.035418,-1.475045,0.000000,-0.023342
1915-01-31,-0.193788,1.000000,-0.063575,-1.575101,0.000000,-0.023342
1915-02-28,-0.191819,1.000000,-0.036703,-1.480640,0.000000,-0.023342
1915-03-31,-0.191599,1.010101,-0.040437,-1.471334,0.000000,-0.032700
1915-04-30,-0.372823,0.000000,-0.007994,-1.316459,0.000000,-0.043249
1915-05-31,-0.008010,2.040816,0.066562,-1.041055,0.000000,-0.043249
1915-06-30,-0.011211,2.020202,0.037995,-1.168665,0.000000,-0.043249
1915-07-31,-0.010714,2.020202,0.044834,-1.104800,0.000000,-0.043249
1915-08-31,-0.191724,1.000000,0.036491,-1.108285,0.000000,-0.043249
1915-09-30,-0.541414,-0.980392,0.071199,-0.912132,0.000000,-0.043249
1915-10-31,-0.539589,-0.980392,0.097175,-0.730499,0.000000,-0.043249
1915-11-30,-0.188290,0.990099,0.132309,-0.497191,0.000000,-0.043249
1915-12-31,-0.193402,0.980392,0.143894,-0.352284,0.000000,-0.040157
1916-01-31,-0.017047,1.980198,0.117925,-0.328214,0.000000,-0.062684
1916-02-29,0.156271,2.970297,0.077865,-0.465688,0.000000,-0.115573
1916-03-31,0.335211,4.000000,0.049989,-0.543275,0.000000,-0.115573
1916-04-30,0.696527,6.060606,0.032193,-0.619409,0.000000,-0.115573
1916-05-31,0.677179,6.000000,0.009236,-0.745936,0.000000,-0.132223
1916-06-30,0.661741,5.940594,0.017228,-0.674580,0.000000,-0.132223
1916-07-31,0.831120,6.930693,0.015845,-0.680895,0.000000,-0.139079
1916-08-31,0.819061,6.930693,-0.004422,-0.783085,0.000000,-0.164545
1916-09-30,0.981147,7.920792,0.001400,-0.815400,1.000000,-0.204701
1916-10-31,1.312718,9.900990,0.039854,-0.693987,1.000000,-0.247796
1916-11-30,1.449627,10.784314,0.066353,-0.626202,1.000000,-0.281633
1916-12-31,1.577275,11.650485,0.080766,-0.615952,1.000000,-0.289446
1917-01-31,1.715301,12.621359,0.030819,-1.037160,1.000000,-0.269603
1917-02-28,1.664052,12.500000,0.002409,-1.325951,1.000000,-0.269603
1917-03-31,2.102982,15.384615,-0.053757,-1.952377,1.000000,-0.258451
1917-04-30,1.881493,14.285714,-0.024825,-1.731415,1.000000,-0.247788
1917-05-31,2.543293,18.867925,-0.037573,-2.151708,1.000000,-0.247788
1917-06-30,2.575356,19.626168,-0.066484,-2.417021,1.000000,-0.226394
1917-07-31,2.602585,20.370370,-0.044902,-2.333390,1.000000,-0.202814
1917-08-31,2.278398,18.518519,-0.062500,-2.350140,0.000000,-0.162562
1917-09-30,2.328798,19.266055,-0.075940,-2.534626,0.000000,-0.114583
1917-10-31,2.342712,19.819820,-0.099978,-2.803420,0.000000,-0.034091
1917-11-30,2.230796,19.469027,-0.128263,-3.018472,0.000000,-0.029610
1917-12-31,1.893609,17.391304,-0.177282,-3.235375,0.000000,-0.029610
1918-01-31,1.941683,18.103448,-0.184065,-3.253231,0.000000,-0.029610
1918-02-28,2.093558,19.658120,-0.112506,-2.988754,0.000000,-0.026055
1918-03-31,1.768140,17.500000,-0.065409,-2.798904,0.000000,-0.026055
1918-04-30,1.624872,16.666667,-0.065708,-2.735202,0.000000,-0.026055
1918-05-31,1.084291,12.698413,-0.052438,-2.703504,0.000000,-0.026055
1918-06-30,1.142182,13.281250,-0.004549,-2.575290,0.000000,-0.026055
1918-07-31,1.097974,13.076923,0.011404,-2.520338,0.000000,-0.026055
1918-08-31,1.709921,17.968750,0.028063,-2.485017,0.000000,-0.067298
1918-09-30,1.739336,18.461538,0.039068,-2.430024,0.000000,-0.067298
1918-10-31,1.653071,18.045113,0.026549,-2.411547,0.000000,-0.067298
1918-11-30,1.681965,18.518519,0.054892,-2.280757,0.000000,-0.067298
1918-12-31,1.921204,20.740741,0.069533,-2.199353,0.000000,-0.067298
1919-01-31,1.838063,20.437956,0.041804,-2.213788,0.000000,-0.071504
1919-02-28,1.483925,17.857143,0.027487,-2.167687,0.000000,-0.071504
1919-03-31,1.098176,14.893617,0.022447,-2.057825,0.000000,-0.148265
1919-04-30,1.355197,17.142857,0.044373,-1.964266,0.000000,-0.148265
1919-05-31,1.389478,17.605634,0.066209,-1.882861,0.000000,-0.152471
1919-06-30,1.243426,16.551724,0.119152,-1.709837,0.000000,-0.167192
1919-07-31,1.039988,14.965986,0.126192,-1.608304,0.000000,-0.164731
1919-08-31,1.059500,15.231788,0.135522,-1.568532,0.000000,-0.197466
1919-09-30,1.013362,14.935065,0.046484,-1.745233,0.000000,-0.197466
1919-10-31,0.820837,13.375796,0.051219,-1.684614,0.000000,-0.173014
1919-11-30,0.787223,13.125000,0.085014,-1.570066,0.000000,-0.161435
1919-12-31,0.827278,13.496933,0.037012,-1.656703,1.000000,-0.228766
1920-01-31,0.945700,14.545455,-0.005131,-1.732412,1.000000,-0.214533
1920-02-29,1.221299,16.969697,-0.022906,-1.757272,1.000000,-0.214533
1920-03-31,1.596279,20.370370,-0.100799,-1.902869,1.000000,-0.208140
1920-04-30,1.545099,20.121951,-0.034306,-1.743885,0.000000,-0.155087
1920-05-31,1.681477,21.556886,-0.035550,-1.773628,0.000000,-0.140152
1920-06-30,1.685352,21.893491,-0.081167,-1.871788,0.000000,-0.171934
1920-07-31,1.842349,23.668639,-0.087242,-1.875742,0.000000,-0.171320
1920-08-31,1.357061,19.540230,-0.076690,-1.819416,0.000000,-0.181472
1920-09-30,0.806757,14.689266,-0.093079,-1.797167,0.000000,-0.181472
1920-10-31,0.538819,12.359551,-0.045829,-1.669238,0.000000,-0.137701
1920-11-30,0.260134,9.944751,-0.032417,-1.619161,0.000000,-0.094101
1920-12-31,-0.078955,7.027027,-0.066051,-1.659642,0.000000,-0.094101
1921-01-31,-0.589357,2.645503,-0.135787,-1.733841,0.000000,-0.094101
1921-02-28,-1.080655,-1.554404,-0.079493,-1.594121,0.000000,-0.094101
1921-03-31,-1.564476,-5.641026,-0.067371,-1.519193,0.000000,-0.094101
1921-04-30,-1.747815,-7.106599,-0.076758,-1.518918,0.000000,-0.094101
1921-05-31,-2.201232,-10.837438,-0.059992,-1.461681,0.000000,-0.015267
1921-06-30,-2.568737,-14.077670,-0.020902,-1.341798,0.000000,-0.012251
1921-07-31,-2.735835,-15.789474,-0.086089,-1.448518,0.000000,-0.009379
1921-08-31,-2.603450,-14.903846,-0.071520,-1.433994,0.000000,-0.009379
1921-09-30,-2.330966,-12.807882,-0.063861,-1.421774,0.000000,-0.009379
1921-10-31,-2.258815,-12.500000,-0.028370,-1.327933,0.000000,-0.009379
1921-11-30,-2.167116,-12.060302,-0.013545,-1.272971,0.000000,-0.049676
1921-12-31,-2.129904,-12.121212,0.040224,-1.138464,0.000000,-0.051836
1922-01-31,-1.958311,-10.824742,0.073106,-1.032637,0.000000,-0.051836
1922-02-28,-1.948599,-11.052632,0.065072,-0.960826,0.000000,-0.051836
1922-03-31,-1.615718,-8.152174,0.079751,-0.888841,0.000000,-0.051836
1922-04-30,-1.647632,-8.743169,0.110314,-0.756298,0.000000,-0.051836
1922-05-31,-1.513487,-7.734807,0.150343,-0.593123,0.000000,-0.080594
1922-06-30,-1.277901,-5.649718,0.162601,-0.473074,0.000000,-0.115589
1922-07-31,-1.203736,-5.113636,0.121136,-0.472384,0.000000,-0.145281
1922-08-31,-1.182385,-5.084746,0.101333,-0.444481,0.000000,-0.145281
1922-09-30,-1.276630,-6.214689,0.112091,-0.286314,0.000000,-0.145281
1922-10-31,-1.153656,-5.142857,0.113022,-0.186339,0.000000,-0.148462
1922-11-30,-1.082623,-4.571429,0.110978,-0.112319,0.000000,-0.148462
1922-12-31,-0.959124,-3.448276,0.037124,-0.254948,0.000000,-0.148462
1923-01-31,-0.836952,-2.312139,0.018916,-0.253814,0.000000,-0.148462
1923-02-28,-0.660544,-0.591716,0.019123,-0.170270,0.000000,-0.148462
1923-03-31,-0.653826,-0.591716,0.049774,-0.015506,0.000000,-0.117582
1923-04-30,-0.534102,0.598802,0.055991,0.060134,0.000000,-0.073818
1923-05-31,-0.475851,1.197605,0.011673,-0.052599,0.000000,-0.045096
1923-06-30,-0.477129,1.197605,-0.037843,-0.184061,0.000000,-0.045096
1923-07-31,-0.418447,1.796407,-0.069404,-0.301053,0.000000,-0.045096
1923-08-31,-0.360755,2.380952,-0.090499,-0.417010,0.000000,-0.045096
1923-09-30,-0.300009,3.012048,-0.073862,-0.367598,0.000000,-0.045096
1923-10-31,-0.242529,3.614458,-0.061168,-0.349273,0.000000,-0.045096
1923-11-30,-0.246010,3.592814,-0.066930,-0.393967,0.000000,-0.045096
1923-12-31,-0.306234,2.976190,-0.031956,-0.291780,0.000000,-0.045096
1924-01-31,-0.365201,2.366864,0.009445,-0.175297,0.000000,-0.045096
1924-02-29,-0.306472,2.976190,0.049941,-0.057295,0.000000,-0.026437
1924-03-31,-0.365970,2.380952,0.057589,-0.007899,0.000000,-0.026242
1924-04-30,-0.424957,1.785714,0.036949,-0.038685,0.000000,-0.036551
1924-05-31,-0.542449,0.591716,0.011182,-0.082877,0.000000,-0.036551
1924-06-30,-0.540942,0.591716,0.002723,-0.081081,0.000000,-0.036551
1924-07-31,-0.597731,0.000000,0.015294,-0.004843,0.000000,-0.036551
1924-08-31,-0.652801,-0.581395,0.051467,0.143415,0.000000,-0.036551
1924-09-30,-0.649275,-0.584795,0.071224,0.296914,0.000000,-0.036551
1924-10-31,-0.646130,-0.581395,0.049110,0.246394,0.000000,-0.036551
1924-11-30,-0.644048,-0.578035,0.028732,0.185022,0.000000,-0.036551
1924-12-31,-0.642308,-0.578035,0.076373,0.396888,0.000000,-0.036551
1925-01-31,-0.584975,0.000000,0.118327,0.586210,0.000000,-0.036551
1925-02-28,-0.583909,0.000000,0.140947,0.757842,0.000000,-0.010587
1925-03-31,-0.582833,0.000000,0.124341,0.821813,0.000000,-0.067877
1925-04-30,-0.470323,1.169591,0.073125,0.691581,0.000000,-0.093923
1925-05-31,-0.468811,1.176471,0.043973,0.685539,0.000000,-0.093923
1925-06-30,-0.411377,1.764706,0.060470,0.807144,0.000000,-0.093923
1925-07-31,-0.297823,2.941176,0.063935,0.847370,0.000000,-0.093923
1925-08-31,-0.244843,3.508772,0.073916,0.932040,0.000000,-0.093923
1925-09-30,-0.190069,4.117647,0.066553,1.011770,0.000000,-0.093923
1925-10-31,-0.253517,3.508772,0.072194,1.142353,0.000000,-0.093923
1925-11-30,-0.314053,2.906977,0.090026,1.331406,0.000000,-0.093923
1925-12-31,-0.146731,4.651163,0.106898,1.438365,0.000000,-0.093923
1926-01-31,-0.263773,3.468208,0.107064,1.590603,0.000000,-0.093923
1926-02-28,-0.264210,3.468208,0.101820,1.704776,0.000000,-0.027942
1926-03-31,-0.205392,4.069767,0.081058,1.745708,0.000000,-0.022523
1926-04-30,-0.318123,2.890173,-0.002534,1.436291,0.000000,-0.022523
1926-05-31,-0.201111,4.069767,-0.035942,1.299636,0.000000,-0.022523
1926-06-30,-0.313879,2.890173,-0.032960,1.410430,0.000000,-0.022523
1926-07-31,-0.479555,1.142857,0.005814,1.739374,0.000000,-0.022523
1926-08-31,-0.693613,-1.129944,0.038598,2.078713,0.000000,-0.022523
1926-09-30,-0.739273,-1.694915,0.068926,2.372910,0.000000,-0.006672
1926-10-31,-0.674501,-1.129944,0.075929,2.454759,0.000000,-0.015348
1926-11-30,-0.610065,-0.564972,0.046960,2.311824,0.000000,-0.015348
1926-12-31,-0.705758,-1.666667,0.056045,2.390861,0.000000,-0.015348
1927-01-31,-0.641490,-1.117318,0.073019,2.542835,0.000000,-0.028153
1927-02-28,-0.737749,-2.234637,0.052549,2.572395,0.000000,-0.045608
1927-03-31,-0.778371,-2.793296,0.054908,2.699360,0.000000,-0.045608
1927-04-30,-0.766670,-2.808989,0.052352,2.790878,0.000000,-0.045608
1927-05-31,-0.805414,-3.351955,0.061240,2.880275,0.000000,-0.052838
1927-06-30,-0.684344,-2.247191,0.081041,2.970507,0.000000,-0.102740
1927-07-31,-0.506250,-0.564972,0.080944,2.893970,0.000000,-0.102740
1927-08-31,-0.551172,-1.142857,0.089868,3.033021,0.000000,-0.102740
1927-09-30,-0.539251,-1.149425,0.123651,3.257710,0.000000,-0.102740
1927-10-31,-0.525923,-1.142857,0.157025,3.403956,0.000000,-0.102740
1927-11-30,-0.512616,-1.136364,0.114973,3.135790,0.000000,-0.102740
1927-12-31,-0.615288,-2.259887,0.113141,3.165904,0.000000,-0.102740
1928-01-31,-0.602518,-2.259887,0.111677,3.163227,0.000000,-0.102740
1928-02-29,-0.473278,-1.142857,0.081895,3.057225,0.000000,-0.102740
1928-03-31,-0.522012,-1.724138,0.044242,2.936218,0.000000,-0.102740
1928-04-30,-0.449386,-1.156069,0.136129,3.087017,0.000000,-0.102740
1928-05-31,-0.438655,-1.156069,0.132529,3.265542,0.000000,-0.086198
1928-06-30,-0.426930,-1.149425,0.117355,3.236094,0.000000,-0.082290
1928-07-31,-0.597555,-2.840909,0.052108,2.871858,0.000000,-0.082290
1928-08-31,-0.402025,-1.156069,0.054737,2.791942,0.000000,-0.082290
1928-09-30,-0.325721,-0.581395,0.108836,2.828183,0.000000,-0.082290
1928-10-31,-0.247606,0.000000,0.100468,2.971058,1.000000,-0.358757
1928-11-30,-0.363472,-1.149425,0.105446,2.957108,1.000000,-0.445700
1928-12-31,-0.283469,-0.578035,0.197062,3.123004,1.000000,-0.445700
1929-01-31,-0.336313,-1.156069,0.159966,3.012046,1.000000,-0.445700
1929-02-28,-0.322452,-1.156069,0.189574,3.190735,1.000000,-0.445700
1929-03-31,-0.170146,0.000000,0.151562,3.047165,1.000000,-0.445700
1929-04-30,-0.226872,-0.584795,0.120966,2.999711,1.000000,-0.445700
1929-05-31,-0.284728,-1.169591,0.105948,2.852804,1.000000,-0.445700
1929-06-30,-0.269572,-1.162791,0.034799,2.757369,1.000000,-0.445700
1929-07-31,-0.106412,0.000000,0.112013,2.686391,1.000000,-0.445700
1929-08-31,0.061299,1.169591,0.135979,2.873853,1.000000,-0.445700
1929-09-30,0.077552,1.169591,0.199955,2.969810,1.000000,-0.426809
1929-10-31,-0.064594,0.000000,0.116458,2.986101,1.000000,-0.347994
1929-11-30,0.028540,0.581395,-0.105357,2.388835,1.000000,-0.400463
1929-12-31,0.043887,0.581395,-0.210923,1.275183,1.000000,-0.442901
1930-01-31,0.061550,0.584795,-0.178098,1.366322,1.000000,-0.442901
1930-02-28,-0.001106,0.000000,-0.117488,1.382520,1.000000,-0.442901
1930-03-31,-0.062838,-0.584795,-0.089131,1.542926,1.000000,-0.442901
1930-04-30,-0.038968,-0.588235,-0.052570,1.630536,1.000000,-0.415140
1930-05-31,0.182644,0.591716,-0.013432,1.761786,1.000000,-0.466393
1930-06-30,0.019916,-0.588235,-0.012500,1.525225,1.000000,-0.441903
1930-07-31,-0.160683,-1.754386,-0.135797,1.177720,1.000000,-0.441903
1930-08-31,-0.600412,-4.046243,-0.068920,1.116281,1.000000,-0.441903
1930-09-30,-0.716632,-4.624277,-0.050307,1.065218,1.000000,-0.500000
1930-10-31,-0.584472,-4.046243,-0.165207,1.017646,1.000000,-0.514584
1930-11-30,-0.703285,-4.624277,-0.223577,0.622763,1.000000,-0.514584
1930-12-31,-0.822419,-5.202312,-0.226519,0.440270,1.000000,-0.575124
1931-01-31,-1.078913,-6.395349,-0.247412,0.309947,1.000000,-0.584480
1931-02-28,-1.204141,-7.017544,-0.173431,0.387174,1.000000,-0.584718
1931-03-31,-1.338525,-7.647059,-0.046032,0.573777,1.000000,-0.562799
1931-04-30,-1.345785,-7.692308,-0.078918,0.618605,1.000000,-0.622409
1931-05-31,-1.618271,-8.823529,-0.141785,0.372324,1.000000,-0.708795
1931-06-30,-1.811847,-9.467456,-0.223336,0.158270,1.000000,-0.711664
1931-07-31,-2.035861,-10.119048,-0.079454,0.100278,1.000000,-0.692092
1931-08-31,-1.841960,-9.036145,-0.121224,0.152986,1.000000,-0.683908
1931-09-30,-1.749790,-8.484848,-0.095064,0.069816,1.000000,-0.618056
1931-10-31,-2.079231,-9.638554,-0.337156,-0.252088,1.000000,-0.618056
1931-11-30,-2.125596,-9.696970,-0.263314,-0.501432,1.000000,-0.530917
1931-12-31,-2.326516,-10.365854,-0.295722,-0.472037,1.000000,-0.510022
1932-01-31,-2.069253,-9.316770,-0.350296,-0.784855,1.000000,-0.510022
1932-02-29,-2.281453,-10.062893,-0.316872,-0.790546,1.000000,-0.510022
1932-03-31,-2.289845,-10.191083,-0.242438,-0.793266,1.000000,-0.406015
1932-04-30,-2.287647,-10.256410,-0.295218,-0.787723,1.000000,-0.406015
1932-05-31,-2.274027,-10.322581,-0.384502,-1.114153,1.000000,-0.406015
1932-06-30,-2.259197,-10.457516,-0.476948,-1.228453,1.000000,-0.406015
1932-07-31,-2.083236,-9.933775,-0.417335,-1.343293,1.000000,-0.406015
1932-08-31,-2.042604,-9.933775,-0.166551,-1.297777,1.000000,-0.406015
1932-09-30,-2.164944,-10.596026,0.193287,-0.862110,1.000000,-0.313896
1932-10-31,-2.134930,-10.666667,0.172884,-0.729643,1.000000,-0.294262
1932-11-30,-2.103329,-10.738255,0.027610,-0.917485,1.000000,-0.294262
1932-12-31,-1.934018,-10.204082,-0.012662,-0.920795,1.000000,-0.294262
1933-01-31,-1.904945,-10.273973,0.065107,-0.951691,1.000000,-0.294262
1933-02-28,-1.754293,-9.790210,0.074303,-0.883965,1.000000,-0.294262
1933-03-31,-1.745841,-9.929078,-0.121527,-1.014492,1.000000,-0.294262
1933-04-30,-1.722546,-10.000000,-0.111077,-1.005393,1.000000,-0.294262
1933-05-31,-1.548289,-9.352518,0.131339,-0.882000,1.000000,-0.294262
1933-06-30,-1.237278,-8.029197,0.323812,-0.517622,1.000000,-0.294262
1933-07-31,-0.914772,-6.617647,0.448102,-0.253812,1.000000,-0.292724
1933-08-31,-0.265012,-3.676471,0.288693,-0.165857,1.000000,-0.292724
1933-09-30,0.062680,-2.222222,0.363413,-0.285984,1.000000,-0.292724
1933-10-31,0.234211,-1.492537,0.150160,-0.305661,1.000000,-0.292724
1933-11-30,0.409227,-0.751880,0.035240,-0.496979,1.000000,-0.292724
1933-12-31,0.585497,0.000000,0.104034,-0.457171,1.000000,-0.292724
1934-01-31,0.761841,0.763359,0.062900,-0.423840,1.000000,-0.292724
1934-02-28,1.116019,2.325581,0.126917,-0.318741,1.000000,-0.250896
1934-03-31,1.641791,4.724409,0.054385,-0.189545,1.000000,-0.277778
1934-04-30,1.802964,5.555556,0.030768,-0.300482,1.000000,-0.229445
1934-05-31,1.773444,5.555556,0.019692,-0.268428,1.000000,-0.222758
1934-06-30,1.744948,5.555556,-0.060055,-0.482721,0.000000,-0.193193
1934-07-31,1.706214,5.511811,-0.028328,-0.473816,0.000000,-0.158664
1934-08-31,1.007007,2.290076,-0.131305,-0.565417,0.000000,-0.158664
1934-09-30,0.835873,1.515152,-0.086005,-0.637381,0.000000,-0.158664
1934-10-31,1.146530,3.030303,-0.085691,-0.705926,0.000000,-0.158664
1934-11-30,0.977532,2.272727,-0.102394,-0.680380,0.000000,-0.158664
1934-12-31,0.969214,2.272727,-0.011604,-0.631781,0.000000,-0.158664
1935-01-31,0.805666,1.515152,-0.002729,-0.606168,0.000000,-0.137045
1935-02-28,1.114008,3.030303,-0.029230,-0.632495,0.000000,-0.099671
1935-03-31,1.099400,3.007519,-0.050206,-0.699994,0.000000,-0.099671
1935-04-30,1.093025,3.007519,-0.069998,-0.811798,0.000000,-0.127660
1935-05-31,1.239326,3.759398,0.027344,-0.702710,0.000000,-0.127660
1935-06-30,1.231491,3.759398,0.050093,-0.566249,0.000000,-0.127660
1935-07-31,0.920351,2.238806,0.109185,-0.482498,0.000000,-0.127660
1935-08-31,0.924682,2.238806,0.174724,-0.381570,0.000000,-0.127660
1935-09-30,0.931336,2.238806,0.161757,-0.242373,0.000000,-0.127660
1935-10-31,0.626723,0.735294,0.173077,-0.197751,0.000000,-0.127660
1935-11-30,0.786653,1.481481,0.224450,-0.137718,0.000000,-0.127660
1935-12-31,0.950597,2.222222,0.225379,0.066881,0.000000,-0.127660
1936-01-31,1.112833,2.985075,0.217699,0.065051,0.000000,-0.127660
1936-02-29,0.800651,1.470588,0.232028,0.209030,0.000000,-0.127660
1936-03-31,0.654076,0.729927,0.201943,0.366704,0.000000,-0.127660
1936-04-30,0.506316,0.000000,0.176563,0.447831,0.000000,-0.143546
1936-05-31,0.363037,-0.724638,0.056468,0.447239,0.000000,-0.163364
1936-06-30,0.371342,-0.724638,0.077360,0.278915,0.000000,-0.190145
1936-07-31,0.686500,0.729927,0.081160,0.375871,0.000000,-0.190145
1936-08-31,0.837305,1.459854,0.119983,0.525984,0.000000,-0.190145
1936-09-30,0.983639,2.189781,0.102378,0.559743,1.000000,-0.292983
1936-10-31,0.974068,2.189781,0.080880,0.589401,1.000000,-0.423674
1936-11-30,0.965929,2.189781,0.134150,0.751179,1.000000,-0.455276
1936-12-31,0.800501,1.449275,0.115631,0.834870,1.000000,-0.455276
1937-01-31,0.794045,1.449275,0.091001,0.761065,1.000000,-0.455276
1937-02-28,0.936386,2.173913,0.108408,0.829468,1.000000,-0.455276
1937-03-31,0.924328,2.173913,0.097139,0.918314,1.000000,-0.520045
1937-04-30,1.215974,3.649635,0.065842,0.872017,1.000000,-0.507817
1937-05-31,1.345088,4.379562,-0.031935,0.619554,1.000000,-0.507817
1937-06-30,1.470244,5.109489,-0.044260,0.436022,1.000000,-0.507817
1937-07-31,1.296337,4.347826,-0.091660,0.306302,1.000000,-0.507817
1937-08-31,1.272006,4.316547,-0.015267,0.453770,1.000000,-0.455477
1937-09-30,1.107155,3.571429,-0.051505,0.475509,1.000000,-0.380466
1937-10-31,1.234307,4.285714,-0.169032,-0.006615,1.000000,-0.296358
1937-11-30,1.217633,4.285714,-0.231774,-0.408249,1.000000,-0.288703
1937-12-31,1.060496,3.571429,-0.279040,-0.597205,1.000000,-0.288703
1938-01-31,0.907173,2.857143,-0.280306,-0.613196,1.000000,-0.272260
1938-02-28,0.478993,0.709220,-0.232922,-0.523725,1.000000,-0.258290
1938-03-31,0.335895,0.000000,-0.155433,-0.556103,1.000000,-0.210640
1938-04-30,0.196083,-0.704225,-0.328116,-0.689332,1.000000,-0.250899
1938-05-31,0.196281,-0.699301,-0.191000,-0.771926,1.000000,-0.250899
1938-06-30,-0.075393,-2.083333,-0.182468,-0.726315,1.000000,-0.250899
1938-07-31,-0.076654,-2.083333,0.061427,-0.666609,1.000000,-0.250899
1938-08-31,-0.207320,-2.758621,0.147190,-0.254963,1.000000,-0.250899
1938-09-30,-0.203745,-2.758621,0.125105,-0.224618,1.000000,-0.250899
1938-10-31,-0.329612,-3.424658,0.129985,-0.315823,1.000000,-0.244380
1938-11-30,-0.459583,-4.109589,0.187128,-0.013324,1.000000,-0.212396
1938-12-31,-0.324344,-3.448276,0.126748,0.013789,1.000000,-0.212396
1939-01-31,-0.189425,-2.777778,0.144799,-0.038940,1.000000,-0.204580
1939-02-28,0.081034,-1.408451,0.037274,-0.049998,1.000000,-0.204580
1939-03-31,0.081438,-1.418440,0.045267,-0.022865,0.000000,-0.108374
1939-04-30,0.082827,-1.418440,-0.108839,0.005778,0.000000,-0.108374
1939-05-31,-0.190452,-2.816901,-0.108337,-0.300696,1.000000,-0.308100
1939-06-30,-0.052849,-2.127660,-0.048010,-0.178718,1.000000,-0.319455
1939-07-31,-0.049378,-2.127660,-0.099876,-0.099884,1.000000,-0.319455
1939-08-31,-0.044019,-2.127660,-0.000415,0.005735,1.000000,-0.319455
1939-09-30,-0.038645,-2.127660,-0.056222,0.003035,1.000000,-0.319455
1939-10-31,0.382806,0.000000,0.079143,0.319270,1.000000,-0.305792
1939-11-30,0.383930,0.000000,0.085357,0.437257,1.000000,-0.296006
1939-12-31,0.385055,0.000000,0.032935,0.399176,1.000000,-0.296006
1940-01-31,0.386188,0.000000,0.057097,0.341608,1.000000,-0.285941
1940-02-29,0.245791,-0.714286,0.013116,0.379831,1.000000,-0.285941
1940-03-31,0.527641,0.719424,0.009655,0.363182,1.000000,-0.285941
1940-04-30,0.525027,0.719424,0.008946,0.378102,1.000000,-0.258251
1940-05-31,0.667616,1.449275,-0.001229,0.458844,0.000000,-0.183494
1940-06-30,0.663213,1.449275,-0.222837,-0.076326,0.000000,-0.183494
1940-07-31,0.797771,2.173913,-0.154810,-0.392831,0.000000,-0.183494
1940-08-31,0.645310,1.449275,-0.109708,-0.242699,0.000000,-0.183494
1940-09-30,0.635075,1.449275,-0.072848,-0.154860,0.000000,-0.183494
1940-10-31,0.204988,-0.709220,-0.045743,0.011002,0.000000,-0.183494
1940-11-30,0.337350,0.000000,0.004260,0.050629,0.000000,-0.160221
1940-12-31,0.329316,0.000000,-0.028939,0.139850,1.000000,-0.229282
1941-01-31,0.459902,0.714286,-0.013979,-0.053425,1.000000,-0.200573
1941-02-28,0.591382,1.438849,-0.042685,-0.048333,1.000000,-0.200573
1941-03-31,0.436009,0.714286,-0.036145,-0.283924,1.000000,-0.237822
1941-04-30,0.566431,1.428571,-0.038703,-0.285808,1.000000,-0.286533
1941-05-31,0.696657,2.142857,-0.095590,-0.421654,1.000000,-0.286533
1941-06-30,0.827591,2.857143,-0.080663,-0.522082,1.000000,-0.286533
1941-07-31,1.098384,4.255319,-0.028408,-0.480014,1.000000,-0.286533
1941-08-31,1.233804,5.000000,0.027594,-0.313380,1.000000,-0.286533
1941-09-30,1.504751,6.428571,0.024823,-0.385313,1.000000,-0.265487
1941-10-31,1.771799,7.857143,0.020612,-0.434557,1.000000,-0.226708
1941-11-30,2.029427,9.285714,-0.039045,-0.629809,1.000000,-0.203625
1941-12-31,2.137821,10.000000,-0.068532,-0.812016,0.000000,-0.178218
1942-01-31,2.081674,9.929078,-0.101158,-1.043777,0.000000,-0.167224
1942-02-28,2.323110,11.347518,-0.073977,-1.043625,0.000000,-0.131395
1942-03-31,2.413868,12.056738,-0.094360,-1.162383,0.000000,-0.089024
1942-04-30,2.482035,12.676056,-0.143132,-1.347603,0.000000,-0.052721
1942-05-31,2.412851,12.587413,-0.160916,-1.485801,0.000000,-0.052721
1942-06-30,2.480609,13.194444,-0.084784,-1.514857,0.000000,-0.052721
1942-07-31,1.990826,10.884354,-0.046744,-1.431768,0.000000,-0.062500
1942-08-31,2.093692,11.564626,0.001990,-1.390160,0.000000,-0.092563
1942-09-30,1.908176,10.738255,0.019515,-1.431372,0.000000,-0.092563
1942-10-31,1.601610,9.271523,0.050071,-1.407806,0.000000,-0.092563
1942-11-30,1.568497,9.150327,0.101825,-1.264627,0.000000,-0.130538
1942-12-31,1.547178,9.090909,0.087949,-1.254704,0.000000,-0.130538
1943-01-31,1.528303,9.032258,0.128566,-1.277047,0.000000,-0.130538
1943-02-28,1.224186,7.643312,0.173034,-1.129628,0.000000,-0.130538
1943-03-31,1.070552,6.962025,0.188387,-0.982116,0.000000,-0.130538
1943-04-30,1.190685,7.500000,0.209526,-0.957317,0.000000,-0.130538
1943-05-31,1.322235,8.074534,0.170352,-0.913133,0.000000,-0.130538
1943-06-30,1.147242,7.361963,0.175380,-0.815851,0.000000,-0.130538
1943-07-31,1.137321,7.361963,0.162353,-0.763457,0.000000,-0.102124
1943-08-31,0.812189,6.097561,0.084668,-0.679380,0.000000,-0.102124
1943-09-30,0.490197,4.848485,0.056496,-0.842641,0.000000,-0.090984
1943-10-31,0.629222,5.454545,0.055206,-0.799045,0.000000,-0.078020
1943-11-30,0.303443,4.191617,0.021266,-0.841637,0.000000,-0.069329
1943-12-31,0.140382,3.571429,-0.059727,-1.002164,0.000000,-0.069329
1944-01-31,-0.018667,2.958580,-0.010178,-0.963778,0.000000,-0.069329
1944-02-29,-0.020000,2.958580,0.002793,-0.862526,0.000000,-0.069329
1944-03-31,-0.016299,2.958580,-0.001689,-0.883272,0.000000,-0.069329
1944-04-30,-0.460933,1.162791,0.015460,-0.794268,0.000000,-0.069329
1944-05-31,-0.599234,0.574713,0.006871,-0.869803,0.000000,-0.069329
1944-06-30,-0.732508,0.000000,0.043162,-0.816976,0.000000,-0.069329
1944-07-31,-0.577954,0.571429,0.085557,-0.688216,0.000000,-0.068846
1944-08-31,-0.285271,1.724138,0.057404,-0.627697,0.000000,-0.068846
1944-09-30,-0.138391,2.312139,0.058542,-0.686415,0.000000,-0.068846
1944-10-31,-0.284218,1.724138,0.037206,-0.750707,0.000000,-0.068846
1944-11-30,-0.282992,1.724138,0.031144,-0.677600,0.000000,-0.068846
1944-12-31,-0.281767,1.724138,0.027057,-0.708514,0.000000,-0.068846
1945-01-31,-0.138278,2.298851,0.050799,-0.661344,0.000000,-0.068846
1945-02-28,-0.136728,2.298851,0.053743,-0.568173,0.000000,-0.101070
1945-03-31,-0.135226,2.298851,0.097804,-0.459841,0.000000,-0.101070
1945-04-30,-0.133724,2.298851,0.034824,-0.471717,0.000000,-0.101070
1945-05-31,-0.277103,1.714286,0.112611,-0.384970,0.000000,-0.101070
1945-06-30,-0.129645,2.285714,0.106279,-0.267697,0.000000,-0.101070
1945-07-31,0.009388,2.840909,0.079649,-0.241434,0.000000,-0.101070
1945-08-31,-0.137496,2.259887,0.049767,-0.318810,0.000000,-0.135065
1945-09-30,-0.137541,2.259887,0.089338,-0.301372,1.000000,-0.255584
1945-10-31,-0.140904,2.259887,0.102335,-0.037413,1.000000,-0.266494
1945-11-30,-0.142602,2.259887,0.117675,0.135077,1.000000,-0.266494
1945-12-31,-0.142683,2.259887,0.125811,0.279320,1.000000,-0.266494
1946-01-31,-0.144328,2.247191,0.114607,0.334033,1.000000,-0.266494
1946-02-28,-0.146025,2.247191,0.155497,0.518832,1.000000,-0.266494
1946-03-31,-0.290522,1.685393,0.059148,0.569152,1.000000,-0.266494
1946-04-30,-0.011763,2.808989,0.085570,0.392766,1.000000,-0.268052
1946-05-31,0.122662,3.370787,0.103075,0.679145,1.000000,-0.277165
1946-06-30,0.109595,3.351955,0.098574,0.678124,1.000000,-0.257282
1946-07-31,0.094737,3.314917,0.038251,0.615266,1.000000,-0.244652
1946-08-31,1.616823,9.392265,0.001003,0.240140,0.000000,-0.146840
1946-09-30,2.115964,11.602210,-0.072010,0.092592,0.000000,-0.146840
1946-10-31,2.314917,12.707182,-0.155709,-0.574800,0.000000,-0.146840
1946-11-30,2.735563,14.917127,-0.150398,-0.710620,0.000000,-0.146840
1946-12-31,3.206433,17.679558,-0.140415,-0.794815,0.000000,-0.146840
1947-01-31,3.139637,18.131868,-0.093602,-0.697219,0.000000,-0.146840
1947-02-28,2.991806,18.131868,-0.059007,-0.656338,0.000000,-0.140819
1947-03-31,2.980674,18.784530,-0.053897,-0.473606,0.000000,-0.141439
1947-04-30,3.008513,19.672131,-0.046392,-0.721868,0.000000,-0.141439
1947-05-31,2.766358,19.021739,-0.060749,-0.872403,0.000000,-0.141439
1947-06-30,2.553521,18.378378,-0.047588,-0.935257,0.000000,-0.141439
1947-07-31,2.345268,17.647059,0.012111,-0.779789,0.000000,-0.124051
1947-08-31,1.351851,12.121212,0.043156,-0.506065,0.000000,-0.123496
1947-09-30,1.204897,11.386139,0.010821,-0.660374,0.000000,-0.123496
1947-10-31,1.416085,12.745098,-0.005856,-0.883613,0.000000,-0.109613
1947-11-30,1.029748,10.576923,0.014331,-0.728349,0.000000,-0.135404
1947-12-31,0.657842,8.450704,-0.010829,-0.791518,0.000000,-0.135404
1948-01-31,0.714072,8.837209,0.011169,-0.916826,0.000000,-0.135404
1948-02-29,0.936761,10.232558,-0.026654,-1.022720,0.000000,-0.157093
1948-03-31,0.765441,9.302326,-0.072385,-1.197775,0.000000,-0.157093
1948-04-30,0.338206,6.849315,-0.000000,-1.097580,0.000000,-0.157093
1948-05-31,0.638182,8.675799,0.024691,-0.819902,0.000000,-0.168230
1948-06-30,0.703201,9.132420,0.098026,-0.605041,0.000000,-0.199173
1948-07-31,0.760519,9.545455,0.091122,-0.445292,0.000000,-0.188623
1948-08-31,0.809341,9.909910,0.028153,-0.638319,0.000000,-0.188623
1948-09-30,0.619504,8.888889,0.032321,-0.812419,0.000000,-0.188623
1948-10-31,0.193677,6.521739,-0.001997,-0.876078,0.000000,-0.188623
1948-11-30,0.103278,6.086957,0.054920,-0.737976,0.000000,-0.131967
1948-12-31,-0.146974,4.761905,-0.057388,-0.991066,0.000000,-0.131967
1949-01-31,-0.479205,2.991453,-0.036450,-1.016995,0.000000,-0.117264
1949-02-28,-0.800703,1.265823,-0.036038,-0.960334,0.000000,-0.109724
1949-03-31,-0.806341,1.276596,-0.068968,-1.121539,0.000000,-0.100863
1949-04-30,-0.735295,1.709402,-0.030888,-1.092129,0.000000,-0.097870
1949-05-31,-0.984403,0.420168,-0.040882,-1.129175,0.000000,-0.041726
1949-06-30,-1.146716,-0.418410,-0.064663,-1.153346,0.000000,-0.101031
1949-07-31,-1.228751,-0.829876,-0.055370,-1.426603,0.000000,-0.140206
1949-08-31,-1.605631,-2.868852,0.006357,-1.152877,0.000000,-0.140206
1949-09-30,-1.599509,-2.857143,0.027198,-1.019011,0.000000,-0.140206
1949-10-31,-1.512253,-2.448980,0.045638,-0.992632,0.000000,-0.140206
1949-11-30,-1.576321,-2.868852,0.070475,-0.844090,0.000000,-0.140206
1949-12-31,-1.345741,-1.652893,0.065835,-0.811832,0.000000,-0.140206
1950-01-31,-1.414442,-2.074689,0.098463,-0.640434,0.000000,-0.140206
1950-02-28,-1.410115,-2.083333,0.101137,-0.515321,0.000000,-0.140206
1950-03-31,-1.252949,-1.260504,0.094376,-0.413043,0.000000,-0.140206
1950-04-30,-1.171325,-0.840336,0.077594,-0.399554,0.000000,-0.140206
1950-05-31,-1.237388,-1.255230,0.093455,-0.232173,0.000000,-0.140206
1950-06-30,-1.080960,-0.420168,0.117924,-0.055384,0.000000,-0.081105
1950-07-31,-1.073198,-0.418410,0.037780,0.005102,0.000000,-0.081105
1950-08-31,-0.695605,1.687764,0.032886,-0.578148,0.000000,-0.081105
1950-09-30,-0.622817,2.100840,0.051970,-0.272228,0.000000,-0.081105
1950-10-31,-0.630940,2.092050,0.089697,-0.083108,0.000000,-0.081105
1950-11-30,-0.330313,3.797468,0.077636,0.126484,0.000000,-0.081105
1950-12-31,-0.340238,3.781513,0.062116,0.070293,0.000000,-0.081105
1951-01-31,0.042958,5.932203,0.093098,-0.062114,0.000000,-0.081105
1951-02-28,0.426315,8.085106,0.132431,0.318173,0.000000,-0.081105
1951-03-31,0.647600,9.361702,0.117318,0.478824,0.000000,-0.081105
1951-04-30,0.628970,9.322034,0.085890,0.296623,0.000000,-0.081105
1951-05-31,0.618241,9.322034,0.107381,0.368962,0.000000,-0.063666
1951-06-30,0.601112,9.282700,0.043495,0.314675,0.000000,-0.063666
1951-07-31,0.509629,8.823529,0.003976,0.160280,0.000000,-0.063666
1951-08-31,0.257687,7.468880,0.058001,0.269391,0.000000,-0.063666
1951-09-30,0.095445,6.584362,0.080429,0.575815,0.000000,-0.063666
1951-10-31,0.166979,6.967213,0.061035,0.694332,0.000000,-0.068493
1951-11-30,0.086497,6.504065,0.034592,0.603266,0.000000,-0.068493
1951-12-31,0.161060,6.882591,0.026239,0.307338,0.000000,-0.068493
1952-01-31,0.004807,6.000000,0.056820,0.484943,0.000000,-0.068493
1952-02-29,-0.293146,4.330709,0.060726,0.714652,0.000000,-0.068493
1952-03-31,-0.649800,2.334630,0.018344,0.598680,0.000000,-0.068493
1952-04-30,-0.710190,1.937984,0.053792,0.584786,0.000000,-0.092648
1952-05-31,-0.625231,2.325581,-0.001798,0.494629,0.000000,-0.092648
1952-06-30,-0.686190,1.930502,0.014974,0.453802,0.000000,-0.117029
1952-07-31,-0.601482,2.316602,0.054232,0.605571,0.000000,-0.117029
1952-08-31,-0.444064,3.088803,0.063206,0.741163,0.000000,-0.125281
1952-09-30,-0.433476,3.088803,0.038632,0.734542,0.000000,-0.148162
1952-10-31,-0.573725,2.298851,0.011333,0.554599,0.000000,-0.148162
1952-11-30,-0.637161,1.908397,0.007395,0.332015,0.000000,-0.148162
1952-12-31,-0.771901,1.136364,0.047689,0.558971,0.000000,-0.148162
1953-01-31,-0.831138,0.754717,0.070378,0.868949,0.000000,-0.144311
1953-02-28,-0.889542,0.377358,0.054188,0.908010,0.000000,-0.137486
1953-03-31,-0.804930,0.760456,0.024444,0.787498,0.000000,-0.100594
1953-04-30,-0.721656,1.140684,-0.005310,0.757823,0.000000,-0.093775
1953-05-31,-0.781974,0.757576,-0.030365,0.275724,0.000000,-0.085749
1953-06-30,-0.699483,1.136364,-0.030231,0.255575,0.000000,-0.085749
1953-07-31,-0.689739,1.132075,-0.042671,-0.112348,0.000000,-0.085749
1953-08-31,-0.821956,0.374532,-0.019297,-0.022931,0.000000,-0.044217
1953-09-30,-0.743057,0.749064,-0.071545,-0.050879,0.000000,-0.044217
1953-10-31,-0.734053,0.749064,-0.061721,-0.458373,0.000000,-0.044217
1953-11-30,-0.657674,1.123596,-0.005793,-0.280405,0.000000,-0.044217
1953-12-31,-0.722043,0.749064,0.009747,-0.107646,0.000000,-0.044217
1954-01-31,-0.717316,0.749064,0.016303,-0.035159,0.000000,-0.059048
1954-02-28,-0.642809,1.127820,0.064881,0.136530,0.000000,-0.059048
1954-03-31,-0.568775,1.509434,0.061110,0.281144,0.000000,-0.068230
1954-04-30,-0.639846,1.127820,0.082623,0.420763,0.000000,-0.068230
1954-05-31,-0.710352,0.751880,0.117173,0.757543,0.000000,-0.068230
1954-06-30,-0.712695,0.749064,0.134033,1.030000,0.000000,-0.068230
1954-07-31,-0.782364,0.373134,0.109423,1.047189,0.000000,-0.068230
1954-08-31,-0.779183,0.373134,0.140241,1.361205,0.000000,-0.068230
1954-09-30,-0.843196,0.000000,0.080367,1.480219,0.000000,-0.068230
1954-10-31,-0.906938,-0.371747,0.139040,1.663305,0.000000,-0.105851
1954-11-30,-0.968801,-0.740741,0.090421,1.802293,0.000000,-0.105851
1954-12-31,-0.895271,-0.371747,0.146339,2.082298,0.000000,-0.105851
1955-01-31,-0.956124,-0.743494,0.166213,2.444377,0.000000,-0.105851
1955-02-28,-0.948459,-0.743494,0.151127,2.486124,0.000000,-0.105851
1955-03-31,-0.940872,-0.743494,0.125157,2.664263,0.000000,-0.105851
1955-04-30,-0.933362,-0.743494,0.094882,2.445768,0.000000,-0.105851
1955-05-31,-0.860850,-0.373134,0.107190,2.625454,0.000000,-0.105851
1955-06-30,-0.920836,-0.743494,0.083514,2.449331,0.000000,-0.105851
1955-07-31,-0.912469,-0.743494,0.136313,2.816225,0.000000,-0.105851
1955-08-31,-0.839302,-0.371747,0.168981,3.233300,0.000000,-0.105851
1955-09-30,-0.833357,-0.371747,0.125094,2.972302,0.000000,-0.097606
1955-10-31,-0.695524,0.373134,0.110574,3.133033,0.000000,-0.099516
1955-11-30,-0.691668,0.373134,0.059613,2.539085,0.000000,-0.105963
1955-12-31,-0.687831,0.373134,0.114185,2.930033,0.000000,-0.105963
1956-01-31,-0.683788,0.374532,0.090177,2.875385,0.000000,-0.105963
1956-02-29,-0.680014,0.374532,0.032468,2.527660,0.000000,-0.146052
1956-03-31,-0.677316,0.374532,0.050023,2.463094,0.000000,-0.146052
1956-04-30,-0.672574,0.374532,0.095915,2.834481,0.000000,-0.146052
1956-05-31,-0.601137,0.749064,0.075781,2.755163,0.000000,-0.146052
1956-06-30,-0.530666,1.123596,0.001329,2.373465,0.000000,-0.146052
1956-07-31,-0.395296,1.872659,0.031877,2.181474,0.000000,-0.146052
1956-08-31,-0.320801,2.238806,0.071576,2.387774,0.000000,-0.118711
1956-09-30,-0.375464,1.865672,0.019353,2.253787,0.000000,-0.136576
1956-10-31,-0.364109,1.858736,-0.026657,1.892361,1.000000,-0.206595
1956-11-30,-0.282365,2.230483,-0.021930,1.699461,1.000000,-0.206595
1956-12-31,-0.266087,2.230483,-0.035268,1.557853,1.000000,-0.206595
1957-01-31,-0.102486,2.985075,-0.004076,1.553992,1.000000,-0.206595
1957-02-28,-0.080613,2.985075,-0.037969,1.356272,1.000000,-0.206595
1957-03-31,0.022198,3.358209,-0.059013,1.027907,1.000000,-0.206595
1957-04-30,0.136680,3.731343,-0.038243,1.031286,1.000000,-0.206595
1957-05-31,0.171569,3.717472,-0.000022,1.092161,1.000000,-0.206595
1957-06-30,0.209370,3.703704,0.041388,1.238315,1.000000,-0.206595
1957-07-31,0.149113,3.308824,0.040390,1.262321,0.000000,-0.184348
1957-08-31,0.166832,3.284672,0.046367,1.288249,0.000000,-0.142165
1957-09-30,0.295678,3.663004,-0.011606,0.924151,0.000000,-0.096430
1957-10-31,0.218960,3.284672,-0.067385,0.664241,0.000000,-0.056088
1957-11-30,0.131070,2.909091,-0.086012,0.304409,0.000000,-0.051998
1957-12-31,0.256094,3.272727,-0.065077,0.152314,0.000000,-0.043570
1958-01-31,0.160284,2.898551,-0.097230,0.121921,0.000000,-0.043570
1958-02-28,0.410381,3.623188,-0.053477,0.153229,0.000000,-0.043897
1958-03-31,0.314641,3.249097,-0.062572,0.141673,0.000000,-0.043897
1958-04-30,0.439206,3.597122,-0.021681,0.181569,0.000000,-0.043897
1958-05-31,0.456937,3.584229,0.018762,0.168534,0.000000,-0.043897
1958-06-30,0.358759,3.214286,0.043353,0.307158,0.000000,-0.043897
1958-07-31,0.260316,2.846975,0.070516,0.410566,0.000000,-0.043897
1958-08-31,0.157041,2.473498,0.104195,0.515940,0.000000,-0.043897
1958-09-30,0.051835,2.120141,0.100078,0.714697,0.000000,-0.091748
1958-10-31,0.066135,2.120141,0.131555,0.840190,0.000000,-0.091748
1958-11-30,0.079263,2.120141,0.131265,1.049856,0.000000,-0.091748
1958-12-31,0.085181,2.112676,0.129768,1.185438,0.000000,-0.091748
1959-01-31,-0.044238,1.760563,0.152874,1.297376,0.000000,-0.091748
1959-02-28,-0.181769,1.398601,0.126483,1.495364,0.000000,-0.098501
1959-03-31,-0.313434,1.048951,0.098947,1.392436,0.000000,-0.119255
1959-04-30,-0.574099,0.347222,0.075336,1.525509,0.000000,-0.119255
1959-05-31,-0.574244,0.346021,0.090906,1.581036,0.000000,-0.119255
1959-06-30,-0.577664,0.346021,0.087875,1.646713,0.000000,-0.119255
1959-07-31,-0.453014,0.692042,0.062859,1.536946,0.000000,-0.119255
1959-08-31,-0.471321,0.689655,0.079437,1.738615,0.000000,-0.114588
1959-09-30,-0.354548,1.038062,0.047746,1.662128,0.000000,-0.130982
1959-10-31,-0.234765,1.384083,-0.007745,1.340366,0.000000,-0.135618
1959-11-30,-0.114874,1.730104,-0.000608,1.283963,0.000000,-0.135618
1959-12-31,-0.268361,1.379310,0.007642,1.282513,0.000000,-0.135618
1960-01-31,-0.140666,1.730104,0.027519,1.459683,0.000000,-0.101085
1960-02-29,-0.441794,1.034483,-0.046190,1.333416,0.000000,-0.101085
1960-03-31,-0.164783,1.730104,-0.035009,1.027480,0.000000,-0.101085
1960-04-30,-0.174867,1.730104,-0.042925,0.917464,0.000000,-0.101085
1960-05-31,-0.189461,1.724138,-0.052985,0.954713,0.000000,-0.101085
1960-06-30,-0.198037,1.724138,-0.019563,0.875714,0.000000,-0.101085
1960-07-31,-0.209229,1.718213,0.004305,1.068413,0.000000,-0.101085
1960-08-31,-0.357444,1.369863,-0.018200,0.888610,0.000000,-0.085654
1960-09-30,-0.354645,1.369863,0.008445,0.950345,0.000000,-0.062318
1960-10-31,-0.498630,1.023891,-0.044405,0.737313,0.000000,-0.062318
1960-11-30,-0.346278,1.360544,-0.035533,0.555733,0.000000,-0.062318
1960-12-31,-0.338148,1.360544,0.003433,0.748305,0.000000,-0.062318
1961-01-31,-0.325302,1.360544,0.046103,0.893168,0.000000,-0.065253
1961-02-28,-0.156500,1.706485,0.099425,1.223142,0.000000,-0.065253
1961-03-31,-0.294927,1.360544,0.111033,1.490226,0.000000,-0.065253
1961-04-30,-0.278024,1.360544,0.121279,1.691706,0.000000,-0.101872
1961-05-31,-0.438783,1.016949,0.109544,1.857466,1.000000,-0.235958
1961-06-30,-0.430993,1.016949,0.109944,1.897804,1.000000,-0.279736
1961-07-31,-0.626168,0.675676,0.064296,1.763186,1.000000,-0.279736
1961-08-31,-0.199756,1.351351,0.075751,1.662428,1.000000,-0.279736
1961-09-30,-0.401097,1.013514,0.071513,1.916638,1.000000,-0.279736
1961-10-31,-0.155174,1.351351,0.032237,1.790257,1.000000,-0.279736
1961-11-30,-0.628360,0.671141,0.044492,1.831452,1.000000,-0.279736
1961-12-31,-0.632418,0.671141,0.070051,2.121781,1.000000,-0.264445
1962-01-31,-0.631474,0.671141,0.060597,2.134178,1.000000,-0.263721
1962-02-28,-0.620651,0.671141,0.014741,1.793430,1.000000,-0.263721
1962-03-31,-0.325391,1.006711,0.024230,1.844240,1.000000,-0.245784
1962-04-30,-0.318912,1.006711,0.013789,1.803692,1.000000,-0.213588
1962-05-31,-0.024618,1.342282,-0.049866,1.501716,0.000000,-0.118895
1962-06-30,-0.020429,1.342282,-0.122456,0.935455,0.000000,-0.105219
1962-07-31,-0.013488,1.342282,-0.178162,0.124558,0.000000,-0.105219
1962-08-31,-0.296216,1.000000,-0.114628,0.224777,0.000000,-0.094617
1962-09-30,0.010420,1.337793,-0.087922,0.367247,0.000000,-0.066003
1962-10-31,0.013614,1.333333,-0.111255,0.264582,0.000000,-0.040960
1962-11-30,0.017857,1.333333,-0.085600,0.038658,0.000000,-0.065387
1962-12-31,0.016411,1.333333,0.018102,0.437705,0.000000,-0.065387
1963-01-31,0.012169,1.333333,0.043544,0.697116,0.000000,-0.065387
1963-02-28,0.005147,1.333333,0.100911,0.934415,0.000000,-0.065387
1963-03-31,-0.295042,0.996678,0.070840,0.997834,0.000000,-0.065387
1963-04-30,-0.001912,1.328904,0.096145,0.914584,0.000000,-0.065387
1963-05-31,-0.301351,0.993377,0.121537,1.226880,0.000000,-0.065387
1963-06-30,-0.300218,0.993377,0.115084,1.346682,0.000000,-0.065387
1963-07-31,-0.007925,1.324503,0.075204,1.285773,0.000000,-0.065387
1963-08-31,-0.018852,1.320132,0.050544,1.111716,0.000000,-0.065387
1963-09-30,-0.023114,1.320132,0.075636,1.299174,0.000000,-0.065387
1963-10-31,-0.322058,0.986842,0.049074,1.486787,0.000000,-0.057158
1963-11-30,-0.030203,1.315789,0.065858,1.449988,0.000000,-0.032020
1963-12-31,-0.034456,1.315789,0.044055,1.370405,0.000000,-0.035466
1964-01-31,0.252817,1.644737,0.053459,1.495550,0.000000,-0.035466
1964-02-29,0.248948,1.644737,0.066150,1.733873,0.000000,-0.035466
1964-03-31,0.247893,1.644737,0.064878,1.806214,0.000000,-0.035466
1964-04-30,-0.051236,1.311475,0.069060,1.931335,0.000000,-0.035466
1964-05-31,-0.055474,1.311475,0.061065,2.014230,0.000000,-0.035466
1964-06-30,-0.059746,1.311475,0.057347,2.046453,0.000000,-0.096045
1964-07-31,-0.070801,1.307190,0.061874,1.896617,0.000000,-0.096045
1964-08-31,-0.081881,1.302932,0.065345,2.155040,0.000000,-0.096045
1964-09-30,-0.385436,0.977199,0.037662,1.970202,0.000000,-0.096045
1964-10-31,-0.103581,1.302932,0.052842,2.033610,0.000000,-0.096045
1964-11-30,-0.425355,0.974026,0.048444,2.123689,0.000000,-0.096045
1964-12-31,-0.137160,1.298701,0.033583,2.078198,0.000000,-0.096045
1965-01-31,-0.468215,0.970874,0.028869,1.833768,0.000000,-0.096045
1965-02-28,-0.490840,0.970874,0.052024,2.002098,0.000000,-0.096045
1965-03-31,-0.514603,0.970874,0.040499,1.993030,0.000000,-0.096045
1965-04-30,-0.213263,1.294498,0.018368,1.897709,0.000000,-0.096045
1965-05-31,0.101086,1.618123,0.044078,1.917697,0.000000,-0.110887
1965-06-30,0.082663,1.618123,0.029672,1.982597,0.000000,-0.110887
1965-07-31,0.405229,1.935484,-0.023008,1.427735,0.000000,-0.111206
1965-08-31,0.031862,1.607717,-0.011113,1.370651,1.000000,-0.207633
1965-09-30,0.380848,1.935484,0.008457,1.485695,1.000000,-0.207633
1965-10-31,-0.000839,1.607717,0.034106,1.724276,1.000000,-0.221773
1965-11-30,0.353203,1.929260,0.053099,1.833992,1.000000,-0.221773
1965-12-31,-0.033686,1.602564,0.039074,1.847337,1.000000,-0.221773
1966-01-31,0.325145,1.923077,0.042463,1.724081,1.000000,-0.221773
1966-02-28,0.312879,1.923077,0.039659,1.815308,1.000000,-0.207964
1966-03-31,1.051829,2.564103,0.018672,1.649812,1.000000,-0.207964
1966-04-30,1.026415,2.555911,-0.004452,1.240698,0.000000,-0.194720
1966-05-31,1.371302,2.866242,0.008160,1.397321,0.000000,-0.164479
1966-06-30,1.346399,2.866242,-0.047350,0.937611,0.000000,-0.164479
1966-07-31,0.941365,2.531646,-0.060199,0.820982,0.000000,-0.128571
1966-08-31,1.300287,2.848101,-0.066256,0.750742,0.000000,-0.085914
1966-09-30,1.990868,3.481013,-0.123864,0.231647,0.000000,-0.065024
1966-10-31,1.943575,3.481013,-0.114862,-0.036413,0.000000,-0.065024
1966-11-30,2.227800,3.785489,-0.059480,-0.159003,0.000000,-0.066093
1966-12-31,2.171105,3.785489,-0.042592,0.145649,0.000000,-0.066093
1967-01-31,1.799705,3.459119,-0.031468,0.147415,0.000000,-0.066093
1967-02-28,1.783641,3.459119,0.047558,0.383722,0.000000,-0.087304
1967-03-31,1.101984,2.812500,0.055076,0.599137,0.000000,-0.101137
1967-04-30,1.115996,2.803738,0.091257,0.717584,0.000000,-0.101137
1967-05-31,0.782097,2.476780,0.124737,0.790359,0.000000,-0.101137
1967-06-30,1.151918,2.786378,0.058812,0.869848,0.000000,-0.101137
1967-07-31,1.155653,2.777778,0.060291,0.714279,0.000000,-0.101137
1967-08-31,1.159083,2.769231,0.085276,0.791459,0.000000,-0.101137
1967-09-30,0.814990,2.446483,0.056301,0.858694,0.000000,-0.100400
1967-10-31,1.186388,2.752294,0.071282,0.912942,0.000000,-0.093052
1967-11-30,0.818019,2.431611,0.018870,0.846099,0.000000,-0.093052
1967-12-31,1.192337,2.735562,0.018297,0.534884,0.000000,-0.093052
1968-01-31,1.550084,3.039514,0.034198,0.709687,0.000000,-0.073175
1968-02-29,2.271824,3.647416,-0.013307,0.605517,0.000000,-0.095875
1968-03-31,2.586436,3.951368,-0.039336,0.157131,0.000000,-0.095875
1968-04-30,2.548807,3.939394,-0.031472,-0.064345,0.000000,-0.095875
1968-05-31,2.512084,3.927492,0.038875,0.484356,0.000000,-0.095875
1968-06-30,2.457049,3.915663,0.047492,0.625641,0.000000,-0.112024
1968-07-31,2.702751,4.204204,0.050422,0.781908,0.000000,-0.174310
1968-08-31,2.900574,4.491018,0.029894,0.658075,0.000000,-0.174310
1968-09-30,2.771875,4.477612,0.035628,0.359405,0.000000,-0.174310
1968-10-31,2.655965,4.464286,0.065860,0.603061,0.000000,-0.174310
1968-11-30,2.819883,4.747774,0.065863,0.746129,0.000000,-0.172401
1968-12-31,2.698523,4.733728,0.098720,0.825504,0.000000,-0.159759
1969-01-31,2.585775,4.719764,0.037739,0.851857,0.000000,-0.199133
1969-02-28,2.223520,4.398827,0.016239,0.305704,0.000000,-0.199133
1969-03-31,2.392691,4.678363,-0.032544,0.145139,0.000000,-0.199133
1969-04-30,2.783304,5.247813,-0.002006,-0.212128,1.000000,-0.243877
1969-05-31,2.897642,5.523256,0.015324,-0.106933,1.000000,-0.326889
1969-06-30,2.777060,5.507246,0.007430,0.159683,1.000000,-0.304387
1969-07-31,2.650982,5.475504,-0.047494,-0.488602,1.000000,-0.295332
1969-08-31,2.536818,5.444126,-0.095253,-1.012645,1.000000,-0.295332
1969-09-30,2.641700,5.714286,-0.051615,-1.136526,1.000000,-0.295332
1969-10-31,2.534640,5.698006,-0.061129,-1.155381,1.000000,-0.295332
1969-11-30,2.425677,5.665722,-0.014100,-1.133953,1.000000,-0.258613
1969-12-31,2.521903,5.932203,-0.038724,-1.143304,1.000000,-0.258613
1970-01-31,2.603523,6.197183,-0.050752,-1.693691,1.000000,-0.232074
1970-02-28,2.502132,6.179775,-0.108179,-1.794320,1.000000,-0.232074
1970-03-31,2.396553,6.145251,-0.047000,-2.131825,1.000000,-0.230709
1970-04-30,2.123920,5.817175,-0.031352,-2.037206,0.000000,-0.149190
1970-05-31,2.209434,6.060606,-0.103309,-2.328240,0.000000,-0.092843
1970-06-30,2.136392,6.043956,-0.143583,-3.139590,0.000000,-0.068531
1970-07-31,2.058780,6.010929,-0.165145,-3.100399,0.000000,-0.087716
1970-08-31,1.986632,5.978261,-0.088180,-3.024109,0.000000,-0.107283
1970-09-30,1.615957,5.405405,-0.029963,-2.771062,0.000000,-0.107283
1970-10-31,1.726089,5.660377,0.014599,-2.403965,0.000000,-0.107283
1970-11-30,1.671983,5.630027,0.012700,-2.279287,0.000000,-0.139448
1970-12-31,1.620407,5.600000,0.057944,-2.286548,0.000000,-0.139448
1971-01-31,1.571129,5.570292,0.114417,-1.879801,0.000000,-0.139448
1971-02-28,1.388153,5.291005,0.150827,-1.616981,0.000000,-0.139448
1971-03-31,1.204743,5.000000,0.140422,-1.365921,0.000000,-0.139448
1971-04-30,1.027433,4.712042,0.150173,-1.201056,0.000000,-0.131323
1971-05-31,0.705855,4.155844,0.150704,-0.978571,0.000000,-0.110322
1971-06-30,0.829686,4.404145,0.077151,-1.107256,0.000000,-0.110322
1971-07-31,0.944942,4.639175,0.047637,-1.279677,0.000000,-0.110322
1971-08-31,0.774988,4.358974,0.002517,-1.335608,0.000000,-0.110322
1971-09-30,0.903107,4.615385,0.021792,-1.454021,0.000000,-0.098580
1971-10-31,0.592596,4.081633,0.003142,-1.300556,0.000000,-0.051355
1971-11-30,0.426632,3.807107,-0.040818,-1.439583,0.000000,-0.051355
1971-12-31,0.118900,3.282828,-0.041417,-1.705033,0.000000,-0.051355
1972-01-31,0.097962,3.266332,0.035553,-1.314165,0.000000,-0.051355
1972-02-29,0.086254,3.266332,0.050451,-1.048161,0.000000,-0.077678
1972-03-31,0.215858,3.508772,0.074186,-0.957241,0.000000,-0.094810
1972-04-30,0.199923,3.500000,0.072354,-0.816194,0.000000,-0.110363
1972-05-31,0.185173,3.491272,0.067477,-0.764828,0.000000,-0.145625
1972-06-30,0.019675,3.225806,0.071104,-0.852665,0.000000,-0.149617
1972-07-31,-0.294147,2.709360,0.039488,-0.865575,0.000000,-0.157685
1972-08-31,-0.162811,2.948403,0.032844,-0.957822,0.000000,-0.163922
1972-09-30,-0.176072,2.941176,0.051381,-0.755612,0.000000,-0.163922
1972-10-31,-0.037983,3.186275,0.030126,-0.880885,0.000000,-0.163922
1972-11-30,0.095356,3.422983,0.030610,-0.916086,1.000000,-0.204092
1972-12-31,0.233739,3.667482,0.065100,-0.615016,1.000000,-0.233533
1973-01-31,0.063588,3.406326,0.066521,-0.499644,1.000000,-0.210824
1973-02-28,0.202862,3.649635,0.039975,-0.472449,1.000000,-0.211515
1973-03-31,0.329928,3.874092,-0.002599,-0.775417,0.000000,-0.195421
1973-04-30,0.763455,4.589372,-0.005795,-0.945672,0.000000,-0.196249
1973-05-31,1.042981,5.060241,-0.046214,-1.108204,1.000000,-0.220298
1973-06-30,1.318156,5.528846,-0.062184,-1.317094,1.000000,-0.228284
1973-07-31,1.583723,5.995204,-0.062629,-1.476481,1.000000,-0.288317
1973-08-31,1.391539,5.727924,-0.024984,-1.421952,1.000000,-0.371949
1973-09-30,2.363762,7.380952,-0.054508,-1.610569,1.000000,-0.429828
1973-10-31,2.292774,7.363420,-0.009193,-1.509837,1.000000,-0.421673
1973-11-30,2.482497,7.801418,-0.001567,-1.329944,1.000000,-0.375952
1973-12-31,2.660680,8.254717,-0.098569,-1.736663,1.000000,-0.375952
1974-01-31,2.811325,8.705882,-0.071306,-2.082250,1.000000,-0.375576
1974-02-28,3.057560,9.389671,-0.067362,-2.015049,1.000000,-0.375576
1974-03-31,3.236895,10.023310,-0.060993,-2.146479,1.000000,-0.342899
1974-04-30,3.263036,10.392610,-0.072929,-1.978167,1.000000,-0.331042
1974-05-31,2.978246,10.091743,-0.096701,-2.165497,1.000000,-0.331042
1974-06-30,3.131126,10.706150,-0.108332,-2.275729,1.000000,-0.275982
1974-07-31,3.062253,10.859729,-0.104717,-2.242321,1.000000,-0.246461
1974-08-31,3.202025,11.512415,-0.148550,-2.612884,0.000000,-0.135620
1974-09-30,2.805806,10.864745,-0.194152,-2.682648,0.000000,-0.141408
1974-10-31,3.124544,11.946903,-0.263654,-2.895876,0.000000,-0.141408
1974-11-30,3.036972,12.061404,-0.119462,-2.768123,0.000000,-0.141408
1974-12-31,2.963099,12.200436,-0.139000,-2.617211,0.000000,-0.141408
1975-01-31,2.898094,12.337662,-0.126624,-2.693739,0.000000,-0.141408
1975-02-28,2.604525,11.802575,0.002344,-2.446934,0.000000,-0.141408
1975-03-31,2.323688,11.228814,0.074571,-2.169398,0.000000,-0.141408
1975-04-30,1.918911,10.251046,0.103580,-2.016939,0.000000,-0.141408
1975-05-31,1.861546,10.208333,0.153755,-1.954608,0.000000,-0.141408
1975-06-30,1.561609,9.465021,0.186077,-1.771384,0.000000,-0.141408
1975-07-31,1.505233,9.387755,0.202592,-1.687532,0.000000,-0.067053
1975-08-31,1.593819,9.716599,0.086624,-1.679914,0.000000,-0.050733
1975-09-30,1.172422,8.600000,0.047088,-1.841627,0.000000,-0.050733
1975-10-31,0.907215,7.905138,-0.005844,-1.845455,0.000000,-0.072985
1975-11-30,0.724403,7.436399,0.030424,-1.713752,0.000000,-0.083650
1975-12-31,0.690272,7.378641,0.038742,-1.658730,0.000000,-0.083650
1976-01-31,0.516562,6.936416,0.016833,-1.674694,0.000000,-0.083650
1976-02-29,0.424370,6.717850,0.115128,-1.425127,0.000000,-0.083650
1976-03-31,0.254208,6.285714,0.087492,-1.307520,0.000000,-0.087267
1976-04-30,0.164726,6.072106,0.106839,-1.275698,0.000000,-0.099416
1976-05-31,0.146874,6.049149,0.087117,-1.242762,0.000000,-0.108597
1976-06-30,0.195108,6.203008,0.058560,-1.260632,0.000000,-0.108597
1976-07-31,0.097000,5.970149,0.081990,-1.236866,0.000000,-0.108597
1976-08-31,-0.146867,5.350554,0.051914,-1.164443,0.000000,-0.109153
1976-09-30,-0.017239,5.709024,0.031969,-1.183469,0.000000,-0.115578
1976-10-31,-0.106099,5.494505,0.040723,-1.113194,0.000000,-0.153173
1976-11-30,-0.123294,5.464481,0.004952,-1.205801,0.000000,-0.155872
1976-12-31,-0.351513,4.882459,-0.004068,-1.208423,0.000000,-0.152243
1977-01-31,-0.363864,4.864865,0.040352,-1.104294,0.000000,-0.136142
1977-02-28,-0.234557,5.215827,-0.011510,-1.124230,0.000000,-0.148086
1977-03-31,0.026461,5.913978,-0.031212,-1.207291,0.000000,-0.146282
1977-04-30,0.221235,6.440072,-0.043165,-1.216533,0.000000,-0.146282
1977-05-31,0.410317,6.951872,-0.037506,-1.259846,0.000000,-0.146282
1977-06-30,0.309818,6.725664,-0.053415,-1.261763,0.000000,-0.146282
1977-07-31,0.354362,6.866197,-0.008105,-1.246537,0.000000,-0.123285
1977-08-31,0.328542,6.830123,-0.018001,-1.218678,0.000000,-0.113356
1977-09-30,0.231961,6.620209,-0.032774,-1.273790,0.000000,-0.101716
1977-10-31,0.211176,6.597222,-0.029771,-1.304962,0.000000,-0.129358
1977-11-30,0.114059,6.390328,-0.057563,-1.360330,0.000000,-0.135527
1977-12-31,0.240203,6.724138,-0.024985,-1.339387,0.000000,-0.135527
1978-01-31,0.219385,6.701031,-0.017440,-1.341926,0.000000,-0.135527
1978-02-28,0.266724,6.837607,-0.069062,-1.430252,0.000000,-0.135527
1978-03-31,0.086491,6.429780,-0.081188,-1.454834,0.000000,-0.135527
1978-04-30,0.130590,6.554622,-0.051361,-1.452964,0.000000,-0.135527
1978-05-31,0.098693,6.500000,0.033680,-1.354299,0.000000,-0.135527
1978-06-30,0.287335,6.965174,0.039844,-1.243375,0.000000,-0.135527
1978-07-31,0.468965,7.413509,0.022915,-1.249877,0.000000,-0.135527
1978-08-31,0.583211,7.704918,0.073290,-1.266117,0.000000,-0.135527
1978-09-30,0.631210,7.843137,0.088409,-1.095995,0.000000,-0.122403
1978-10-31,0.816626,8.306189,0.071798,-1.104214,0.000000,-0.101285
1978-11-30,1.066474,8.928571,-0.024362,-1.199817,0.000000,-0.102453
1978-12-31,1.030759,8.885299,-0.013757,-1.349770,0.000000,-0.102453
1979-01-31,1.069461,9.017713,-0.008439,-1.316688,0.000000,-0.102453
1979-02-28,1.161419,9.280000,0.019694,-1.235642,0.000000,-0.102453
1979-03-31,1.381252,9.856916,-0.016999,-1.291956,0.000000,-0.170719
1979-04-30,1.453691,10.094637,0.032629,-1.257168,0.000000,-0.170719
1979-05-31,1.584832,10.485133,0.027848,-1.225281,0.000000,-0.170719
1979-06-30,1.699851,10.852713,0.002398,-1.310265,0.000000,-0.170719
1979-07-31,1.677967,10.889571,0.041547,-1.276787,0.000000,-0.170719
1979-08-31,1.787899,11.263318,0.049307,-1.265723,0.000000,-0.170719
1979-09-30,1.959518,11.818182,0.087231,-1.160192,0.000000,-0.170719
1979-10-31,2.046124,12.180451,0.071649,-1.147385,0.000000,-0.170719
1979-11-30,1.952657,12.071535,-0.007428,-1.256910,0.000000,-0.170719
1979-12-31,2.099235,12.611276,0.028632,-1.286866,0.000000,-0.170719
1980-01-31,2.282624,13.293944,0.034195,-1.199592,0.000000,-0.170719
1980-02-29,2.423791,13.909224,0.080774,-1.149133,0.000000,-0.129101
1980-03-31,2.435523,14.182344,0.064053,-1.070017,0.000000,-0.099203
1980-04-30,2.540528,14.756447,-0.046948,-1.339302,0.000000,-0.099203
1980-05-31,2.444735,14.730878,-0.010860,-1.384958,0.000000,-0.099203
1980-06-30,2.264621,14.405594,0.028096,-1.284516,0.000000,-0.099203
1980-07-31,2.191147,14.384509,0.051043,-1.144581,0.000000,-0.099203
1980-08-31,1.751869,13.132695,0.106825,-1.019703,0.000000,-0.126174
1980-09-30,1.634839,12.872629,0.092844,-0.948759,0.000000,-0.197481
1980-10-31,1.519345,12.600536,0.101367,-0.897236,0.000000,-0.197481
1980-11-30,1.539090,12.765957,0.100150,-0.835707,0.000000,-0.183536
1980-12-31,1.473956,12.648221,0.185803,-0.736122,0.000000,-0.183536
1981-01-31,1.407021,12.516297,0.124660,-0.799716,0.000000,-0.177522
1981-02-28,1.177647,11.825193,0.049345,-0.823864,0.000000,-0.186711
1981-03-31,1.034174,11.406844,0.042189,-0.935837,1.000000,-0.214030
1981-04-30,0.744099,10.486891,0.058926,-0.847370,0.000000,-0.198058
1981-05-31,0.585144,10.000000,0.019349,-0.833085,0.000000,-0.198058
1981-06-30,0.507046,9.779951,0.009202,-0.900440,0.000000,-0.199104
1981-07-31,0.427160,9.552600,-0.007969,-0.902588,0.000000,-0.199925
1981-08-31,0.782448,10.761790,-0.014231,-0.986314,0.000000,-0.189395
1981-09-30,0.781674,10.804322,-0.072177,-0.985098,0.000000,-0.189395
1981-10-31,0.812966,10.952381,-0.105675,-1.223152,0.000000,-0.189395
1981-11-30,0.550513,10.141509,-0.051595,-1.184004,0.000000,-0.188817
1981-12-31,0.366856,9.590643,-0.014438,-1.115054,0.000000,-0.165553
1982-01-31,0.144079,8.922364,-0.037533,-1.092451,0.000000,-0.142714
1982-02-28,-0.038479,8.390805,-0.042689,-1.218852,0.000000,-0.142714
1982-03-31,-0.299218,7.622298,-0.086342,-1.271236,0.000000,-0.142714
1982-04-30,-0.587177,6.779661,-0.080305,-1.334020,0.000000,-0.142714
1982-05-31,-0.690661,6.509540,-0.031756,-1.222787,0.000000,-0.085862
1982-06-30,-0.650911,6.681514,-0.054708,-1.234823,0.000000,-0.081764
1982-07-31,-0.543472,7.064018,-0.063459,-1.394260,0.000000,-0.070550
1982-08-31,-0.775712,6.441048,-0.077828,-1.401844,0.000000,-0.070550
1982-09-30,-1.000205,5.850488,0.031237,-1.394882,0.000000,-0.070550
1982-10-31,-1.298925,5.042918,0.044433,-1.119845,0.000000,-0.070550
1982-11-30,-1.280308,5.139186,0.148659,-0.894327,0.000000,-0.069068
1982-12-31,-1.485022,4.589114,0.171729,-0.760410,0.000000,-0.069068
1983-01-31,-1.761163,3.829787,0.162506,-0.711671,0.000000,-0.069068
1983-02-28,-1.804216,3.711559,0.168814,-0.590455,0.000000,-0.106342
1983-03-31,-1.878923,3.488372,0.161474,-0.516907,0.000000,-0.106342
1983-04-30,-1.827893,3.597884,0.162451,-0.358808,0.000000,-0.106342
1983-05-31,-1.708662,3.898841,0.199641,-0.198781,0.000000,-0.129511
1983-06-30,-1.810706,3.549061,0.138812,-0.003952,0.000000,-0.136809
1983-07-31,-2.108454,2.577320,0.137244,0.089013,0.000000,-0.143817
1983-08-31,-2.107695,2.461538,0.072133,0.128741,0.000000,-0.143817
1983-09-30,-2.026428,2.558854,0.062764,-0.006126,0.000000,-0.143817
1983-10-31,-1.885625,2.860061,0.054781,0.179052,0.000000,-0.126772
1983-11-30,-1.848110,2.851324,0.023877,0.236149,0.000000,-0.126772
1983-12-31,-1.679854,3.265306,0.028138,0.172126,0.000000,-0.126772
1984-01-31,-1.484119,3.790984,0.008543,0.171960,0.000000,-0.095127
1984-02-29,-1.333225,4.192229,-0.007097,0.258990,0.000000,-0.086967
1984-03-31,-1.185614,4.596527,-0.041388,-0.141861,0.000000,-0.086967
1984-04-30,-1.103027,4.800817,-0.026541,-0.119339,0.000000,-0.086967
1984-05-31,-1.157595,4.563895,-0.016656,-0.117603,0.000000,-0.050467
1984-06-30,-1.238454,4.233871,-0.068148,-0.161243,0.000000,-0.050467
1984-07-31,-1.220945,4.221106,-0.045239,-0.328373,0.000000,-0.050467
1984-08-31,-1.205347,4.204204,-0.051839,-0.436689,0.000000,-0.050467
1984-09-30,-1.158465,4.291417,0.046919,0.193726,0.000000,-0.076616
1984-10-31,-1.145926,4.270109,0.043473,0.240613,0.000000,-0.076616
1984-11-30,-1.131213,4.257426,0.042650,0.157869,0.000000,-0.076616
1984-12-31,-1.175570,4.051383,0.026784,0.233760,0.000000,-0.076616
1985-01-31,-1.188243,3.948667,0.043092,0.144170,0.000000,-0.076616
1985-02-28,-1.294801,3.532875,0.106260,0.473793,0.000000,-0.076616
1985-03-31,-1.277759,3.515625,0.101472,0.883713,0.000000,-0.076616
1985-04-30,-1.198800,3.703704,0.078567,0.779660,0.000000,-0.076616
1985-05-31,-1.183762,3.685742,0.056798,0.797817,0.000000,-0.076616
1985-06-30,-1.138228,3.771760,0.089030,0.976949,0.000000,-0.076616
1985-07-31,-1.122788,3.760849,0.086532,1.149187,0.000000,-0.075346
1985-08-31,-1.165576,3.554275,0.066276,1.304478,0.000000,-0.075346
1985-09-30,-1.207569,3.349282,0.040390,1.079401,0.000000,-0.094236
1985-10-31,-1.249591,3.142857,-0.005880,0.850428,0.000000,-0.094236
1985-11-30,-1.205864,3.228870,0.023758,0.915291,0.000000,-0.094236
1985-12-31,-1.105781,3.513770,0.077269,1.410694,0.000000,-0.094236
1986-01-31,-1.009401,3.798670,0.108040,1.812750,0.000000,-0.094236
1986-02-28,-0.972815,3.886256,0.092827,1.818487,0.000000,-0.094236
1986-03-31,-1.185155,3.113208,0.143174,2.333302,0.000000,-0.094236
1986-04-30,-1.414579,2.255639,0.174331,2.894908,0.000000,-0.094236
1986-05-31,-1.580095,1.590271,0.133387,3.076565,0.000000,-0.094236
1986-06-30,-1.580691,1.491146,0.158847,2.981656,0.000000,-0.094236
1986-07-31,-1.479587,1.765799,0.141915,3.105529,0.000000,-0.094236
1986-08-31,-1.510429,1.576994,0.049096,2.832157,0.000000,-0.094236
1986-09-30,-1.488301,1.574074,0.093132,2.920069,0.000000,-0.078622
1986-10-31,-1.418671,1.754386,-0.012702,2.575871,1.000000,-0.332363
1986-11-30,-1.474168,1.471941,0.026999,2.483944,1.000000,-0.332363
1986-12-31,-1.504249,1.284404,0.032779,2.687906,1.000000,-0.335095
1987-01-31,-1.532449,1.097896,-0.002738,2.736686,1.000000,-0.335095
1987-02-28,-1.416437,1.459854,0.112550,3.115764,1.000000,-0.335095
1987-03-31,-1.229710,2.104300,0.131275,3.448707,1.000000,-0.335095
1987-04-30,-0.973900,3.033088,0.140986,3.565925,1.000000,-0.335095
1987-05-31,-0.770468,3.775322,0.111608,3.260033,1.000000,-0.335095
1987-06-30,-0.741196,3.856749,0.095519,3.086841,1.000000,-0.335095
1987-07-31,-0.785315,3.652968,0.126289,3.234798,1.000000,-0.335095
1987-08-31,-0.706247,3.926941,0.143597,3.275091,1.000000,-0.317484
1987-09-30,-0.607432,4.284412,0.148213,3.503408,1.000000,-0.317484
1987-10-31,-0.583263,4.355717,0.092838,3.070796,0.000000,-0.124457
1987-11-30,-0.532710,4.533092,-0.147780,2.138998,0.000000,-0.076405
1987-12-31,-0.528418,4.528986,-0.208792,1.345240,0.000000,-0.076405
1988-01-31,-0.547275,4.434389,-0.140179,1.245361,0.000000,-0.076405
1988-02-29,-0.640149,4.046763,-0.094502,1.418392,0.000000,-0.076405
1988-03-31,-0.660396,3.942652,-0.049761,1.542530,0.000000,-0.076405
1988-04-30,-0.658073,3.925067,-0.071160,1.649511,0.000000,-0.069943
1988-05-31,-0.656682,3.904170,-0.047829,1.528998,0.000000,-0.069943
1988-06-30,-0.652521,3.890363,-0.024728,1.353389,0.000000,-0.069943
1988-07-31,-0.625284,3.964758,0.039225,1.595685,0.000000,-0.069943
1988-08-31,-0.574946,4.130053,0.053541,1.507234,0.000000,-0.069943
1988-09-30,-0.594097,4.020979,0.009071,1.350356,0.000000,-0.069943
1988-10-31,-0.546242,4.173913,0.032583,1.371526,0.000000,-0.072679
1988-11-30,-0.517368,4.249783,0.046717,1.501955,0.000000,-0.075570
1988-12-31,-0.508846,4.246101,0.020576,1.345888,0.000000,-0.075570
1989-01-31,-0.455428,4.419411,0.031757,1.410509,0.000000,-0.102335
1989-02-28,-0.383073,4.667243,0.089514,1.516679,0.000000,-0.102335
1989-03-31,-0.332414,4.827586,0.047418,1.615267,0.000000,-0.102335
1989-04-30,-0.283860,4.978541,0.056677,1.525935,0.000000,-0.102335
1989-05-31,-0.236118,5.123826,0.095419,1.624788,0.000000,-0.102335
1989-06-30,-0.163665,5.361702,0.114782,1.754930,0.000000,-0.102335
1989-07-31,-0.202752,5.169492,0.084649,1.862964,0.000000,-0.102335
1989-08-31,-0.241005,4.978903,0.151370,1.937104,0.000000,-0.167746
1989-09-30,-0.300654,4.705882,0.141705,2.113274,0.000000,-0.184253
1989-10-31,-0.385412,4.340568,0.107098,2.050131,0.000000,-0.199187
1989-11-30,-0.331148,4.492512,0.058208,1.975333,0.000000,-0.199187
1989-12-31,-0.272544,4.655029,0.059726,1.808137,0.000000,-0.199187
1990-01-31,-0.259620,4.647303,0.061440,1.887993,0.000000,-0.199187
1990-02-28,-0.083669,5.202312,-0.021658,1.667537,0.000000,-0.199187
1990-03-31,-0.045646,5.263158,-0.019788,1.474430,0.000000,-0.199187
1990-04-30,-0.032012,5.233034,-0.001738,1.542337,0.000000,-0.199187
1990-05-31,-0.173667,4.711617,-0.032222,1.507841,0.000000,-0.199187
1990-06-30,-0.268917,4.361874,0.052140,1.646675,0.000000,-0.199187
1990-07-31,-0.143997,4.673650,0.040798,1.734395,0.000000,-0.168936
1990-08-31,-0.070431,4.823151,0.033259,1.677496,0.000000,-0.089183
1990-09-30,0.245116,5.617978,-0.059334,1.196352,0.000000,-0.062657
1990-10-31,0.482974,6.160000,-0.096963,0.928863,0.000000,-0.061070
1990-11-30,0.575705,6.289809,-0.089744,0.775438,0.000000,-0.061070
1990-12-31,0.615964,6.274821,-0.033203,0.868516,0.000000,-0.056038
1991-01-31,0.593762,6.106265,-0.008703,1.042174,0.000000,-0.056038
1991-02-28,0.435513,5.651491,0.031219,0.956619,0.000000,-0.056038
1991-03-31,0.317174,5.312500,0.088760,1.435696,0.000000,-0.056038
1991-04-30,0.146488,4.895105,0.108335,1.538676,0.000000,-0.062433
1991-05-31,0.168677,4.887510,0.103046,1.602109,0.000000,-0.062433
1991-06-30,0.229096,4.953560,0.134401,1.537840,0.000000,-0.062433
1991-07-31,0.119704,4.695920,0.065009,1.503295,0.000000,-0.062433
1991-08-31,0.015768,4.447853,0.087277,1.500088,0.000000,-0.062433
1991-09-30,-0.335562,3.799392,0.080933,1.584156,0.000000,-0.062433
1991-10-31,-0.580310,3.391108,0.041551,1.514894,0.000000,-0.062433
1991-11-30,-0.893962,2.921348,0.036555,1.487486,0.000000,-0.062433
1991-12-31,-0.857170,2.989537,-0.017077,1.446411,0.000000,-0.062433
1992-01-31,-0.806940,3.064275,0.078474,1.464508,0.000000,-0.054252
1992-02-29,-1.165964,2.600297,0.047893,1.802405,0.000000,-0.053166
1992-03-31,-0.991830,2.818991,0.047906,1.720271,0.000000,-0.053166
1992-04-30,-0.684637,3.185185,0.021434,1.612697,0.000000,-0.053166
1992-05-31,-0.676576,3.180473,0.038419,1.593065,0.000000,-0.053166
1992-06-30,-0.797666,3.023599,0.032305,1.668090,0.000000,-0.053166
1992-07-31,-0.734794,3.088235,0.011191,1.551238,0.000000,-0.053166
1992-08-31,-0.662909,3.157122,0.041625,1.617205,0.000000,-0.053166
1992-09-30,-0.658410,3.147877,0.011270,1.626503,0.000000,-0.049942
1992-10-31,-0.789035,2.988338,0.009974,1.600519,0.000000,-0.049942
1992-11-30,-0.582725,3.202329,0.011712,1.481947,0.000000,-0.049942
1992-12-31,-0.711631,3.047896,0.036675,1.590254,0.000000,-0.049942
1993-01-31,-0.836250,2.900653,0.041394,1.737673,0.000000,-0.049942
1993-02-28,-0.507190,3.258508,0.040009,1.672841,0.000000,-0.049942
1993-03-31,-0.515643,3.246753,0.043878,1.706644,0.000000,-0.075622
1993-04-30,-0.655686,3.086863,0.054380,1.762560,0.000000,-0.089378
1993-05-31,-0.524221,3.225806,0.019950,1.619380,0.000000,-0.089378
1993-06-30,-0.525431,3.221188,0.036879,1.607139,0.000000,-0.089378
1993-07-31,-0.734427,2.995720,0.029011,1.603533,0.000000,-0.089378
1993-08-31,-0.938490,2.775801,0.016488,1.563038,0.000000,-0.089378
1993-09-30,-0.948810,2.767921,0.040892,1.605332,0.000000,-0.089378
1993-10-31,-1.017792,2.689314,0.024153,1.627353,0.000000,-0.089378
1993-11-30,-0.960875,2.750353,0.036584,1.630775,0.000000,-0.089378
1993-12-31,-1.020415,2.676056,0.018011,1.583600,0.000000,-0.089378
1994-01-31,-0.943482,2.748414,0.023080,1.592682,0.000000,-0.089378
1994-02-28,-1.127310,2.524544,0.049440,1.634561,0.000000,-0.068229
1994-03-31,-1.116275,2.515723,0.011967,1.569415,0.000000,-0.064318
1994-04-30,-1.105305,2.506964,-0.033402,1.427920,0.000000,-0.064318
1994-05-31,-1.214306,2.361111,-0.022337,1.190972,0.000000,-0.064318
1994-06-30,-1.257084,2.288488,-0.012010,1.216934,0.000000,-0.064318
1994-07-31,-1.059257,2.493075,-0.034448,1.230893,0.000000,-0.064318
1994-08-31,-0.803171,2.770083,-0.003897,1.153870,0.000000,-0.061835
1994-09-30,-0.677756,2.900552,0.031837,1.278157,0.000000,-0.059776
1994-10-31,-0.612644,2.963473,0.003903,1.275877,0.000000,-0.049037
1994-11-30,-0.910544,2.608099,0.023508,1.208165,0.000000,-0.023584
1994-12-31,-0.839889,2.674897,-0.010942,1.138882,0.000000,-0.025334
1995-01-31,-0.828454,2.674897,0.002944,1.035467,0.000000,-0.037334
1995-02-28,-0.708787,2.804378,0.021793,1.121121,0.000000,-0.037334
1995-03-31,-0.651914,2.862986,0.050330,1.293675,0.000000,-0.042256
1995-04-30,-0.653038,2.853261,0.068852,1.392559,0.000000,-0.045763
1995-05-31,-0.474944,3.052917,0.082461,1.536809,0.000000,-0.045763
1995-06-30,-0.354923,3.186441,0.104316,1.699186,0.000000,-0.045763
1995-07-31,-0.475614,3.040541,0.111871,1.847903,0.000000,-0.076432
1995-08-31,-0.708623,2.762803,0.124401,2.034627,0.000000,-0.076432
1995-09-30,-0.826553,2.617450,0.104263,1.976564,0.000000,-0.076432
1995-10-31,-0.883489,2.543507,0.119774,2.167876,0.000000,-0.076432
1995-11-30,-0.651345,2.809365,0.088701,2.132720,0.000000,-0.076432
1995-12-31,-0.817532,2.605210,0.105460,2.235608,0.000000,-0.076432
1996-01-31,-0.863066,2.538410,0.098949,2.410130,0.000000,-0.076432
1996-02-29,-0.692207,2.727878,0.108043,2.275210,0.000000,-0.076432
1996-03-31,-0.753143,2.650762,0.091813,2.604036,0.000000,-0.076432
1996-04-30,-0.598554,2.840159,0.079820,2.420785,0.000000,-0.096338
1996-05-31,-0.565610,2.896643,0.074652,2.291570,0.000000,-0.096338
1996-06-30,-0.587629,2.890933,0.080214,2.349952,0.000000,-0.096338
1996-07-31,-0.720054,2.754098,0.063972,2.331061,0.000000,-0.096338
1996-08-31,-0.563862,2.950820,0.006429,1.944582,0.000000,-0.096338
1996-09-30,-0.646249,2.877698,0.014122,2.066318,0.000000,-0.096338
1996-10-31,-0.548905,3.002611,0.055633,2.099689,0.000000,-0.107952
1996-11-30,-0.577814,2.992843,0.068525,2.284281,0.000000,-0.107952
1996-12-31,-0.357674,3.255208,0.126282,2.533704,0.000000,-0.107952
1997-01-31,-0.319483,3.322476,0.085855,2.495142,0.000000,-0.107952
1997-02-28,-0.611569,3.044041,0.129154,2.579451,0.000000,-0.107952
1997-03-31,-0.634110,3.034216,0.113983,2.731767,0.000000,-0.107952
1997-04-30,-0.900126,2.761721,0.053453,2.513045,0.000000,-0.107952
1997-05-31,-1.146633,2.495202,0.095065,2.126365,0.000000,-0.107952
1997-06-30,-1.378117,2.234994,0.127122,2.641173,0.000000,-0.107952
1997-07-31,-1.296917,2.297384,0.140759,2.853716,0.000000,-0.107952
1997-08-31,-1.339294,2.229299,0.188994,3.070824,0.000000,-0.193360
1997-09-30,-1.319327,2.225048,0.094192,2.892887,0.000000,-0.193360
1997-10-31,-1.361273,2.154626,0.126285,2.789360,0.000000,-0.193360
1997-11-30,-1.401413,2.084649,0.065427,2.731289,0.000000,-0.193360
1997-12-31,-1.610065,1.828499,0.091414,2.527138,0.000000,-0.193360
1998-01-31,-1.691225,1.702396,0.086295,2.588272,0.000000,-0.193360
1998-02-28,-1.771660,1.571339,0.070578,2.474045,0.000000,-0.193360
1998-03-31,-1.846151,1.441103,0.115779,2.745956,0.000000,-0.193360
1998-04-30,-1.860174,1.375000,0.140762,2.933046,0.000000,-0.193360
1998-05-31,-1.765049,1.435705,0.124726,2.987498,0.000000,-0.193360
1998-06-30,-1.513967,1.686446,0.088519,2.815170,0.000000,-0.193360
1998-07-31,-1.486532,1.684342,0.105591,2.685268,0.000000,-0.139477
1998-08-31,-1.459813,1.682243,0.074581,2.827402,0.000000,-0.100038
1998-09-30,-1.486558,1.616915,-0.085829,2.273502,0.000000,-0.106014
1998-10-31,-1.563459,1.488834,-0.034469,1.908995,0.000000,-0.120787
1998-11-30,-1.535434,1.485149,0.030511,1.905648,0.000000,-0.120787
1998-12-31,-1.454428,1.547988,0.072988,2.429368,0.000000,-0.120787
1999-01-31,-1.375668,1.611903,0.114983,2.577136,0.000000,-0.120787
1999-02-28,-1.304076,1.670792,0.142277,2.750354,0.000000,-0.120787
1999-03-31,-1.335236,1.605930,0.093050,2.625808,0.000000,-0.120787
1999-04-30,-1.216465,1.726264,0.116188,2.670661,0.000000,-0.120787
1999-05-31,-0.745650,2.276923,0.138648,2.759835,0.000000,-0.120787
1999-06-30,-0.890665,2.088452,0.093323,2.638553,0.000000,-0.120787
1999-07-31,-0.982605,1.963190,0.113977,2.497986,0.000000,-0.111885
1999-08-31,-0.813871,2.144608,0.051675,2.624713,0.000000,-0.111885
1999-09-30,-0.697437,2.264382,0.027072,2.297567,0.000000,-0.111885
1999-10-31,-0.371098,2.628362,-0.011410,2.155430,0.000000,-0.129417
1999-11-30,-0.418269,2.560976,0.039703,2.003211,0.000000,-0.139126
1999-12-31,-0.352807,2.621951,0.050763,2.272377,0.000000,-0.171998
2000-01-31,-0.285443,2.684564,0.092458,2.322417,0.000000,-0.171998
2000-02-29,-0.222335,2.738892,0.028581,2.205693,0.000000,-0.188234
2000-03-31,0.234754,3.221884,0.005581,1.965197,1.000000,-0.265122
2000-04-30,0.752446,3.757576,0.087101,2.035771,1.000000,-0.274545
2000-05-31,0.120672,3.068592,0.047565,2.020081,1.000000,-0.274545
2000-06-30,0.245921,3.188929,0.017862,1.797348,1.000000,-0.274545
2000-07-31,0.778147,3.730445,0.032298,1.847862,1.000000,-0.274545
2000-08-31,0.727655,3.659268,0.004866,1.803860,1.000000,-0.274545
2000-09-30,0.518294,3.411131,0.054401,1.778049,1.000000,-0.327568
2000-10-31,0.612187,3.454437,-0.005281,1.637459,1.000000,-0.325648
2000-11-30,0.667098,3.448276,-0.007465,1.333053,1.000000,-0.300246
2000-12-31,0.736408,3.446227,-0.081867,1.247127,1.000000,-0.296951
2001-01-31,0.740367,3.386809,-0.075166,1.061178,1.000000,-0.296818
2001-02-28,1.262611,3.732227,-0.034164,1.011747,1.000000,-0.264337
2001-03-31,1.064760,3.533569,-0.109929,0.868064,1.000000,-0.264337
2001-04-30,0.239365,2.920561,-0.151218,0.460314,1.000000,-0.264337
2001-05-31,0.796755,3.269119,-0.072095,0.431886,1.000000,-0.247567
2001-06-30,1.393771,3.615160,-0.055091,0.636124,1.000000,-0.219063
2001-07-31,0.867604,3.248260,-0.057958,0.509088,1.000000,-0.346549
2001-08-31,0.025645,2.719907,-0.051637,0.393559,1.000000,-0.319665
2001-09-30,0.041540,2.719907,-0.091390,0.294936,1.000000,-0.319665
2001-10-31,-0.071787,2.648244,-0.146908,-0.150133,1.000000,-0.337524
2001-11-30,-0.962382,2.126437,-0.112521,-0.053854,1.000000,-0.337524
2001-12-31,-1.337359,1.895462,-0.027351,0.103719,1.000000,-0.337524
2002-01-31,-1.881053,1.551724,-0.012239,0.151571,1.000000,-0.336267
2002-02-28,-2.486984,1.142204,-0.025095,0.115095,1.000000,-0.336267
2002-03-31,-2.410555,1.137656,-0.033440,-0.037859,1.000000,-0.322518
2002-04-30,-1.823527,1.475596,0.011651,0.097523,1.000000,-0.298060
2002-05-31,-1.532101,1.639344,-0.037975,-0.069263,1.000000,-0.260158
2002-06-30,-2.189749,1.181767,-0.034281,-0.186541,1.000000,-0.214624
2002-07-31,-2.294048,1.067416,-0.092445,-0.410795,0.000000,-0.193144
2002-08-31,-1.654294,1.464789,-0.154116,-0.780539,0.000000,-0.147134
2002-09-30,-1.125279,1.802817,-0.138499,-0.772068,0.000000,-0.147134
2002-10-31,-1.528483,1.514302,-0.209176,-0.930638,0.000000,-0.147134
2002-11-30,-0.751522,2.025886,-0.118377,-0.987685,0.000000,-0.143174
2002-12-31,-0.483685,2.198422,-0.049725,-0.819424,0.000000,-0.140534
2003-01-31,-0.210064,2.376910,-0.086009,-0.855856,0.000000,-0.069265
2003-02-28,0.129503,2.597403,-0.083287,-0.886836,0.000000,-0.053149
2003-03-31,0.713058,2.980877,-0.075524,-1.102330,0.000000,-0.057378
2003-04-30,0.773794,3.020134,-0.044811,-1.091252,0.000000,-0.057378
2003-05-31,-0.418896,2.224694,0.041149,-0.953303,0.000000,-0.063623
2003-06-30,-0.659846,2.057842,0.087723,-0.811001,0.000000,-0.063623
2003-07-31,-0.566282,2.112285,0.092831,-0.659562,0.000000,-0.063649
2003-08-31,-0.561118,2.109939,0.089182,-0.662537,0.000000,-0.081649
2003-09-30,-0.479565,2.158273,0.093940,-0.698416,0.000000,-0.081649
2003-10-31,-0.227581,2.320442,0.073920,-0.627738,0.000000,-0.081649
2003-11-30,-0.644533,2.040816,0.112446,-0.578124,0.000000,-0.081649
2003-12-31,-1.048841,1.765030,0.096860,-0.551565,0.000000,-0.081649
2004-01-31,-0.862129,1.879491,0.121078,-0.469563,0.000000,-0.081649
2004-02-29,-0.781788,1.926252,0.108814,-0.343268,0.000000,-0.080935
2004-03-31,-1.117715,1.693064,0.097813,-0.353284,0.000000,-0.075910
2004-04-30,-1.036997,1.737242,0.063275,-0.464607,0.000000,-0.071664
2004-05-31,-0.216657,2.285092,0.032476,-0.473765,0.000000,-0.071664
2004-06-30,0.917181,3.051771,0.032402,-0.618935,0.000000,-0.071664
2004-07-31,1.219417,3.266195,0.038269,-0.561920,0.000000,-0.071664
2004-08-31,0.807355,2.990756,-0.006891,-0.669423,0.000000,-0.071664
2004-09-30,0.313606,2.654388,-0.009400,-0.750898,0.000000,-0.071664
2004-10-31,0.146597,2.537797,-0.005156,-0.692604,0.000000,-0.071664
2004-11-30,1.100776,3.189189,0.007143,-0.738945,0.000000,-0.071664
2004-12-31,1.567598,3.523035,0.042050,-0.603010,0.000000,-0.071664
2005-01-31,1.163235,3.255562,0.069513,-0.520032,0.000000,-0.071664
2005-02-28,0.744615,2.969762,0.037424,-0.612119,0.000000,-0.071664
2005-03-31,0.796736,3.007519,0.048170,-0.600991,0.000000,-0.054777
2005-04-30,0.994676,3.148346,0.022795,-0.670461,0.000000,-0.054777
2005-05-31,1.503417,3.510638,0.000840,-0.814818,0.000000,-0.054777
2005-06-30,0.492321,2.802750,0.022872,-0.787136,0.000000,-0.076990
2005-07-31,0.105795,2.530311,0.015137,-0.732634,0.000000,-0.076990
2005-08-31,1.019584,3.167899,0.041040,-0.706117,0.000000,-0.076990
2005-09-30,1.669745,3.641161,0.021591,-0.739283,0.000000,-0.076990
2005-10-31,3.011102,4.686677,0.023976,-0.798859,0.000000,-0.076990
2005-11-30,2.465725,4.347826,0.006222,-0.928458,0.000000,-0.076990
2005-12-31,1.257305,3.455497,0.035737,-0.774220,0.000000,-0.076990
2006-01-31,1.187663,3.415659,0.030932,-0.700394,0.000000,-0.076990
2006-02-28,1.895460,3.985317,0.048570,-0.700036,0.000000,-0.076990
2006-03-31,1.371069,3.597497,0.038513,-0.733448,0.000000,-0.076990
2006-04-30,1.058756,3.362649,0.041307,-0.723073,0.000000,-0.076990
2006-05-31,1.278772,3.545735,0.043951,-0.751653,0.000000,-0.058616
2006-06-30,2.022274,4.166667,0.008790,-0.825969,0.000000,-0.058616
2006-07-31,2.153525,4.318766,0.004897,-0.958597,0.000000,-0.062978
2006-08-31,1.900293,4.145343,0.006199,-0.966132,0.000000,-0.094251
2006-09-30,1.482192,3.818737,0.019824,-0.912095,0.000000,-0.094251
2006-10-31,-0.616018,2.062374,0.037865,-0.823097,0.000000,-0.094251
2006-11-30,-1.494625,1.305221,0.059890,-0.689109,0.000000,-0.100904
2006-12-31,-0.687471,1.973684,0.067445,-0.629481,0.000000,-0.100904
2007-01-31,-0.004797,2.540650,0.069691,-0.575575,0.000000,-0.162700
2007-02-28,-0.550827,2.075643,0.073126,-0.585019,0.000000,-0.162700
2007-03-31,-0.139099,2.415199,0.042201,-0.565875,0.000000,-0.186423
2007-04-30,0.295803,2.778779,0.040975,-0.724153,0.000000,-0.186423
2007-05-31,0.049616,2.573697,0.069416,-0.611297,0.000000,-0.186423
2007-06-30,0.185346,2.690864,0.084358,-0.522354,0.000000,-0.186423
2007-07-31,0.176916,2.687038,0.050194,-0.536355,1.000000,-0.223774
2007-08-31,-0.218145,2.358231,0.008196,-0.530442,1.000000,-0.223774
2007-09-30,-0.679598,1.970083,0.014415,-0.708879,1.000000,-0.293090
2007-10-31,0.253529,2.755052,0.041683,-0.614971,1.000000,-0.441599
2007-11-30,1.168664,3.536174,0.047753,-0.519413,1.000000,-0.503654
2007-12-31,2.031634,4.306203,-0.001291,-0.745606,1.000000,-0.480058
2008-01-31,1.729714,4.081269,-0.014000,-0.702244,1.000000,-0.472575
2008-02-29,1.916416,4.280294,-0.071670,-0.973378,1.000000,-0.484737
2008-03-31,1.594162,4.026555,-0.094689,-1.034054,1.000000,-0.525785
2008-04-30,1.516138,3.981456,-0.087171,-1.144741,1.000000,-0.525785
2008-05-31,1.440430,3.936890,-0.035934,-1.017979,1.000000,-0.518158
2008-06-30,1.679660,4.175543,-0.021908,-0.952158,1.000000,-0.481713
2008-07-31,2.554725,5.021790,-0.093708,-1.120340,1.000000,-0.481713
2008-08-31,3.053504,5.600123,-0.085855,-1.318082,1.000000,-0.470460
2008-09-30,2.704271,5.371855,-0.056573,-1.224365,1.000000,-0.417317
2008-10-31,2.189669,4.936927,-0.121901,-1.350600,1.000000,-0.327338
2008-11-30,0.847184,3.655186,-0.242168,-1.878063,1.000000,-0.276206
2008-12-31,-1.829525,1.069575,-0.271401,-1.988934,1.000000,-0.276206
2009-01-31,-2.754862,0.091413,-0.239271,-1.928616,1.000000,-0.222281
2009-02-28,-2.728927,0.029847,-0.274058,-1.917587,0.000000,-0.081279
2009-03-31,-2.464364,0.236191,-0.314675,-2.019631,0.000000,-0.081279
2009-04-30,-2.942693,-0.383556,-0.211875,-2.085469,0.000000,-0.081279
2009-05-31,-3.114342,-0.736886,-0.101720,-1.829750,0.000000,-0.122675
2009-06-30,-3.400168,-1.281436,-0.018874,-1.667580,0.000000,-0.153268
2009-07-31,-3.336279,-1.426776,0.020932,-1.593042,0.000000,-0.159947
2009-08-31,-3.631224,-2.097161,0.118852,-1.535635,0.000000,-0.159947
2009-09-30,-3.017789,-1.484349,0.149645,-1.324254,0.000000,-0.159947
2009-10-31,-2.755540,-1.286206,0.169525,-1.205649,0.000000,-0.159947
2009-11-30,-1.926342,-0.182848,0.129796,-1.116422,0.000000,-0.159947
2009-12-31,-0.511480,1.838296,0.160474,-1.042025,0.000000,-0.159947
2010-01-31,0.103537,2.721331,0.135396,-0.960761,0.000000,-0.159947
2010-02-28,0.037575,2.625709,0.063528,-0.923683,0.000000,-0.159947
2010-03-31,-0.292406,2.143332,0.069318,-1.010638,0.000000,-0.159947
2010-04-30,-0.165543,2.313959,0.105404,-0.832807,0.000000,-0.149452
2010-05-31,-0.214960,2.236447,0.094068,-0.695538,0.000000,-0.084948
2010-06-30,-0.358945,2.020986,-0.004970,-0.914527,0.000000,-0.072007
2010-07-31,-1.018782,1.053349,-0.059451,-1.044071,0.000000,-0.072007
2010-08-31,-0.877170,1.235193,0.001171,-1.061627,0.000000,-0.179047
2010-09-30,-0.923074,1.148105,-0.047472,-1.050602,0.000000,-0.179047
2010-10-31,-0.911328,1.143683,0.031656,-0.936507,0.000000,-0.193882
2010-11-30,-0.877212,1.172188,0.063128,-0.757497,0.000000,-0.193882
2010-12-31,-0.882972,1.143161,0.050623,-0.653789,0.000000,-0.193882
2011-01-31,-0.627490,1.495724,0.104179,-0.490436,0.000000,-0.193882
2011-02-28,-0.522129,1.631847,0.117732,-0.344553,0.000000,-0.193882
2011-03-31,-0.183225,2.107585,0.139534,-0.207706,0.000000,-0.193882
2011-04-30,0.218801,2.681603,0.115694,-0.335709,0.000000,-0.192467
2011-05-31,0.556114,3.163631,0.116216,-0.261805,0.000000,-0.187693
2011-06-30,0.839418,3.568646,0.079618,-0.266750,0.000000,-0.187693
2011-07-31,0.829660,3.558828,0.037320,-0.497642,0.000000,-0.145858
2011-08-31,0.870542,3.628716,0.003140,-0.351090,0.000000,-0.099363
2011-09-30,0.960015,3.771208,-0.056439,-1.016009,0.000000,-0.099363
2011-10-31,1.015960,3.868357,-0.120807,-1.091751,0.000000,-0.099363
2011-11-30,0.769308,3.525200,-0.025769,-0.953490,0.000000,-0.099363
2011-12-31,0.669730,3.394378,-0.027738,-0.888900,0.000000,-0.099363
2012-01-31,0.365047,2.962419,-0.014090,-0.827944,0.000000,-0.099363
2012-02-29,0.330176,2.925217,0.029962,-0.626302,0.000000,-0.099363
2012-03-31,0.283748,2.871099,0.071594,-0.451407,0.000000,-0.099363
2012-04-30,0.125118,2.651398,0.099710,-0.365848,0.000000,-0.090894
2012-05-31,-0.120698,2.302740,0.084919,-0.431378,0.000000,-0.076711
2012-06-30,-0.540561,1.704254,0.015526,-0.659476,0.000000,-0.076711
2012-07-31,-0.573602,1.663994,0.044102,-0.760338,0.000000,-0.076711
2012-08-31,-0.751444,1.408451,0.037540,-0.622370,0.000000,-0.076711
2012-09-30,-0.552504,1.692379,0.045985,-0.497623,0.000000,-0.073950
2012-10-31,-0.347280,1.991282,0.056122,-0.388108,0.000000,-0.057556
2012-11-30,-0.228633,2.162344,0.023624,-0.446750,0.000000,-0.057556
2012-12-31,-0.503873,1.764134,0.018874,-0.635964,0.000000,-0.057556
2013-01-31,-0.515737,1.741022,0.021628,-0.532732,0.000000,-0.057556
2013-02-28,-0.610875,1.594865,0.066300,-0.339369,0.000000,-0.057613
2013-03-31,-0.338385,1.977924,0.069208,-0.297787,0.000000,-0.057613
2013-04-30,-0.679434,1.473896,0.087809,-0.195003,0.000000,-0.057613
2013-05-31,-0.954737,1.063085,0.089699,-0.144508,0.000000,-0.057613
2013-06-30,-0.742172,1.361965,0.093571,0.091425,0.000000,-0.057613
2013-07-31,-0.468479,1.754417,0.062933,-0.044418,0.000000,-0.057613
2013-08-31,-0.325058,1.960682,0.097707,0.122839,0.000000,-0.057613
2013-09-30,-0.625900,1.518368,0.048278,0.086739,0.000000,-0.057613
2013-10-31,-0.846744,1.184925,0.061383,0.116058,0.000000,-0.074015
2013-11-30,-0.988882,0.963613,0.086070,0.234816,0.000000,-0.074015
2013-12-31,-0.797096,1.237072,0.095688,0.473535,0.000000,-0.074015
2014-01-31,-0.613387,1.501736,0.099250,0.543715,0.000000,-0.074015
2014-02-28,-0.558198,1.578947,0.046849,0.553515,0.000000,-0.074015
2014-03-31,-0.861872,1.126349,0.075447,0.485416,0.000000,-0.074015
2014-04-30,-0.597526,1.512203,0.067979,0.600872,0.000000,-0.074015
2014-05-31,-0.295767,1.952858,0.057847,0.558193,0.000000,-0.074015
2014-06-30,-0.172152,2.127112,0.065859,0.608586,0.000000,-0.074015
2014-07-31,-0.202933,2.072341,0.066827,0.796275,0.000000,-0.074015
2014-08-31,-0.251914,1.992329,0.036684,0.873590,0.000000,-0.123525
2014-09-30,-0.445769,1.699611,0.061650,0.811850,0.000000,-0.123525
2014-10-31,-0.468775,1.657919,0.036040,0.900871,0.000000,-0.123525
2014-11-30,-0.455987,1.664340,0.050711,0.675496,0.000000,-0.123525
2014-12-31,-0.676999,1.322355,0.060751,1.107346,0.000000,-0.123525
2015-01-31,-1.045502,0.756493,0.045608,1.165556,0.000000,-0.127411
2015-02-28,-1.587316,-0.089348,0.006880,1.075597,0.000000,-0.141608
2015-03-31,-1.513772,-0.025130,0.050457,1.224956,0.000000,-0.141608
2015-04-30,-1.515614,-0.073637,0.024801,1.142787,0.000000,-0.141608
2015-05-31,-1.566812,-0.199517,0.027156,1.154308,0.000000,-0.140583
2015-06-30,-1.434769,-0.039933,0.028976,1.152547,0.000000,-0.140583
2015-07-31,-1.305838,0.123771,0.004426,1.058072,0.000000,-0.133051
2015-08-31,-1.253965,0.169570,0.017737,1.023496,0.000000,-0.133051
2015-09-30,-1.216358,0.195079,-0.043832,0.820996,0.000000,-0.133051
2015-10-31,-1.345254,-0.036130,-0.062409,0.469056,0.000000,-0.133051
2015-11-30,-1.193429,0.170574,0.014381,0.763135,0.000000,-0.130099
2015-12-31,-0.962887,0.501798,0.010682,0.980342,0.000000,-0.093038
2016-01-31,-0.801763,0.729520,-0.004106,0.905115,0.000000,-0.056874
2016-02-29,-0.373357,1.373087,-0.048716,0.388389,0.000000,-0.055957
2016-03-31,-0.593026,1.017800,-0.045470,0.334378,0.000000,-0.055957
2016-04-30,-0.688669,0.852536,0.019922,0.749514,0.000000,-0.055957
2016-05-31,-0.498737,1.125110,0.022564,0.916032,0.000000,-0.055957
2016-06-30,-0.555701,1.019323,0.038589,0.847331,0.000000,-0.047928
2016-07-31,-0.557542,0.997326,0.033053,0.886660,0.000000,-0.047928
2016-08-31,-0.658626,0.827139,0.056652,1.133254,0.000000,-0.046330
2016-09-30,-0.487135,1.062875,0.050686,1.199482,0.000000,-0.036272
2016-10-31,-0.210874,1.463784,0.044945,1.128018,0.000000,-0.027968
2016-11-30,-0.095589,1.635988,0.020603,1.067878,0.000000,-0.027968
2016-12-31,-0.055496,1.692537,0.042542,1.165099,0.000000,-0.027968
2017-01-31,0.207508,2.074622,0.046306,1.462001,0.000000,-0.027968
2017-02-28,0.494622,2.500042,0.054223,1.514238,0.000000,-0.101595
2017-03-31,0.654146,2.737958,0.078552,1.677499,0.000000,-0.101595
2017-04-30,0.413821,2.380612,0.065214,1.780221,0.000000,-0.101595
2017-05-31,0.292974,2.199690,0.061246,1.710705,0.000000,-0.101595
2017-06-30,0.076296,1.874878,0.062269,1.812639,0.000000,-0.101595
2017-07-31,-0.082684,1.633488,0.055644,1.914963,0.000000,-0.101595
2017-08-31,-0.014470,1.727978,0.062096,1.961526,0.000000,-0.101595
2017-09-30,0.130137,1.938974,0.047122,1.904385,0.000000,-0.101595
2017-10-31,0.334872,2.232964,0.053034,1.943697,0.000000,-0.101595
2017-11-30,0.213223,2.041129,0.061472,2.113674,0.000000,-0.101745
2017-12-31,0.341121,2.202583,0.074945,2.164237,0.000000,-0.197782
2018-01-31,0.290543,2.109082,0.072022,2.311850,0.000000,-0.197782
2018-02-28,0.280184,2.070508,0.111693,2.538783,0.000000,-0.197782
2018-03-31,0.396838,2.211795,0.054709,2.153993,0.000000,-0.197782
2018-04-30,0.519562,2.359711,0.017297,2.041678,0.000000,-0.197782
2018-05-31,0.610460,2.462744,0.011311,1.796089,0.000000,-0.197782
2018-06-30,0.879964,2.801012,0.023975,1.820761,0.000000,-0.197782
2018-07-31,0.969484,2.871548,0.019414,1.866942,0.000000,-0.197782
2018-08-31,1.085203,2.949515,0.044504,1.880022,0.000000,-0.197782
2018-09-30,0.936961,2.699180,0.063248,1.945854,0.000000,-0.196345
2018-10-31,0.626414,2.276972,0.057491,1.948723,0.000000,-0.164466
2018-11-30,0.853165,2.522470,-0.017262,1.568118,0.000000,-0.157424
2018-12-31,0.546539,2.176601,0.002601,1.362736,0.000000,-0.068361
2019-01-31,0.305689,1.910159,-0.082517,0.918424,0.000000,-0.068361
2019-02-28,-0.016810,1.551235,-0.012610,0.927611,0.000000,-0.127558
2019-03-31,-0.053655,1.520135,0.011704,1.191682,1.000000,-0.339250
2019-04-30,0.233812,1.862523,0.025029,1.197378,1.000000,-0.339250
2019-05-31,0.338863,1.996440,0.056634,1.324911,1.000000,-0.339250
2019-06-30,0.132653,1.790228,-0.010589,1.092841,1.000000,-0.339250
2019-07-31,-0.024612,1.648485,0.056083,1.092471,1.000000,-0.339250
2019-08-31,0.108027,1.811465,0.067403,1.260386,1.000000,-0.339250
2019-09-30,0.017667,1.749780,0.040094,0.914595,1.000000,-0.339250
2019-10-31,-0.053267,1.711305,0.049883,1.037131,1.000000,-0.339250
2019-11-30,-0.012210,1.764043,0.051649,0.919954,1.000000,-0.339250
2019-12-31,0.317415,2.051278,0.071251,1.167055,1.000000,-0.339250
2020-01-31,0.593759,2.285130,0.085358,1.278446,1.000000,-0.339250
2020-02-29,0.829563,2.486572,0.069538,1.428498,1.000000,-0.285203
2020-03-31,0.651043,2.334874,-0.020694,1.339264,0.000000,-0.096045
2020-04-30,-0.263948,1.539327,-0.138441,-0.254781,0.000000,-0.096045
2020-05-31,-1.633488,0.329097,-0.028207,0.035487,0.000000,-0.096045
2020-06-30,-1.832025,0.117926,0.013635,0.402949,0.000000,-0.096045
2020-07-31,-1.225451,0.645733,0.026334,0.802061,0.000000,-0.096045
2020-08-31,-0.837620,0.986082,0.072435,0.997523,0.000000,-0.096045
2020-09-30,-0.474988,1.309645,0.130425,1.410892,0.000000,-0.074772
2020-10-31,-0.408043,1.371325,0.078349,1.302341,0.000000,-0.052125
2020-11-30,-0.621842,1.182066,0.047200,1.403186,0.000000,-0.052125
2020-12-31,-0.630761,1.174536,0.145293,1.702220,0.000000,-0.052125
2021-01-31,-0.417618,1.362005,0.158433,2.011382,0.000000,-0.097997
2021-02-28,-0.372609,1.399770,0.106965,2.155465,0.000000,-0.119056
2021-03-31,-0.056719,1.676215,0.106218,2.246616,0.000000,-0.130481
2021-04-30,1.009768,2.619763,0.122899,2.168237,0.000000,-0.138564
2021-05-31,2.685228,4.159695,0.146734,2.516933,0.000000,-0.186753
2021-06-30,3.467434,4.992707,0.124258,2.394831,1.000000,-0.235542
2021-07-31,3.703962,5.391451,0.125244,2.358173,1.000000,-0.235542
2021-08-31,3.519674,5.365475,0.120554,2.459005,1.000000,-0.235542
2021-09-30,3.289934,5.251272,0.117354,2.513427,1.000000,-0.252460
2021-10-31,3.303620,5.390349,0.046469,2.370106,1.000000,-0.254251
2021-11-30,3.829447,6.221869,0.096208,2.230928,1.000000,-0.254251
2021-12-31,4.038639,6.809003,0.065446,2.470014,1.000000,-0.254251
2022-01-31,3.926225,7.036403,0.087680,2.344378,1.000000,-0.227690
2022-02-28,3.955175,7.479872,0.017878,1.990331,1.000000,-0.227690
2022-03-31,3.927226,7.871064,-0.018309,1.589955,1.000000,-0.219439
2022-04-30,4.034170,8.542456,0.009417,1.339378,0.000000,-0.169137
2022-05-31,3.610914,8.258629,-0.075959,1.234251,0.000000,-0.169137
2022-06-30,3.558599,8.581512,-0.070440,0.496394,0.000000,-0.169137
2022-07-31,3.577719,9.059758,-0.134087,0.111233,0.000000,-0.169137
2022-08-31,3.131921,8.524815,-0.051341,0.086976,0.000000,-0.129763
2022-09-30,2.869256,8.262693,-0.077827,0.471020,0.000000,-0.077516
2022-10-31,2.725242,8.201670,-0.144375,-0.128117,0.000000,-0.102766
2022-11-30,2.428187,7.745427,-0.055897,-0.419508,0.000000,-0.102766
2022-12-31,2.081177,7.110323,0.005528,-0.121657,0.000000,-0.102766
2023-01-31,1.748999,6.454401,-0.041141,-0.153790,0.000000,-0.102766
2023-02-28,1.692064,6.410147,0.029742,-0.164880,0.000000,-0.102766
2023-03-31,1.500318,6.035613,0.006968,-0.031525,0.000000,-0.102766
2023-04-30,1.031347,4.984974,0.042868,-0.299066,0.000000,-0.102766
2023-05-31,0.991690,4.930320,0.047923,-0.098700,0.000000,-0.102766
2023-06-30,0.603890,4.047609,0.049218,-0.112247,0.000000,-0.102766
2023-07-31,0.137944,2.969178,0.103410,0.187415,0.000000,-0.100369
2023-08-31,0.222986,3.177780,0.110153,0.430731,0.000000,-0.088224
2023-09-30,0.424199,3.665112,0.073969,0.258526,0.000000,-0.084851
2023-10-31,0.430446,3.699698,0.016609,0.106609,0.000000,-0.084851
2023-11-30,0.226108,3.241145,-0.014017,-0.192714,0.000000,-0.084851
2023-12-31,0.174931,3.137271,0.061651,0.144583,0.000000,-0.084851
2024-01-31,0.261022,3.352123,0.088379,0.538828,0.000000,-0.084851
2024-02-29,0.143169,3.090885,0.087409,0.694129,0.000000,-0.084851
2024-03-31,0.163074,3.153171,0.120349,0.962201,0.000000,-0.101337
2024-04-30,0.296379,3.477385,0.128445,1.149834,0.000000,-0.189022
2024-05-31,0.239475,3.357364,0.068059,0.957910,0.000000,-0.189022
2024-06-30,0.197174,3.269029,0.103237,1.122969,0.000000,-0.189022
2024-07-31,0.065148,2.971397,0.119193,1.399218,0.000000,-0.189022
2024-08-31,0.028723,2.894753,0.103937,1.552926,0.000000,-0.189022
2024-09-30,-0.132097,2.530730,0.097239,1.377905,0.000000,-0.189022
2024-10-31,-0.174162,2.440633,0.094011,1.561441,0.000000,-0.189022
2024-11-30,-0.109393,2.597905,0.064279,1.791556,0.000000,-0.189022
2024-12-31,-0.048836,2.749380,0.100893,1.960652,0.000000,-0.189022
2025-01-31,0.003812,2.888057,0.058215,2.010540,0.000000,-0.189022
2025-02-28,0.041977,3.000483,0.071646,1.807821,0.000000,-0.148204
2025-03-31,-0.047527,2.821549,0.039440,1.783380,0.000000,-0.121355
2025-04-30,-0.249350,2.390725,-0.026059,1.107463,0.000000,-0.090975
2025-05-31,-0.296531,2.311289,-0.035303,0.504418,0.000000,-0.090975
2025-06-30,-0.288036,2.354897,0.017188,1.158913,0.000000,-0.090975
2025-07-31,-0.156257,2.669213,0.057520,1.417216,0.000000,-0.090975
2025-08-31,-0.150673,2.704902,0.069913,1.753438,0.000000,-0.090975
2025-09-30,-0.064412,2.916174,0.076598,1.817529,0.000000,-0.090975
2025-10-31,-0.031758,3.012677,0.102572,1.978352,0.000000,-0.090975
2025-11-30,-0.037532,3.024735,0.110046,2.097828,0.000000,-0.090975
2025-12-31,-0.183863,2.735084,0.097093,2.032008,0.000000,-0.090975
2026-01-31,-0.220203,2.677081,0.081088,2.091563,0.000000,-0.090694
2026-02-28,-0.363592,2.386431,0.073362,2.062602,0.000000,-0.078165
2026-03-31,-0.357306,2.414113,0.042927,1.864644,0.000000,-0.019681
2026-04-30,0.037130,3.256420,-0.019363,1.320474,0.000000,-0.019681
2026-05-31,0.131247,3.470129,0.066763,1.609988,0.000000,-0.007372
