date,vts_slope,spx_vs_10ma,m12_1_mom,anfci_3m_chg,cape_20yr_pct,baa_zscore_24m,target_event,mdd_6m
1960-01-31,1.697466,2.751946,0.084767,-0.006139,0.958159,-0.064379,0.000000,-0.066035
1960-02-29,1.697466,-4.618971,0.002885,-0.006139,0.937238,-0.064379,0.000000,-0.066035
1960-03-31,1.697466,-3.500930,0.012814,-0.006139,0.882845,-0.064379,0.000000,-0.096263
1960-04-30,1.697466,-4.292483,-0.001804,-0.006139,0.866109,-0.064379,1.000000,-0.101085
1960-05-31,1.697466,-5.298545,-0.055913,-0.006139,0.878661,-0.064379,1.000000,-0.101085
1960-06-30,1.697466,-1.956304,-0.048568,-0.006139,0.857741,-0.064379,1.000000,-0.101085
1960-07-31,1.697466,0.430514,-0.026509,-0.006139,0.891213,-0.064379,1.000000,-0.101085
1960-08-31,1.697466,-1.819985,-0.082631,-0.006139,0.866109,-0.064379,0.000000,-0.085654
1960-09-30,1.697466,0.844501,-0.044295,-0.006139,0.878661,-0.064379,0.000000,-0.048487
1960-10-31,1.697466,-4.440516,-0.059072,-0.006139,0.832636,-0.064379,0.000000,-0.062318
1960-11-30,1.697466,-3.553300,-0.071801,-0.006139,0.807531,-0.064379,0.000000,-0.062318
1960-12-31,1.697466,0.343273,-0.047014,-0.006139,0.836820,-0.064379,0.000000,-0.062318
1961-01-31,1.697466,4.610346,-0.029721,-0.006139,0.874477,-0.064379,0.000000,-0.062318
1961-02-28,1.697466,9.942519,0.110951,-0.006139,0.949791,-0.064379,0.000000,-0.062318
1961-03-31,1.697466,11.103327,0.130435,-0.006139,0.991632,-0.064379,0.000000,-0.062318
1961-04-30,1.697466,12.127947,0.175641,-0.006139,1.000000,-0.064379,0.000000,-0.044220
1961-05-31,1.697466,10.954434,0.201214,-0.006139,1.000000,-0.064379,0.000000,-0.039803
1961-06-30,1.697466,10.994378,0.192191,-0.006139,1.000000,-0.064379,0.000000,-0.039293
1961-07-31,1.697466,6.429571,0.135629,-0.006139,0.991632,-0.064379,0.000000,-0.065253
1961-08-31,1.697466,7.575054,0.202666,-0.006139,0.987448,-0.064379,0.000000,-0.065253
1961-09-30,1.697466,7.151291,0.195049,-0.006139,1.000000,-0.064379,0.000000,-0.065253
1961-10-31,1.697466,3.223716,0.246824,-0.006139,0.995816,-0.064379,1.000000,-0.101872
1961-11-30,1.697466,4.449219,0.285259,-0.006139,0.995816,-0.064379,1.000000,-0.235958
1961-12-31,1.697466,7.005146,0.284120,-0.006139,1.000000,-0.064379,1.000000,-0.264445
1962-01-31,1.697466,6.059712,0.231286,-0.006139,1.000000,-0.064379,1.000000,-0.263721
1962-02-28,1.697466,1.474050,0.114276,-0.006139,0.991632,-0.064379,1.000000,-0.263721
1962-03-31,1.697466,2.422954,0.102774,-0.006139,0.991632,-0.064379,1.000000,-0.245784
1962-04-30,1.697466,1.378932,0.069013,-0.006139,0.987448,-0.064379,1.000000,-0.213588
1962-05-31,1.697466,-4.986605,-0.001072,-0.006139,0.966527,-0.064379,1.000000,-0.118895
1962-06-30,1.697466,-12.245588,-0.104117,-0.006139,0.924686,-0.064379,1.000000,-0.105219
1962-07-31,1.697466,-17.816239,-0.153001,-0.006139,0.740586,-0.064379,1.000000,-0.105219
1962-08-31,1.697466,-11.462848,-0.127771,-0.006139,0.757322,-0.064379,0.000000,-0.094617
1962-09-30,1.697466,-8.792177,-0.131482,-0.006139,0.803347,-0.064379,0.000000,-0.066003
1962-10-31,1.697466,-11.125501,-0.156751,-0.006139,0.769874,-0.064379,0.000000,-0.036380
1962-11-30,1.697466,-8.559964,-0.176333,-0.006139,0.723849,-0.064379,0.000000,-0.036380
1962-12-31,1.697466,1.810211,-0.127033,-0.006139,0.824268,-0.064379,0.000000,-0.036380
1963-01-31,1.697466,4.354438,-0.118099,-0.006139,0.887029,-0.064379,0.000000,-0.040960
1963-02-28,1.697466,10.091129,-0.038350,-0.006139,0.933054,-0.064379,0.000000,-0.040960
1963-03-31,1.697466,7.083968,-0.081046,-0.006139,0.941423,-0.064379,0.000000,-0.040960
1963-04-30,1.697466,9.614531,-0.042847,-0.006139,0.928870,-0.064379,0.000000,-0.040960
1963-05-31,1.697466,12.153743,0.069896,-0.006139,0.949791,-0.064379,0.000000,-0.065387
1963-06-30,1.697466,11.508360,0.187322,-0.006139,0.958159,-0.064379,0.000000,-0.065387
1963-07-31,1.697466,7.520386,0.267032,-0.006139,0.953975,-0.064379,0.000000,-0.065387
1963-08-31,1.697466,5.054399,0.187189,-0.006139,0.933054,-0.064379,0.000000,-0.065387
1963-09-30,1.697466,7.563574,0.226319,-0.006139,0.953975,-0.064379,0.000000,-0.065387
1963-10-31,1.697466,4.907379,0.274214,-0.006139,0.979079,-0.064379,0.000000,-0.057158
1963-11-30,1.697466,6.585828,0.309448,-0.006139,0.966527,-0.064379,0.000000,-0.014898
1963-12-31,1.697466,4.405478,0.176197,-0.006139,0.962343,-0.064379,0.000000,-0.031050
1964-01-31,1.697466,5.345929,0.188906,-0.006139,0.979079,-0.064379,0.000000,-0.031050
1964-02-29,1.697466,6.615002,0.163746,-0.006139,0.991632,-0.064379,0.000000,-0.032020
1964-03-31,1.697466,6.487821,0.210142,-0.006139,0.991632,-0.064379,0.000000,-0.032020
1964-04-30,1.697466,6.905983,0.186420,-0.006139,1.000000,-0.064379,0.000000,-0.032020
1964-05-31,1.697466,6.106532,0.138395,-0.006139,1.000000,-0.064379,0.000000,-0.032020
1964-06-30,1.697466,5.734699,0.135169,-0.006139,1.000000,-0.064379,0.000000,-0.035466
1964-07-31,1.697466,6.187444,0.177598,-0.006139,0.991632,-0.064379,0.000000,-0.035466
1964-08-31,1.697466,6.534489,0.203240,-0.006139,1.000000,-0.064379,0.000000,-0.035466
1964-09-30,1.697466,3.766169,0.128690,-0.006139,0.995816,-0.064379,0.000000,-0.035466
1964-10-31,1.697466,5.284221,0.174059,-0.006139,0.995816,-0.064379,0.000000,-0.035466
1964-11-30,1.697466,4.844388,0.146602,-0.006139,1.000000,-0.064379,0.000000,-0.026919
1964-12-31,1.697466,3.358347,0.152806,-0.006139,1.000000,-0.064379,0.000000,-0.096045
1965-01-31,1.697466,2.886902,0.129699,-0.006139,0.983264,-0.064379,0.000000,-0.096045
1965-02-28,1.697466,5.202448,0.136552,-0.006139,1.000000,-0.064379,0.000000,-0.096045
1965-03-31,1.697466,4.049888,0.123779,-0.006139,1.000000,-0.064379,0.000000,-0.096045
1965-04-30,1.697466,1.836753,0.090909,-0.006139,0.991632,-0.064379,0.000000,-0.096045
1965-05-31,1.697466,4.407837,0.121445,-0.006139,1.000000,-0.064379,0.000000,-0.080253
1965-06-30,1.697466,2.967204,0.100162,-0.006139,1.000000,-0.064379,0.000000,-0.023524
1965-07-31,1.697466,-2.300783,0.029747,-0.006139,0.945607,-0.064379,0.000000,-0.022023
1965-08-31,1.697466,-1.111266,0.024886,-0.006139,0.941423,-0.064379,0.000000,-0.033702
1965-09-30,1.697466,0.845681,0.065257,-0.006139,0.958159,-0.064379,0.000000,-0.071337
1965-10-31,1.697466,3.410618,0.068662,-0.006139,0.991632,-0.064379,0.000000,-0.071337
1965-11-30,1.697466,5.309934,0.089088,-0.006139,1.000000,-0.064379,1.000000,-0.110887
1965-12-31,1.697466,3.907447,0.085169,-0.006139,1.000000,-0.064379,1.000000,-0.110887
1966-01-31,1.697466,4.246320,0.090619,-0.006139,0.987448,-0.064379,1.000000,-0.111206
1966-02-28,1.697466,3.965879,0.060758,-0.006139,1.000000,-0.064379,1.000000,-0.173231
1966-03-31,1.697466,1.867157,0.043349,-0.006139,0.983264,-0.064379,1.000000,-0.193573
1966-04-30,1.697466,-0.445165,0.035631,-0.006139,0.924686,-0.064379,1.000000,-0.194720
1966-05-31,1.697466,0.815959,0.021883,-0.006139,0.945607,-0.064379,1.000000,-0.164479
1966-06-30,1.697466,-4.735046,-0.025899,-0.006139,0.882845,-0.064379,1.000000,-0.164479
1966-07-31,1.697466,-6.019875,0.007370,-0.006139,0.870293,-0.064379,1.000000,-0.128571
1966-08-31,1.697466,-6.625565,-0.019355,-0.006139,0.857741,-0.064379,0.000000,-0.085914
1966-09-30,1.697466,-12.386365,-0.115521,-0.006139,0.778243,-0.064379,0.000000,-0.032779
1966-10-31,1.697466,-11.486214,-0.148955,-0.006139,0.744770,-0.064379,0.000000,-0.032779
1966-11-30,1.697466,-5.948027,-0.132222,-0.006139,0.711297,-0.064379,0.000000,-0.046521
1966-12-31,1.697466,-4.259246,-0.121821,-0.006139,0.769874,-0.064379,0.000000,-0.065024
1967-01-31,1.697466,-3.146849,-0.130910,-0.006139,0.769874,-0.064379,0.000000,-0.065024
1967-02-28,1.697466,4.755803,-0.067506,-0.006139,0.803347,-0.064379,0.000000,-0.065024
1967-03-31,1.697466,5.507599,-0.048674,-0.006139,0.849372,-0.064379,0.000000,-0.065024
1967-04-30,1.697466,9.125662,0.010871,-0.006139,0.861925,-0.064379,0.000000,-0.065024
1967-05-31,1.697466,12.473683,0.032396,-0.006139,0.874477,-0.064379,0.000000,-0.066093
1967-06-30,1.697466,5.881238,0.034251,-0.006139,0.887029,-0.064379,0.000000,-0.066093
1967-07-31,1.697466,6.029057,0.069625,-0.006139,0.857741,-0.064379,0.000000,-0.066093
1967-08-31,1.697466,8.527576,0.133373,-0.006139,0.870293,-0.064379,0.000000,-0.087304
1967-09-30,1.697466,5.630068,0.214527,-0.006139,0.887029,-0.064379,1.000000,-0.100400
1967-10-31,1.697466,7.128218,0.263192,-0.006139,0.895397,-0.064379,0.000000,-0.093052
1967-11-30,1.697466,1.887043,0.163342,-0.006139,0.887029,-0.064379,0.000000,-0.093052
1967-12-31,1.697466,1.829684,0.168428,-0.006139,0.820084,-0.064379,0.000000,-0.093052
1968-01-31,1.697466,3.419812,0.200921,-0.006139,0.853556,-0.064379,0.000000,-0.052290
1968-02-29,1.697466,-1.330711,0.065004,-0.006139,0.832636,-0.064379,0.000000,-0.056256
1968-03-31,1.697466,-3.933604,0.029730,-0.006139,0.748954,-0.064379,0.000000,-0.056256
1968-04-30,1.697466,-3.147183,0.000000,-0.006139,0.719665,-0.064379,0.000000,-0.056256
1968-05-31,1.697466,3.887520,0.036698,-0.006139,0.811715,-0.064379,0.000000,-0.056256
1968-06-30,1.697466,4.749167,0.107768,-0.006139,0.845188,-0.064379,0.000000,-0.056256
1968-07-31,1.697466,5.042196,0.098632,-0.006139,0.874477,-0.064379,0.000000,-0.073175
1968-08-31,1.697466,2.989366,0.031557,-0.006139,0.849372,-0.064379,0.000000,-0.095875
1968-09-30,1.697466,3.562787,0.055745,-0.006139,0.786611,-0.064379,0.000000,-0.095875
1968-10-31,1.697466,6.585967,0.061628,-0.006139,0.836820,-0.064379,0.000000,-0.095875
1968-11-30,1.697466,6.586275,0.108360,-0.006139,0.870293,-0.064379,0.000000,-0.093785
1968-12-31,1.697466,9.871952,0.152872,-0.006139,0.891213,-0.064379,0.000000,-0.093538
1969-01-31,1.697466,3.773868,0.076604,-0.006139,0.895397,-0.064379,1.000000,-0.157121
1969-02-28,1.697466,1.623852,0.116761,-0.006139,0.769874,-0.064379,1.000000,-0.157121
1969-03-31,1.697466,-3.254433,0.098142,-0.006139,0.740586,-0.064379,1.000000,-0.157121
1969-04-30,1.697466,-0.200561,0.125388,-0.006139,0.686192,-0.064379,1.000000,-0.157121
1969-05-31,1.697466,1.532437,0.063924,-0.006139,0.702929,-0.064379,1.000000,-0.130756
1969-06-30,1.697466,0.742960,0.048439,-0.006139,0.753138,-0.064379,1.000000,-0.104508
1969-07-31,1.697466,-4.749373,-0.018779,-0.006139,0.644351,-0.064379,1.000000,-0.135361
1969-08-31,1.697466,-9.525310,-0.060467,-0.006139,0.569038,-0.064379,1.000000,-0.135361
1969-09-30,1.697466,-5.161456,-0.033886,-0.006139,0.531381,-0.064379,1.000000,-0.135361
1969-10-31,1.697466,-6.112941,-0.093016,-0.006139,0.527197,-0.064379,1.000000,-0.183667
1969-11-30,1.697466,-1.410022,-0.060826,-0.006139,0.539749,-0.064379,1.000000,-0.258613
1969-12-31,1.697466,-3.872365,-0.134355,-0.006139,0.531381,-0.064379,1.000000,-0.258613
1970-01-31,1.697466,-5.075171,-0.113615,-0.006139,0.414226,-0.064379,1.000000,-0.232074
1970-02-28,1.697466,-10.817873,-0.174643,-0.006139,0.380753,-0.064379,1.000000,-0.232074
1970-03-31,1.697466,-4.700045,-0.087945,-0.006139,0.322176,-0.064379,1.000000,-0.230709
1970-04-30,1.697466,-3.135169,-0.117033,-0.006139,0.330544,-0.064379,1.000000,-0.149190
1970-05-31,1.697466,-10.330872,-0.213810,-0.006139,0.292887,-0.064379,0.000000,-0.092843
1970-06-30,1.697466,-14.358271,-0.260100,-0.006139,0.234310,-0.064379,0.000000,-0.047186
1970-07-31,1.697466,-16.514550,-0.255757,-0.006139,0.217573,-0.064379,0.000000,-0.047186
1970-08-31,1.697466,-8.817959,-0.150060,-0.006139,0.200837,-0.064379,0.000000,-0.047186
1970-09-30,1.697466,-2.996266,-0.146477,-0.006139,0.238494,-0.064379,0.000000,-0.047186
1970-10-31,1.697466,1.459920,-0.094716,-0.006139,0.259414,-0.064379,0.000000,-0.029799
1970-11-30,1.697466,1.269981,-0.142813,-0.006139,0.263598,-0.064379,0.000000,-0.051255
1970-12-31,1.697466,5.794425,-0.070462,-0.006139,0.255230,-0.064379,0.000000,-0.068531
1971-01-31,1.697466,11.441669,0.000978,-0.006139,0.292887,-0.064379,0.000000,-0.087716
1971-02-28,1.697466,15.082696,0.127735,-0.006139,0.322176,-0.064379,1.000000,-0.107283
1971-03-31,1.697466,14.042222,0.081006,-0.006139,0.372385,-0.064379,1.000000,-0.107283
1971-04-30,1.697466,15.017255,0.119157,-0.006139,0.426778,-0.064379,0.000000,-0.098853
1971-05-31,1.697466,15.070401,0.275147,0.669000,0.472803,-0.064379,1.000000,-0.110322
1971-06-30,1.697466,7.715093,0.301502,0.953000,0.439331,-0.064379,1.000000,-0.110322
1971-07-31,1.697466,4.763723,0.357261,0.300000,0.364017,-0.064379,1.000000,-0.110322
1971-08-31,1.697466,0.251734,0.224600,-0.758000,0.347280,-0.064379,1.000000,-0.110322
1971-09-30,1.697466,2.179162,0.214794,0.023000,0.301255,-0.064379,0.000000,-0.098580
1971-10-31,1.697466,0.314181,0.166548,1.459000,0.338912,-0.064379,0.000000,-0.050047
1971-11-30,1.697466,-4.081836,0.131892,1.288000,0.280335,-0.064379,0.000000,-0.049374
1971-12-31,1.697466,-4.141723,0.077867,-0.506000,0.230126,-0.064379,0.000000,-0.049374
1972-01-31,1.697466,3.555305,0.107868,-0.993000,0.309623,-0.064379,0.000000,-0.049374
1972-02-29,1.697466,5.045078,0.084063,-0.429000,0.389121,-0.064379,0.000000,-0.049374
1972-03-31,1.697466,7.418608,0.101499,-0.651000,0.426778,-0.064379,0.000000,-0.049374
1972-04-30,1.697466,7.235386,0.068687,-1.292000,0.456067,-0.064379,0.000000,-0.051355
1972-05-31,1.697466,6.747699,0.035786,-1.025000,0.468619,-0.064379,0.000000,-0.051355
1972-06-30,1.697466,7.110377,0.099368,-0.709000,0.439331,-0.064379,0.000000,-0.051355
1972-07-31,1.697466,3.948773,0.085512,-0.405000,0.435146,-0.064379,0.000000,-0.051355
1972-08-31,1.697466,3.284443,0.123561,0.177000,0.393305,-0.064379,0.000000,-0.077678
1972-09-30,1.697466,5.138128,0.121781,0.329000,0.472803,-0.064379,0.000000,-0.094810
1972-10-31,1.697466,3.012574,0.124161,-0.397000,0.426778,-0.064379,1.000000,-0.110363
1972-11-30,1.697466,3.060982,0.184124,-0.979000,0.401674,-0.064379,1.000000,-0.145625
1972-12-31,1.697466,6.510009,0.241302,-0.761000,0.514644,-0.064379,1.000000,-0.149617
1973-01-31,1.697466,6.652094,0.156333,-0.317000,0.560669,-0.064379,1.000000,-0.132728
1973-02-28,1.697466,3.997490,0.116317,-0.005000,0.573222,-0.064379,1.000000,-0.125674
1973-03-31,1.697466,-0.259889,0.047950,0.904000,0.447699,-0.064379,1.000000,-0.107827
1973-04-30,1.697466,-0.579480,0.040299,1.747000,0.368201,-0.064379,0.000000,-0.096360
1973-05-31,1.697466,-4.621364,-0.006501,1.397000,0.284519,-0.064379,1.000000,-0.141242
1973-06-30,1.697466,-6.218448,-0.041815,0.352000,0.200837,-0.064379,1.000000,-0.173008
1973-07-31,1.697466,-6.262923,-0.026881,-0.371000,0.158996,-0.064379,1.000000,-0.173008
1973-08-31,1.697466,-2.498355,0.007729,0.124000,0.175732,-0.064379,1.000000,-0.186468
1973-09-30,1.697466,-5.450753,-0.061572,0.947000,0.138075,-0.064379,1.000000,-0.186468
1973-10-31,1.697466,-0.919259,-0.019177,1.391000,0.138075,-0.064379,1.000000,-0.168261
1973-11-30,1.697466,-0.156739,-0.029486,0.631000,0.179916,-0.064379,1.000000,-0.129359
1973-12-31,1.697466,-9.856933,-0.177509,-0.513000,0.100418,-0.064379,1.000000,-0.138277
1974-01-31,1.697466,-7.130614,-0.173655,-0.602000,0.025105,-0.064379,1.000000,-0.204833
1974-02-28,1.697466,-6.736202,-0.167715,-0.910000,0.025105,-0.064379,1.000000,-0.290555
1974-03-31,1.697466,-6.099346,-0.138431,-1.477000,0.008368,-0.064379,1.000000,-0.329605
1974-04-30,1.697466,-7.292867,-0.157281,-1.921000,0.008368,-0.064379,1.000000,-0.331042
1974-05-31,1.697466,-9.670130,-0.155745,-0.282000,0.000000,-0.064379,1.000000,-0.331042
1974-06-30,1.697466,-10.833233,-0.168366,2.363000,0.000000,-0.064379,1.000000,-0.275982
1974-07-31,1.697466,-10.471690,-0.175139,4.505000,0.000000,-0.064379,1.000000,-0.246461
1974-08-31,1.697466,-14.855016,-0.267141,4.574000,0.000000,-0.064379,1.000000,-0.135620
1974-09-30,1.697466,-19.415186,-0.307914,2.346000,0.000000,-0.064379,1.000000,-0.135620
1974-10-31,1.697466,-26.365437,-0.414000,0.017000,0.000000,-0.064379,1.000000,-0.135620
1974-11-30,1.697466,-11.946236,-0.317573,-1.584000,0.004184,-0.064379,0.000000,-0.065806
1974-12-31,1.697466,-13.900031,-0.270842,-1.981000,0.008368,-0.064379,0.000000,-0.065806
1975-01-31,1.697466,-12.662423,-0.297181,-1.605000,0.000000,-0.064379,0.000000,-0.077607
1975-02-28,1.697466,0.234379,-0.202858,-1.628000,0.012552,-0.064379,1.000000,-0.131158
1975-03-31,1.697466,7.457059,-0.152047,-1.722000,0.020921,-0.064379,1.000000,-0.141408
1975-04-30,1.697466,10.357976,-0.113003,-2.189000,0.029289,-0.064379,1.000000,-0.141408
1975-05-31,1.697466,15.375469,-0.033330,-1.849000,0.033473,-0.064379,1.000000,-0.141408
1975-06-30,1.697466,18.607679,0.044340,-1.172000,0.041841,-0.064379,1.000000,-0.141408
1975-07-31,1.697466,20.259243,0.106860,-0.881000,0.046025,-0.064379,0.000000,-0.067053
1975-08-31,1.697466,8.662380,0.119027,-0.579000,0.046025,-0.064379,0.000000,-0.050733
1975-09-30,1.697466,4.708757,0.204158,-0.257000,0.029289,-0.064379,0.000000,-0.050733
1975-10-31,1.697466,-0.584376,0.319956,0.028000,0.029289,-0.064379,0.000000,-0.050733
1975-11-30,1.697466,3.042437,0.204871,0.221000,0.046025,-0.064379,0.000000,-0.042462
1975-12-31,1.697466,3.874219,0.303987,0.331000,0.054393,-0.064379,0.000000,-0.047145
1976-01-31,1.697466,1.683260,0.315490,0.078000,0.046025,-0.064379,0.000000,-0.047145
1976-02-29,1.697466,11.512820,0.310210,-0.491000,0.075314,-0.064379,0.000000,-0.047145
1976-03-31,1.697466,8.749235,0.222086,-0.792000,0.079498,-0.064379,0.000000,-0.047145
1976-04-30,1.697466,10.683896,0.232845,-0.649000,0.083682,-0.064379,0.000000,-0.072985
1976-05-31,1.697466,8.711695,0.164261,-0.130000,0.087866,-0.064379,0.000000,-0.083650
1976-06-30,1.697466,5.855999,0.099067,0.467000,0.079498,-0.064379,0.000000,-0.083650
1976-07-31,1.697466,8.198966,0.095493,0.649000,0.083682,-0.064379,0.000000,-0.083650
1976-08-31,1.697466,5.191440,0.165521,0.262000,0.100418,-0.064379,0.000000,-0.083650
1976-09-30,1.697466,3.196891,0.184507,-0.373000,0.092050,-0.064379,0.000000,-0.083008
1976-10-31,1.697466,4.072307,0.254799,-0.643000,0.108787,-0.064379,0.000000,-0.096315
1976-11-30,1.697466,0.495153,0.155660,-0.427000,0.079498,-0.064379,1.000000,-0.104132
1976-12-31,1.697466,-0.406764,0.119027,-0.078000,0.079498,-0.064379,1.000000,-0.101682
1977-01-31,1.697466,4.035162,0.191485,0.041000,0.100418,-0.064379,0.000000,-0.062610
1977-02-28,1.697466,-1.150963,0.011600,-0.140000,0.087866,-0.064379,0.000000,-0.059802
1977-03-31,1.697466,-3.121239,0.001103,-0.294000,0.075314,-0.064379,0.000000,-0.066313
1977-04-30,1.697466,-4.316549,-0.042328,-0.231000,0.066946,-0.064379,1.000000,-0.106003
1977-05-31,1.697466,-3.750634,-0.031484,0.103000,0.062762,-0.064379,1.000000,-0.108852
1977-06-30,1.697466,-5.341524,-0.040527,0.319000,0.062762,-0.064379,1.000000,-0.108852
1977-07-31,1.697466,-0.810453,-0.036440,0.226000,0.062762,-0.064379,1.000000,-0.106336
1977-08-31,1.697466,-1.800086,-0.044374,-0.045000,0.071130,-0.064379,1.000000,-0.111927
1977-09-30,1.697466,-3.277397,-0.059664,-0.154000,0.050209,-0.064379,1.000000,-0.101716
1977-10-31,1.697466,-2.977125,-0.082763,0.010000,0.033473,-0.064379,1.000000,-0.101251
1977-11-30,1.697466,-5.756280,-0.102624,0.376000,0.025105,-0.064379,0.000000,-0.086225
1977-12-31,1.697466,-2.498455,-0.071205,0.557000,0.025105,-0.064379,0.000000,-0.073758
1978-01-31,1.697466,-1.744020,-0.115020,0.440000,0.020921,-0.064379,0.000000,-0.060307
1978-02-28,1.697466,-6.906155,-0.125257,0.088000,0.020921,-0.064379,0.000000,-0.060307
1978-03-31,1.697466,-8.118777,-0.128030,-0.111000,0.020921,-0.064379,0.000000,-0.060307
1978-04-30,1.697466,-5.136113,-0.093579,0.033000,0.020921,-0.064379,1.000000,-0.115899
1978-05-31,1.697466,3.368031,-0.016355,0.373000,0.033473,-0.064379,1.000000,-0.135527
1978-06-30,1.697466,3.984429,0.011652,0.587000,0.037657,-0.064379,1.000000,-0.135527
1978-07-31,1.697466,2.291465,-0.049264,0.528000,0.037657,-0.064379,1.000000,-0.135527
1978-08-31,1.697466,7.329034,0.018513,0.302000,0.037657,-0.064379,1.000000,-0.135527
1978-09-30,1.697466,8.840886,0.067376,-0.081000,0.075314,-0.064379,1.000000,-0.122403
1978-10-31,1.697466,7.179815,0.062260,-0.161000,0.075314,-0.064379,0.000000,-0.056254
1978-11-30,1.697466,-2.436213,0.008772,0.842000,0.041841,-0.064379,0.000000,-0.056254
1978-12-31,1.697466,-1.375744,-0.001371,1.879000,0.016736,-0.064379,0.000000,-0.056254
1979-01-31,1.697466,-0.843924,0.010620,1.596000,0.029289,-0.064379,0.000000,-0.051093
1979-02-28,1.697466,1.969388,0.119664,-0.137000,0.041841,-0.064379,0.000000,-0.051093
1979-03-31,1.697466,-1.699934,0.106158,-1.594000,0.029289,-0.064379,0.000000,-0.051093
1979-04-30,1.697466,3.262855,0.138774,-1.803000,0.041841,-0.064379,1.000000,-0.101285
1979-05-31,1.697466,2.784766,0.050914,-1.230000,0.046025,-0.064379,1.000000,-0.102453
1979-06-30,1.697466,0.239776,0.018922,-0.550000,0.012552,-0.064379,1.000000,-0.102453
1979-07-31,1.697466,4.154652,0.077253,0.213000,0.016736,-0.064379,1.000000,-0.102453
1979-08-31,1.697466,4.930657,0.031089,0.643000,0.016736,-0.064379,1.000000,-0.102453
1979-09-30,1.697466,8.723110,0.058379,0.927000,0.058577,-0.064379,1.000000,-0.170719
1979-10-31,1.697466,7.164913,0.066121,1.304000,0.058577,-0.064379,1.000000,-0.170719
1979-11-30,1.697466,-0.742820,0.093076,1.714000,0.008368,-0.064379,1.000000,-0.170719
1979-12-31,1.697466,2.863237,0.121014,1.480000,0.004184,-0.064379,1.000000,-0.170719
1980-01-31,1.697466,3.419533,0.123088,0.257000,0.020921,-0.064379,1.000000,-0.170719
1980-02-29,1.697466,8.077406,0.142400,-0.711000,0.033473,-0.064379,1.000000,-0.129101
1980-03-31,1.697466,6.405289,0.180515,-0.613000,0.071130,-0.064379,0.000000,-0.052607
1980-04-30,1.697466,-4.694784,0.004922,1.303000,0.000000,-0.064379,0.000000,-0.055423
1980-05-31,1.697466,-1.086016,0.044516,2.516000,0.000000,-0.064379,0.000000,-0.055423
1980-06-30,1.697466,2.809609,0.122729,1.497000,0.008368,-0.064379,0.000000,-0.093652
1980-07-31,1.697466,5.104329,0.110096,-0.984000,0.016736,-0.064379,0.000000,-0.093652
1980-08-31,1.697466,10.682542,0.172045,-2.881000,0.058577,-0.064379,0.000000,-0.099203
1980-09-30,1.697466,9.284442,0.119466,-2.246000,0.100418,-0.064379,0.000000,-0.099203
1980-10-31,1.697466,10.136683,0.147640,-0.851000,0.117155,-0.064379,0.000000,-0.099203
1980-11-30,1.697466,10.015019,0.251915,0.265000,0.133891,-0.064379,0.000000,-0.083550
1980-12-31,1.697466,18.580281,0.323662,1.074000,0.154812,-0.064379,0.000000,-0.083550
1981-01-31,1.697466,12.466032,0.257736,1.575000,0.138075,-0.064379,0.000000,-0.072788
1981-02-28,1.697466,4.934475,0.134811,1.056000,0.129707,-0.064379,0.000000,-0.099190
1981-03-31,1.697466,4.218937,0.154936,-0.586000,0.050209,-0.064379,1.000000,-0.174270
1981-04-30,1.697466,5.892613,0.332158,-1.820000,0.108787,-0.064379,1.000000,-0.157490
1981-05-31,1.697466,1.934928,0.249506,-1.251000,0.112971,-0.064379,1.000000,-0.157490
1981-06-30,1.697466,0.920222,0.191927,0.294000,0.046025,-0.064379,1.000000,-0.157490
1981-07-31,1.697466,-0.796886,0.148547,1.748000,0.041841,-0.064379,1.000000,-0.157490
1981-08-31,1.697466,-1.423088,0.076025,2.325000,0.016736,-0.064379,1.000000,-0.117451
1981-09-30,1.697466,-7.217663,0.003350,1.689000,0.016736,-0.064379,1.000000,-0.150455
1981-10-31,1.697466,-10.567479,-0.073968,0.479000,0.000000,-0.064379,1.000000,-0.150455
1981-11-30,1.697466,-5.159469,-0.043775,-0.422000,0.004184,-0.064379,1.000000,-0.149850
1981-12-31,1.697466,-1.443828,-0.100840,-0.538000,0.008368,-0.064379,1.000000,-0.126609
1982-01-31,1.697466,-3.753267,-0.097304,-0.632000,0.012552,-0.064379,1.000000,-0.103624
1982-02-28,1.697466,-4.268936,-0.070629,-0.638000,0.000000,-0.064379,1.000000,-0.142714
1982-03-31,1.697466,-8.634157,-0.138341,-0.382000,0.000000,-0.064379,1.000000,-0.142714
1982-04-30,1.697466,-8.030494,-0.176765,-0.036000,0.000000,-0.064379,1.000000,-0.142714
1982-05-31,1.697466,-3.175644,-0.123259,0.180000,0.008368,-0.064379,0.000000,-0.085862
1982-06-30,1.697466,-5.470832,-0.156196,0.520000,0.008368,-0.064379,0.000000,-0.081764
1982-07-31,1.697466,-6.345856,-0.164622,1.197000,0.000000,-0.064379,0.000000,-0.070550
1982-08-31,1.697466,-7.782795,-0.182020,1.151000,0.000000,-0.064379,0.000000,-0.070550
1982-09-30,1.697466,3.123653,-0.026712,0.809000,0.004184,-0.064379,0.000000,-0.070550
1982-10-31,1.697466,4.443305,0.036495,0.891000,0.033473,-0.064379,0.000000,-0.070550
1982-11-30,1.697466,14.865911,0.097055,-0.001000,0.058577,-0.064379,0.000000,-0.052410
1982-12-31,1.697466,17.172896,0.096399,-1.753000,0.075314,-0.064379,0.000000,-0.046396
1983-01-31,1.697466,16.250620,0.147613,-2.969000,0.087866,-0.064379,0.000000,-0.049301
1983-02-28,1.697466,16.881448,0.206811,-2.504000,0.117155,-0.064379,0.000000,-0.069068
1983-03-31,1.697466,16.147352,0.308991,-1.153000,0.154812,-0.064379,0.000000,-0.069068
1983-04-30,1.697466,16.245141,0.366202,-0.907000,0.225941,-0.064379,0.000000,-0.069068
1983-05-31,1.697466,19.964100,0.412144,-0.601000,0.259414,-0.064379,0.000000,-0.069068
1983-06-30,1.697466,13.881174,0.451466,-0.587000,0.301255,-0.064379,0.000000,-0.066557
1983-07-31,1.697466,13.724399,0.529422,-0.598000,0.313808,-0.064379,0.000000,-0.063655
1983-08-31,1.697466,7.213285,0.517976,-0.473000,0.317992,-0.064379,1.000000,-0.106342
1983-09-30,1.697466,6.276380,0.375617,-0.145000,0.284519,-0.064379,1.000000,-0.106342
1983-10-31,1.697466,5.478108,0.379090,-0.094000,0.317992,-0.064379,0.000000,-0.088552
1983-11-30,1.697466,2.387692,0.223078,-0.182000,0.326360,-0.064379,1.000000,-0.112181
1983-12-31,1.697466,2.813783,0.201184,-0.064000,0.305439,-0.064379,1.000000,-0.119624
1984-01-31,1.697466,0.854258,0.172710,0.195000,0.301255,-0.064379,0.000000,-0.095127
1984-02-29,1.697466,-0.709690,0.124639,0.111000,0.317992,-0.064379,0.000000,-0.086967
1984-03-31,1.697466,-4.138769,0.060786,-0.229000,0.246862,-0.064379,0.000000,-0.086967
1984-04-30,1.697466,-2.654113,0.040664,-0.357000,0.251046,-0.064379,0.000000,-0.086967
1984-05-31,1.697466,-1.665630,-0.026637,0.142000,0.246862,-0.064379,0.000000,-0.047367
1984-06-30,1.697466,-6.814803,-0.072911,0.955000,0.225941,-0.064379,0.000000,-0.050467
1984-07-31,1.697466,-4.523870,-0.086256,1.494000,0.179916,-0.064379,0.000000,-0.050467
1984-08-31,1.697466,-5.183858,-0.073204,1.185000,0.150628,-0.064379,0.000000,-0.050467
1984-09-30,1.697466,4.691913,0.013869,0.092000,0.297071,-0.064379,0.000000,-0.050467
1984-10-31,1.697466,4.347284,0.000181,-0.694000,0.313808,-0.064379,0.000000,-0.050467
1984-11-30,1.697466,4.265014,0.015530,-0.930000,0.297071,-0.064379,0.000000,-0.037197
1984-12-31,1.697466,2.678377,-0.016947,-0.666000,0.322176,-0.064379,0.000000,-0.037197
1985-01-31,1.697466,4.309214,0.014006,-0.617000,0.297071,-0.064379,0.000000,-0.037197
1985-02-28,1.697466,10.625957,0.099260,-0.568000,0.380753,-0.064379,0.000000,-0.048812
1985-03-31,1.697466,10.147179,0.153572,-0.318000,0.439331,-0.064379,0.000000,-0.076616
1985-04-30,1.697466,7.856719,0.134942,-0.021000,0.430962,-0.064379,0.000000,-0.076616
1985-05-31,1.697466,5.679782,0.123586,0.113000,0.439331,-0.064379,0.000000,-0.076616
1985-06-30,1.697466,8.902985,0.259050,-0.074000,0.464435,-0.064379,0.000000,-0.076616
1985-07-31,1.697466,8.653178,0.252448,-0.107000,0.472803,-0.064379,0.000000,-0.059601
1985-08-31,1.697466,6.627645,0.267224,0.175000,0.489540,-0.064379,0.000000,-0.048223
1985-09-30,1.697466,4.039007,0.131690,0.620000,0.472803,-0.064379,0.000000,-0.048223
1985-10-31,1.697466,-0.588020,0.096207,0.679000,0.447699,-0.064379,0.000000,-0.048223
1985-11-30,1.697466,2.375754,0.142874,0.285000,0.464435,-0.064379,0.000000,-0.048950
1985-12-31,1.697466,7.726900,0.235909,-0.125000,0.514644,-0.064379,0.000000,-0.048950
1986-01-31,1.697466,10.804019,0.263334,-0.165000,0.564854,-0.064379,0.000000,-0.075346
1986-02-28,1.697466,9.282679,0.178979,-0.084000,0.569038,-0.064379,0.000000,-0.075346
1986-03-31,1.697466,14.317378,0.252456,-0.133000,0.589958,-0.064379,0.000000,-0.094236
1986-04-30,1.697466,17.433083,0.322373,-0.223000,0.602510,-0.064379,0.000000,-0.094236
1986-05-31,1.697466,13.338661,0.309681,-0.191000,0.619247,-0.064379,0.000000,-0.094236
1986-06-30,1.697466,15.884656,0.304933,0.033000,0.623431,-0.064379,0.000000,-0.094236
1986-07-31,1.697466,14.191543,0.307480,0.239000,0.635983,-0.064379,0.000000,-0.094236
1986-08-31,1.697466,4.909582,0.236748,0.309000,0.627615,-0.064379,0.000000,-0.094236
1986-09-30,1.697466,9.313209,0.340879,0.073000,0.640167,-0.064379,0.000000,-0.046575
1986-10-31,1.697466,-1.270185,0.270431,-0.169000,0.610879,-0.064379,0.000000,-0.075476
1986-11-30,1.697466,2.699880,0.285323,-0.219000,0.610879,-0.064379,0.000000,-0.078622
1986-12-31,1.697466,3.277942,0.232725,-0.151000,0.648536,-0.064379,0.000000,-0.078622
1987-01-31,1.697466,-0.273849,0.146204,-0.073000,0.665272,0.110182,0.000000,-0.078622
1987-02-28,1.697466,11.254983,0.294173,-0.010000,0.682008,-0.924977,0.000000,-0.078622
1987-03-31,1.697466,13.127491,0.252424,0.021000,0.711297,-1.120279,0.000000,-0.078622
1987-04-30,1.697466,14.098637,0.221013,-0.017000,0.744770,-1.793128,1.000000,-0.332363
1987-05-31,1.697466,11.160792,0.224355,0.403000,0.732218,-1.659564,1.000000,-0.332363
1987-06-30,1.697466,9.551901,0.172832,1.236000,0.732218,-1.697282,1.000000,-0.335095
1987-07-31,1.697466,12.628884,0.211928,1.177000,0.774059,-1.425093,1.000000,-0.335095
1987-08-31,1.697466,14.359747,0.349568,0.201000,0.807531,-1.342815,1.000000,-0.317484
1987-09-30,1.697466,14.821271,0.303918,-0.906000,0.874477,-1.719192,1.000000,-0.317484
1987-10-31,1.697466,9.283843,0.391276,-0.541000,0.853556,-1.590575,1.000000,-0.124457
1987-11-30,1.697466,-14.778037,0.032011,0.861000,0.702929,-0.100099,0.000000,-0.076405
1987-12-31,1.697466,-20.879225,-0.075917,1.425000,0.635983,-0.671159,0.000000,-0.076405
1988-01-31,1.697466,-14.017858,0.020275,0.878000,0.610879,-0.237182,0.000000,-0.076405
1988-02-29,1.697466,-9.450189,-0.062062,-0.548000,0.669456,0.086897,0.000000,-0.076405
1988-03-31,1.697466,-4.976137,-0.057635,-1.182000,0.686192,-0.308982,0.000000,-0.076405
1988-04-30,1.697466,-7.115995,-0.112479,-1.097000,0.694561,-0.767520,0.000000,-0.068272
1988-05-31,1.697466,-4.782903,-0.093737,-0.418000,0.690377,-1.038153,0.000000,-0.069943
1988-06-30,1.697466,-2.472776,-0.096312,0.120000,0.677824,-1.346863,0.000000,-0.069943
1988-07-31,1.697466,3.922455,-0.100329,0.261000,0.707113,-0.621108,0.000000,-0.069943
1988-08-31,1.697466,5.354068,-0.146363,0.226000,0.698745,-0.820046,0.000000,-0.069943
1988-09-30,1.697466,0.907126,-0.207035,0.149000,0.690377,-1.096752,0.000000,-0.069943
1988-10-31,1.697466,3.258270,-0.155113,-0.161000,0.698745,-2.042667,0.000000,-0.055086
1988-11-30,1.697466,4.671712,0.107947,-0.470000,0.723849,-1.985268,0.000000,-0.041785
1988-12-31,1.697466,2.057562,0.188450,-0.537000,0.707113,-1.949381,0.000000,-0.041785
1989-01-31,1.697466,3.175665,0.124008,-0.232000,0.723849,-1.828707,0.000000,-0.041785
1989-02-28,1.697466,8.951398,0.157156,-0.036000,0.753138,-1.632828,0.000000,-0.034932
1989-03-31,1.697466,4.741767,0.078560,0.226000,0.761506,-2.045507,0.000000,-0.031847
1989-04-30,1.697466,5.667719,0.138978,0.765000,0.761506,-1.895877,0.000000,-0.072679
1989-05-31,1.697466,9.541942,0.184862,0.844000,0.782427,-1.104432,0.000000,-0.075570
1989-06-30,1.697466,11.478234,0.222612,0.240000,0.815900,-0.631302,0.000000,-0.075570
1989-07-31,1.697466,8.464890,0.162633,-0.554000,0.857741,-0.232491,1.000000,-0.102335
1989-08-31,1.697466,15.137014,0.272259,-0.750000,0.878661,0.236243,1.000000,-0.102335
1989-09-30,1.697466,14.170533,0.343874,-0.432000,0.949791,-0.559891,1.000000,-0.102335
1989-10-31,1.697466,10.709822,0.284065,0.141000,0.949791,-0.742575,1.000000,-0.102060
1989-11-30,1.697466,5.820826,0.220059,0.338000,0.937238,-0.060539,1.000000,-0.102060
1989-12-31,1.697466,5.972616,0.264121,0.145000,0.895397,0.425835,1.000000,-0.102060
1990-01-31,1.697466,6.143975,0.272505,-0.360000,0.945607,0.259353,0.000000,-0.045339
1990-02-28,1.697466,-2.165805,0.106263,-0.500000,0.887029,-0.422079,1.000000,-0.167746
1990-03-31,1.697466,-1.978789,0.148965,-0.320000,0.841004,-0.353414,1.000000,-0.184253
1990-04-30,1.697466,-0.173844,0.152847,-0.267000,0.861925,-0.699204,1.000000,-0.199187
1990-05-31,1.697466,-3.222222,0.068337,-0.156000,0.853556,-0.968550,1.000000,-0.199187
1990-06-30,1.697466,5.213953,0.127012,-0.068000,0.903766,0.007577,1.000000,-0.199187
1990-07-31,1.697466,4.079815,0.125920,-0.138000,0.966527,0.488158,1.000000,-0.168936
1990-08-31,1.697466,3.325925,0.029097,-0.181000,0.958159,0.489702,0.000000,-0.089183
1990-09-30,1.697466,-5.933404,-0.082202,0.117000,0.794979,0.123345,0.000000,-0.062657
1990-10-31,1.697466,-9.696325,-0.123443,0.645000,0.744770,1.428663,0.000000,-0.061070
1990-11-30,1.697466,-8.974404,-0.106828,0.832000,0.719665,2.116733,0.000000,-0.061070
1990-12-31,1.697466,-3.320271,-0.068701,0.478000,0.732218,2.341436,0.000000,-0.056038
1991-01-31,1.697466,-0.870258,-0.065591,0.231000,0.778243,2.264035,0.000000,-0.056038
1991-02-28,1.697466,3.121870,0.045126,0.058000,0.761506,1.823726,0.000000,-0.056038
1991-03-31,1.697466,8.876006,0.105999,-0.278000,0.891213,0.987442,0.000000,-0.056038
1991-04-30,1.697466,10.833453,0.103783,-0.631000,0.966527,0.429031,0.000000,-0.050020
1991-05-31,1.697466,10.304576,0.134643,-0.815000,0.983264,-0.167793,0.000000,-0.055837
1991-06-30,1.697466,13.440069,0.079174,-0.418000,0.979079,-0.443667,0.000000,-0.055837
1991-07-31,1.697466,6.500932,0.036702,-0.137000,0.974895,-0.877707,0.000000,-0.055837
1991-08-31,1.697466,8.727711,0.088895,-0.229000,0.979079,-1.045538,0.000000,-0.055837
1991-09-30,1.697466,8.093257,0.225911,-0.424000,0.991632,-0.424817,0.000000,-0.055837
1991-10-31,1.697466,4.155083,0.267309,-0.475000,0.987448,0.328955,0.000000,-0.062433
1991-11-30,1.697466,3.655480,0.290954,-0.247000,0.983264,0.635968,0.000000,-0.062433
1991-12-31,1.697466,-1.707711,0.164484,-0.073000,0.970711,0.787868,0.000000,-0.062433
1992-01-31,1.697466,7.847370,0.263067,-0.102000,0.987448,1.919447,0.000000,-0.054252
1992-02-29,1.697466,4.789322,0.188556,-0.122000,1.000000,-0.013110,0.000000,-0.044447
1992-03-31,1.697466,4.790613,0.124309,-0.084000,0.995816,-0.050043,0.000000,-0.041889
1992-04-30,1.697466,2.143369,0.075875,-0.029000,0.991632,-0.891484,0.000000,-0.053166
1992-05-31,1.697466,3.841864,0.105531,-0.086000,0.991632,-1.243267,0.000000,-0.053166
1992-06-30,1.697466,3.230506,0.065464,-0.195000,0.995816,-0.665441,0.000000,-0.053166
1992-07-31,1.697466,1.119116,0.099634,-0.233000,0.987448,-0.294257,0.000000,-0.053166
1992-08-31,1.697466,4.162469,0.093860,-0.201000,0.991632,0.145009,0.000000,-0.053166
1992-09-30,1.697466,1.126970,0.047037,-0.058000,0.995816,0.479708,0.000000,-0.039283
1992-10-31,1.697466,0.997400,0.077193,0.074000,0.991632,1.374395,0.000000,-0.049942
1992-11-30,1.697466,1.171243,0.066836,0.301000,0.974895,0.930312,0.000000,-0.049942
1992-12-31,1.697466,3.667477,0.149592,0.308000,1.000000,0.183980,0.000000,-0.049942
1993-01-31,1.697466,4.139427,0.044643,0.011000,1.000000,0.532662,0.000000,-0.049942
1993-02-28,1.697466,4.000948,0.073389,-0.345000,0.995816,0.843798,0.000000,-0.049942
1993-03-31,1.697466,4.387831,0.074340,-0.392000,1.000000,1.233909,0.000000,-0.037220
1993-04-30,1.697466,5.437995,0.118854,-0.158000,1.000000,1.065752,0.000000,-0.027366
1993-05-31,1.697466,1.994996,0.060827,0.024000,0.991632,0.725861,0.000000,-0.027366
1993-06-30,1.697466,3.687889,0.083881,0.008000,0.991632,0.575459,0.000000,-0.025580
1993-07-31,1.697466,2.901139,0.103861,-0.040000,0.995816,0.789534,0.000000,-0.025580
1993-08-31,1.697466,1.648820,0.056387,-0.123000,0.991632,0.176507,0.000000,-0.036805
1993-09-30,1.697466,4.089152,0.119629,-0.127000,0.995816,-0.634606,0.000000,-0.075622
1993-10-31,1.697466,2.415270,0.098444,-0.067000,1.000000,-0.147106,0.000000,-0.089378
1993-11-30,1.697466,3.658385,0.117393,0.102000,1.000000,-0.356237,0.000000,-0.089378
1993-12-31,1.697466,1.801069,0.070569,0.194000,0.995816,-0.596402,0.000000,-0.089378
1994-01-31,1.697466,2.308047,0.070552,0.097000,1.000000,-0.361920,0.000000,-0.089378
1994-02-28,1.697466,4.943985,0.097612,-0.013000,1.000000,-0.894508,0.000000,-0.068229
1994-03-31,1.697466,1.196669,0.053588,0.008000,0.995816,-1.306430,0.000000,-0.042325
1994-04-30,1.697466,-3.340173,-0.013063,0.257000,0.970711,-2.218439,0.000000,-0.049804
1994-05-31,1.697466,-2.233679,0.024353,0.405000,0.933054,-2.582052,0.000000,-0.054908
1994-06-30,1.697466,-1.200955,0.014016,0.340000,0.933054,-2.163264,0.000000,-0.064318
1994-07-31,1.697466,-3.444756,-0.013895,0.168000,0.933054,-1.887928,0.000000,-0.064318
1994-08-31,1.697466,-0.389736,0.022605,0.033000,0.924686,-1.786210,0.000000,-0.061835
1994-09-30,1.697466,3.183677,0.025736,-0.144000,0.949791,-1.401731,0.000000,-0.059776
1994-10-31,1.697466,0.390312,0.008237,-0.089000,0.958159,-1.465469,0.000000,-0.049037
1994-11-30,1.697466,2.350809,0.009662,0.118000,0.928870,-1.665351,0.000000,-0.017361
1994-12-31,1.697466,-1.094157,-0.017540,0.334000,0.916318,-1.794930,0.000000,-0.017039
1995-01-31,1.697466,0.294372,-0.015393,0.432000,0.899582,-1.608895,0.000000,-0.020863
1995-02-28,1.697466,2.179256,-0.023235,0.187000,0.916318,-1.376804,0.000000,-0.020863
1995-03-31,1.697466,5.033029,0.043349,-0.084000,0.962343,-0.664122,0.000000,-0.020863
1995-04-30,1.697466,6.885170,0.123247,-0.272000,0.987448,-0.733243,0.000000,-0.023584
1995-05-31,1.697466,8.246061,0.141492,-0.228000,1.000000,-0.599440,0.000000,-0.023584
1995-06-30,1.697466,10.431586,0.168456,-0.133000,1.000000,0.021150,0.000000,-0.025334
1995-07-31,1.697466,11.187083,0.226169,-0.100000,1.000000,0.440918,0.000000,-0.037334
1995-08-31,1.697466,12.440108,0.226509,-0.080000,1.000000,0.445081,0.000000,-0.037334
1995-09-30,1.697466,10.426313,0.181686,-0.015000,0.995816,0.544058,0.000000,-0.042256
1995-10-31,1.697466,11.977384,0.263016,0.007000,1.000000,0.546126,0.000000,-0.045763
1995-11-30,1.697466,8.870053,0.231079,0.010000,0.995816,0.592963,0.000000,-0.045763
1995-12-31,1.697466,10.546036,0.334325,-0.023000,1.000000,1.271630,0.000000,-0.045763
1996-01-31,1.697466,9.894873,0.341107,-0.023000,1.000000,1.325729,0.000000,-0.076432
1996-02-29,1.697466,10.804302,0.352026,-0.036000,0.995816,1.473733,0.000000,-0.076432
1996-03-31,1.697466,9.181263,0.313999,-0.078000,1.000000,1.219907,0.000000,-0.076432
1996-04-30,1.697466,7.981967,0.289169,-0.026000,0.995816,1.136350,0.000000,-0.076432
1996-05-31,1.697466,7.465249,0.270949,0.093000,0.991632,0.088073,0.000000,-0.076337
1996-06-30,1.697466,8.021368,0.254443,0.145000,0.995816,-0.686239,0.000000,-0.072838
1996-07-31,1.697466,6.397191,0.231078,0.035000,0.995816,-0.502786,0.000000,-0.047620
1996-08-31,1.697466,0.642909,0.138580,-0.079000,0.974895,-0.566200,0.000000,-0.047620
1996-09-30,1.697466,1.412169,0.160372,-0.057000,0.979079,-0.663271,0.000000,-0.051955
1996-10-31,1.697466,5.563297,0.176109,0.013000,0.987448,-0.544031,0.000000,-0.096338
1996-11-30,1.697466,6.852456,0.212846,-0.039000,1.000000,-0.349859,0.000000,-0.096338
1996-12-31,1.697466,12.628156,0.250508,-0.115000,1.000000,0.254517,0.000000,-0.096338
1997-01-31,1.697466,8.585516,0.202637,-0.073000,1.000000,-0.599136,0.000000,-0.096338
1997-02-28,1.697466,12.915407,0.236062,-0.005000,1.000000,-1.035071,0.000000,-0.093406
1997-03-31,1.697466,11.398318,0.234827,0.053000,1.000000,-1.087743,0.000000,-0.063364
1997-04-30,1.697466,5.345322,0.172920,0.019000,0.995816,-1.698328,1.000000,-0.107952
1997-05-31,1.697466,9.506490,0.224972,0.106000,0.979079,-0.931950,1.000000,-0.107952
1997-06-30,1.697466,12.712215,0.267755,0.237000,1.000000,-0.798396,1.000000,-0.107952
1997-07-31,1.697466,14.075900,0.319863,0.166000,1.000000,-0.802314,1.000000,-0.107952
1997-08-31,1.697466,18.899353,0.491226,-0.015000,1.000000,-0.450468,1.000000,-0.107952
1997-09-30,1.697466,9.419246,0.379576,-0.085000,0.995816,-1.113235,1.000000,-0.107952
1997-10-31,1.697466,12.628501,0.378203,0.018000,0.995816,-0.308208,0.000000,-0.057024
1997-11-30,1.697466,6.542691,0.296837,0.174000,1.000000,0.189774,0.000000,-0.057024
1997-12-31,1.697466,9.141424,0.262054,0.187000,0.983264,-0.372212,0.000000,-0.050539
1998-01-31,1.697466,8.629533,0.310082,0.059000,1.000000,-0.211601,0.000000,-0.055681
1998-02-28,1.697466,7.057791,0.246922,-0.078000,0.991632,1.415985,1.000000,-0.134493
1998-03-31,1.697466,11.577902,0.326901,-0.164000,1.000000,1.513945,1.000000,-0.193360
1998-04-30,1.697466,14.076177,0.455185,-0.100000,1.000000,1.808566,1.000000,-0.193360
1998-05-31,1.697466,12.472596,0.387364,-0.030000,1.000000,1.582954,1.000000,-0.193360
1998-06-30,1.697466,8.851882,0.285920,0.065000,0.995816,1.091409,1.000000,-0.193360
1998-07-31,1.697466,10.559102,0.280972,0.072000,0.991632,1.455705,1.000000,-0.139477
1998-08-31,1.697466,7.458126,0.174325,0.063000,1.000000,1.729883,1.000000,-0.100038
1998-09-30,1.697466,-8.582864,0.064271,0.189000,0.979079,3.606850,0.000000,-0.049623
1998-10-31,1.697466,-3.446919,0.073611,0.490000,0.970711,3.934826,0.000000,-0.050897
1998-11-30,1.697466,3.051101,0.201231,0.760000,0.970711,3.083586,0.000000,-0.062995
1998-12-31,1.697466,7.298825,0.217951,0.445000,0.995816,2.097904,0.000000,-0.062995
1999-01-31,1.697466,11.498322,0.266686,0.017000,1.000000,2.105614,0.000000,-0.063477
1999-02-28,1.697466,14.227667,0.305382,-0.379000,1.000000,1.789919,0.000000,-0.096809
1999-03-31,1.697466,9.305044,0.180104,-0.311000,0.995816,0.969745,1.000000,-0.106014
1999-04-30,1.697466,11.618813,0.167570,-0.266000,1.000000,1.043391,1.000000,-0.120787
1999-05-31,1.697466,13.864822,0.200971,-0.145000,1.000000,0.764254,1.000000,-0.120787
1999-06-30,1.697466,9.332349,0.193451,-0.059000,0.995816,0.610574,1.000000,-0.120787
1999-07-31,1.697466,11.397664,0.210673,0.092000,0.991632,0.552215,0.000000,-0.097251
1999-08-31,1.697466,5.167510,0.185648,0.221000,1.000000,0.519571,0.000000,-0.092489
1999-09-30,1.697466,2.707209,0.379335,0.401000,0.983264,0.555979,0.000000,-0.092489
1999-10-31,1.697466,-1.140953,0.261256,0.383000,0.974895,0.669505,1.000000,-0.111885
1999-11-30,1.697466,3.970302,0.240527,0.330000,0.966527,0.556633,1.000000,-0.111885
1999-12-31,1.697466,5.076296,0.193601,0.027000,0.995816,-0.286229,1.000000,-0.111885
2000-01-31,1.697466,9.245797,0.195260,-0.068000,1.000000,-1.076834,1.000000,-0.111885
2000-02-29,1.697466,2.858126,0.089728,-0.227000,0.991632,-1.222352,1.000000,-0.111885
2000-03-31,1.697466,0.558128,0.103438,-0.109000,0.974895,-0.598988,1.000000,-0.105378
2000-04-30,1.697466,8.710126,0.164968,0.007000,0.987448,0.507962,1.000000,-0.125588
2000-05-31,1.697466,4.756502,0.087816,0.135000,0.987448,0.569049,1.000000,-0.135339
2000-06-30,1.697466,1.786237,0.091225,0.267000,0.958159,1.081379,1.000000,-0.168356
2000-07-31,1.697466,3.229815,0.059656,0.229000,0.974895,0.612684,1.000000,-0.168356
2000-08-31,1.697466,0.486618,0.076848,0.009000,0.970711,0.058214,1.000000,-0.184663
2000-09-30,1.697466,5.440139,0.149401,-0.282000,0.974895,0.935529,1.000000,-0.221893
2000-10-31,1.697466,-0.528066,0.119902,-0.358000,0.937238,1.065669,1.000000,-0.229676
2000-11-30,1.697466,-0.746517,0.048770,-0.188000,0.912134,1.185355,1.000000,-0.200659
2000-12-31,1.697466,-8.186709,-0.053250,-0.024000,0.903766,1.426871,1.000000,-0.196895
2001-01-31,1.697466,-7.516603,-0.101392,0.081000,0.887029,2.136846,1.000000,-0.196743
2001-02-28,1.697466,-3.416390,-0.020402,-0.053000,0.882845,1.171643,1.000000,-0.127686
2001-03-31,1.697466,-10.992912,-0.092563,-0.167000,0.866109,1.846230,1.000000,-0.264337
2001-04-30,1.697466,-15.121801,-0.225714,-0.281000,0.815900,2.045737,1.000000,-0.264337
2001-05-31,1.697466,-7.209522,-0.139745,-0.221000,0.811715,1.041213,1.000000,-0.247567
2001-06-30,1.697466,-5.509101,-0.115993,-0.220000,0.853556,0.748121,1.000000,-0.219063
2001-07-31,1.697466,-5.795762,-0.158270,-0.279000,0.841004,0.689951,1.000000,-0.208847
2001-08-31,1.697466,-5.163720,-0.153477,-0.272000,0.799163,0.980059,1.000000,-0.147528
2001-09-30,1.697466,-9.139003,-0.253084,-0.172000,0.794979,1.208756,0.000000,-0.078754
2001-10-31,1.697466,-14.690827,-0.275369,0.064000,0.765690,2.225900,0.000000,-0.091308
2001-11-30,1.697466,-11.252128,-0.258584,0.117000,0.774059,1.863774,1.000000,-0.104920
2001-12-31,1.697466,-2.735063,-0.133465,0.088000,0.786611,1.136043,1.000000,-0.169704
2002-01-31,1.697466,-1.223862,-0.130427,0.025000,0.786611,0.504962,1.000000,-0.318374
2002-02-28,1.697466,-2.509464,-0.172627,-0.093000,0.782427,0.445017,1.000000,-0.318374
2002-03-31,1.697466,-3.343961,-0.107433,-0.073000,0.765690,0.781931,1.000000,-0.304255
2002-04-30,1.697466,1.165078,-0.011152,-0.118000,0.782427,0.163407,1.000000,-0.298060
2002-05-31,1.697466,-3.797463,-0.138092,-0.014000,0.757322,0.204819,1.000000,-0.260158
2002-06-30,1.697466,-3.428077,-0.150244,-0.100000,0.740586,0.648882,1.000000,-0.214624
2002-07-31,1.697466,-9.244528,-0.191575,-0.130000,0.715481,1.111165,1.000000,-0.193144
2002-08-31,1.697466,-15.411617,-0.247360,-0.023000,0.656904,1.492764,1.000000,-0.146023
2002-09-30,1.697466,-13.849917,-0.191879,0.170000,0.656904,1.614909,1.000000,-0.147134
2002-10-31,1.697466,-20.917620,-0.216785,0.215000,0.635983,2.698200,1.000000,-0.147134
2002-11-30,1.697466,-11.837745,-0.164204,0.116000,0.627615,2.431104,1.000000,-0.143174
2002-12-31,1.697466,-4.972477,-0.178279,-0.031000,0.644351,1.021339,1.000000,-0.140534
2003-01-31,1.697466,-8.600861,-0.233660,-0.074000,0.635983,1.212015,0.000000,-0.069265
2003-02-28,1.697466,-8.328727,-0.242877,-0.094000,0.631799,0.216062,0.000000,-0.053149
2003-03-31,1.697466,-7.552421,-0.239968,-0.052000,0.598326,0.328884,0.000000,-0.045667
2003-04-30,1.697466,-4.481116,-0.260774,-0.146000,0.602510,-0.193235,0.000000,-0.045667
2003-05-31,1.697466,4.114881,-0.148572,-0.267000,0.623431,-1.061729,0.000000,-0.045667
2003-06-30,1.697466,8.772316,-0.097035,-0.288000,0.656904,-0.834931,0.000000,-0.042050
2003-07-31,1.697466,9.283059,-0.015478,-0.154000,0.673640,-1.011205,0.000000,-0.041950
2003-08-31,1.697466,8.918154,0.086319,0.012000,0.677824,-1.669958,0.000000,-0.041950
2003-09-30,1.697466,9.394009,0.100364,0.100000,0.661088,-1.847741,0.000000,-0.057378
2003-10-31,1.697466,7.392049,0.221629,0.048000,0.682008,-1.388419,0.000000,-0.057378
2003-11-30,1.697466,11.244628,0.186224,0.008000,0.698745,-1.763470,0.000000,-0.063623
2003-12-31,1.697466,9.685988,0.130181,-0.042000,0.702929,-1.647983,0.000000,-0.063623
2004-01-31,1.697466,12.107814,0.263804,-0.001000,0.719665,-1.491559,0.000000,-0.063649
2004-02-29,1.697466,10.881402,0.321877,0.009000,0.728033,-1.671387,0.000000,-0.080935
2004-03-31,1.697466,9.781303,0.361160,-0.029000,0.723849,-1.475903,0.000000,-0.075910
2004-04-30,1.697466,6.327475,0.327796,-0.079000,0.711297,-1.216987,0.000000,-0.070652
2004-05-31,1.697466,3.247649,0.207630,-0.035000,0.711297,-1.551948,0.000000,-0.070652
2004-06-30,1.697466,3.240243,0.163026,0.105000,0.677824,-1.442760,0.000000,-0.058205
2004-07-31,1.697466,3.826935,0.170693,0.107000,0.694561,-1.218106,0.000000,-0.041373
2004-08-31,1.697466,-0.689135,0.112500,0.087000,0.665272,-1.101794,0.000000,-0.041373
2004-09-30,1.697466,-0.939969,0.095465,-0.038000,0.635983,-0.865209,0.000000,-0.048926
2004-10-31,1.697466,-0.515554,0.119090,-0.020000,0.652720,-0.955125,0.000000,-0.071664
2004-11-30,1.697466,0.714318,0.075654,0.047000,0.635983,-0.968411,0.000000,-0.071664
2004-12-31,1.697466,4.204966,0.109261,0.049000,0.694561,-1.208762,0.000000,-0.071664
2005-01-31,1.697466,6.951329,0.089935,0.024000,0.711297,-1.392533,0.000000,-0.071664
2005-02-28,1.697466,3.742393,0.044327,-0.052000,0.694561,-1.578567,0.000000,-0.071664
2005-03-31,1.697466,4.817000,0.051234,-0.024000,0.698745,-1.914438,0.000000,-0.045033
2005-04-30,1.697466,2.279519,0.048286,0.055000,0.669456,-1.689063,0.000000,-0.054777
2005-05-31,1.697466,0.084005,0.044748,0.116000,0.610879,-1.245721,0.000000,-0.054777
2005-06-30,1.697466,2.287235,0.063194,0.130000,0.627615,-0.772685,0.000000,-0.054777
2005-07-31,1.697466,1.513675,0.044257,0.088000,0.665272,-0.828901,0.000000,-0.054777
2005-08-31,1.697466,4.104007,0.120230,0.045000,0.665272,-1.460193,0.000000,-0.052067
2005-09-30,1.697466,2.159073,0.105131,0.073000,0.661088,-1.006886,0.000000,-0.040646
2005-10-31,1.697466,2.397596,0.102487,0.128000,0.631799,-0.802614,0.000000,-0.030444
2005-11-30,1.697466,0.622153,0.067961,0.068000,0.573222,-0.653271,0.000000,-0.052181
2005-12-31,1.697466,3.573701,0.064456,-0.045000,0.640167,-0.320521,0.000000,-0.076990
2006-01-31,1.697466,3.093153,0.030010,-0.048000,0.677824,-0.591718,0.000000,-0.076990
2006-02-28,1.697466,4.857031,0.083647,-0.014000,0.682008,-0.728614,0.000000,-0.076990
2006-03-31,1.697466,3.851306,0.064025,-0.002000,0.652720,-1.309049,0.000000,-0.076990
2006-04-30,1.697466,4.130746,0.096799,-0.100000,0.656904,-1.049348,0.000000,-0.076990
2006-05-31,1.697466,4.395139,0.132913,-0.054000,0.644351,-1.072085,0.000000,-0.050092
2006-06-30,1.697466,0.879012,0.065959,0.052000,0.585774,-1.039567,0.000000,-0.035698
2006-07-31,1.697466,0.489708,0.066203,0.133000,0.523013,-0.908123,0.000000,-0.017839
2006-08-31,1.697466,0.619883,0.034420,0.080000,0.518828,-0.784084,0.000000,-0.041543
2006-09-30,1.697466,1.982357,0.068416,-0.035000,0.548117,-0.404796,0.000000,-0.058616
2006-10-31,1.697466,3.786535,0.087109,-0.129000,0.577406,-0.415339,0.000000,-0.058616
2006-11-30,1.697466,5.989022,0.141614,-0.181000,0.686192,-1.120149,0.000000,-0.058616
2006-12-31,1.697466,6.744516,0.120970,-0.103000,0.707113,-1.068442,0.000000,-0.058616
2007-01-31,1.697466,6.969098,0.136194,0.062000,0.711297,-0.987793,0.000000,-0.062978
2007-02-28,1.697466,7.312604,0.123555,0.083000,0.707113,-1.592098,0.000000,-0.094251
2007-03-31,1.697466,4.220080,0.098512,0.031000,0.711297,-1.286870,0.000000,-0.094251
2007-04-30,1.697466,4.097494,0.097299,-0.028000,0.623431,0.265900,0.000000,-0.094251
2007-05-31,1.697466,6.941607,0.131053,0.044000,0.694561,-0.454491,1.000000,-0.100904
2007-06-30,1.697466,8.435793,0.205127,0.180000,0.711297,-1.250245,1.000000,-0.100904
2007-07-31,1.697466,5.019357,0.183554,0.175000,0.707113,-1.285880,1.000000,-0.162700
2007-08-31,1.697466,0.819572,0.139904,0.207000,0.702929,1.620920,1.000000,-0.162700
2007-09-30,1.697466,1.441455,0.130517,0.843000,0.602510,2.943116,1.000000,-0.186423
2007-10-31,1.697466,4.168302,0.142905,0.955000,0.661088,2.185378,1.000000,-0.162405
2007-11-30,1.697466,4.775270,0.124418,0.577000,0.698745,1.906412,1.000000,-0.160024
2007-12-31,1.697466,-0.129124,0.057481,0.313000,0.548117,3.554674,1.000000,-0.120090
2008-01-31,1.390000,-1.400006,0.035296,0.551000,0.569038,2.889874,1.000000,-0.148406
2008-02-29,-0.770000,-7.166972,-0.041502,0.609000,0.435146,3.220737,1.000000,-0.148406
2008-03-31,-0.070000,-9.468881,-0.054158,0.373000,0.414226,2.954374,1.000000,-0.224452
2008-04-30,-0.210000,-8.717115,-0.069085,0.517000,0.380753,2.711531,1.000000,-0.404947
2008-05-31,0.930000,-3.593427,-0.065287,0.447000,0.401674,1.819331,1.000000,-0.464093
2008-06-30,2.320000,-2.190819,-0.085090,-0.148000,0.422594,1.487372,1.000000,-0.423559
2008-07-31,1.020000,-9.370778,-0.148568,-0.550000,0.364017,1.421037,1.000000,-0.423559
2008-08-31,-0.480000,-8.585549,-0.129110,-0.051000,0.305439,1.520425,1.000000,-0.424623
2008-09-30,1.350000,-5.657341,-0.129689,0.218000,0.338912,1.468756,1.000000,-0.417317
2008-10-31,-2.740000,-12.190069,-0.236050,0.803000,0.242678,2.132714,1.000000,-0.327338
2008-11-30,-13.900000,-24.216763,-0.374750,2.091000,0.054393,3.047532,1.000000,-0.276206
2008-12-31,-5.430000,-27.140054,-0.394899,2.543000,0.016736,2.808137,1.000000,-0.276206
2009-01-31,-0.220000,-23.927104,-0.384858,1.836000,0.025105,2.190408,1.000000,-0.222281
2009-02-28,1.650000,-27.405758,-0.400907,-0.431000,0.004184,1.666417,0.000000,-0.070893
2009-03-31,-0.890000,-31.467550,-0.447562,-0.959000,0.000000,1.412109,0.000000,-0.070893
2009-04-30,-1.130000,-21.187517,-0.396787,-0.903000,0.000000,1.598320,0.000000,-0.070893
2009-05-31,0.910000,-10.172017,-0.370081,-0.758000,0.012552,1.062351,0.000000,-0.070893
2009-06-30,0.760000,-1.887443,-0.343650,-1.229000,0.046025,0.467922,0.000000,-0.056216
2009-07-31,1.790000,2.093238,-0.281781,-1.617000,0.054393,-0.049281,0.000000,-0.066387
2009-08-31,2.920000,11.885225,-0.220849,-1.241000,0.066946,-0.495929,0.000000,-0.081279
2009-09-30,2.690000,14.964461,-0.204400,-0.945000,0.129707,-0.644249,0.000000,-0.081279
2009-10-31,2.280000,16.952512,-0.093693,-0.835000,0.158996,-0.792825,0.000000,-0.081279
2009-11-30,1.430000,12.979579,0.069615,-0.642000,0.171548,-0.853411,1.000000,-0.122675
2009-12-31,1.850000,16.047381,0.222474,-0.377000,0.200837,-0.776465,1.000000,-0.153268
2010-01-31,3.020000,13.539634,0.234542,-0.339000,0.234310,-1.165541,1.000000,-0.159947
2010-02-28,2.120000,6.352826,0.300274,-0.397000,0.259414,-1.110161,1.000000,-0.159947
2010-03-31,1.200000,6.931800,0.502523,-0.306000,0.200837,-1.028317,1.000000,-0.159947
2010-04-30,2.520000,10.540396,0.465690,-0.346000,0.305439,-1.091570,1.000000,-0.149452
2010-05-31,2.460000,9.406832,0.359620,-0.305000,0.347280,-1.116226,0.000000,-0.084948
2010-06-30,-0.730000,-0.496958,0.185249,0.046000,0.242678,-0.704410,0.000000,-0.071441
2010-07-31,1.310000,-5.945105,0.121166,0.355000,0.167364,-0.554713,0.000000,-0.071441
2010-08-31,3.380000,0.117057,0.115567,0.288000,0.154812,-0.675585,0.000000,-0.038757
2010-09-30,3.580000,-4.747168,0.028130,-0.145000,0.167364,-0.584607,0.000000,-0.064132
2010-10-31,3.050000,3.165567,0.079578,-0.307000,0.225941,-0.519225,0.000000,-0.064132
2010-11-30,3.130000,6.312766,0.141934,-0.241000,0.322176,-0.379984,0.000000,-0.064132
2010-12-31,2.170000,5.062270,0.077508,-0.220000,0.343096,-0.412856,0.000000,-0.072007
2011-01-31,3.200000,10.417901,0.127827,-0.248000,0.359833,-0.677159,0.000000,-0.072007
2011-02-28,2.390000,11.773249,0.197650,-0.237000,0.380753,-0.620400,1.000000,-0.179047
2011-03-31,1.720000,13.953415,0.201659,-0.226000,0.405858,-0.692238,1.000000,-0.179047
2011-04-30,1.140000,11.569356,0.133740,-0.052000,0.372385,-0.701525,1.000000,-0.192467
2011-05-31,2.880000,11.621629,0.149087,-0.001000,0.380753,-0.771935,1.000000,-0.187693
2011-06-30,2.020000,7.961821,0.234797,0.030000,0.372385,-0.624103,1.000000,-0.187693
2011-07-31,1.250000,3.731994,0.281292,-0.023000,0.326360,-0.307022,1.000000,-0.145858
2011-08-31,1.030000,0.313998,0.173094,0.079000,0.351464,-0.026811,0.000000,-0.098374
2011-09-30,-2.870000,-5.643915,0.161589,0.445000,0.142259,1.970851,0.000000,-0.098374
2011-10-31,-0.550000,-12.080718,-0.008570,0.600000,0.100418,1.924785,0.000000,-0.091894
2011-11-30,0.750000,-2.576931,0.059192,0.503000,0.150628,0.798193,0.000000,-0.087256
2011-12-31,1.380000,-2.773806,0.056253,0.146000,0.175732,1.531413,0.000000,-0.099363
2012-01-31,3.450000,-1.409016,-0.000032,-0.044000,0.205021,1.487730,0.000000,-0.099363
2012-02-29,3.230000,2.996241,0.020441,-0.177000,0.276151,1.263414,0.000000,-0.099363
2012-03-31,3.320000,7.159394,0.028978,-0.328000,0.309623,0.706239,0.000000,-0.099363
2012-04-30,4.090000,9.970990,0.062331,-0.417000,0.317992,0.537086,0.000000,-0.090894
2012-05-31,2.620000,8.491944,0.025154,-0.205000,0.301255,0.970556,0.000000,-0.076711
2012-06-30,2.210000,1.552584,-0.025922,0.072000,0.234310,1.595531,0.000000,-0.076711
2012-07-31,2.770000,4.410161,0.031439,0.228000,0.196653,1.440136,0.000000,-0.076711
2012-08-31,2.560000,3.753981,0.067354,0.085000,0.238494,0.932069,0.000000,-0.076711
2012-09-30,3.540000,4.598500,0.153984,-0.125000,0.284519,0.680618,0.000000,-0.073950
2012-10-31,2.380000,5.612222,0.273329,-0.316000,0.301255,0.182593,0.000000,-0.052549
2012-11-30,1.600000,2.362406,0.126753,-0.277000,0.284519,-0.942304,0.000000,-0.032485
2012-12-31,1.690000,1.887415,0.135706,-0.168000,0.209205,-0.165202,0.000000,-0.057556
2013-01-31,0.950000,2.162823,0.134057,-0.093000,0.255230,-0.549349,0.000000,-0.057556
2013-02-28,2.250000,6.630005,0.141495,-0.067000,0.309623,-0.690497,0.000000,-0.057556
2013-03-31,1.230000,6.920756,0.109103,-0.095000,0.313808,-0.512685,0.000000,-0.057556
2013-04-30,1.930000,8.780855,0.114110,-0.135000,0.338912,-0.326499,0.000000,-0.057556
2013-05-31,1.280000,8.969927,0.142827,-0.141000,0.343096,-0.964522,0.000000,-0.047657
2013-06-30,1.840000,9.357051,0.244526,-0.159000,0.397490,-1.213697,0.000000,-0.046319
2013-07-31,1.040000,6.293308,0.179215,0.033000,0.359833,-1.083010,0.000000,-0.046319
2013-08-31,1.810000,9.770700,0.222146,0.082000,0.405858,-1.721477,0.000000,-0.057613
2013-09-30,1.590000,4.827816,0.160951,0.067000,0.384937,-1.975319,0.000000,-0.057613
2013-10-31,1.380000,6.138294,0.167200,-0.052000,0.393305,-1.080428,0.000000,-0.057613
2013-11-30,0.990000,8.606996,0.243868,-0.074000,0.422594,-1.375769,0.000000,-0.057613
2013-12-31,1.870000,9.568805,0.275127,-0.094000,0.439331,-1.399464,0.000000,-0.057613
2014-01-31,1.050000,9.924982,0.296012,-0.137000,0.464435,-2.162467,0.000000,-0.039775
2014-02-28,1.130000,4.684949,0.189893,-0.110000,0.460251,-1.710066,0.000000,-0.039775
2014-03-31,0.980000,7.544696,0.227619,-0.036000,0.426778,-1.679003,0.000000,-0.039775
2014-04-30,1.300000,6.797887,0.193189,0.022000,0.472803,-1.750144,0.000000,-0.074015
2014-05-31,0.960000,5.784675,0.179260,0.063000,0.443515,-1.830813,0.000000,-0.074015
2014-06-30,1.750000,6.585920,0.179569,0.067000,0.468619,-1.546425,0.000000,-0.074015
2014-07-31,1.760000,6.682725,0.220354,0.010000,0.506276,-1.575577,0.000000,-0.074015
2014-08-31,1.220000,3.668431,0.145302,0.015000,0.552301,-1.507531,0.000000,-0.074015
2014-09-30,1.450000,6.165019,0.226826,0.027000,0.502092,-1.240589,0.000000,-0.054041
2014-10-31,1.660000,3.603966,0.172900,0.063000,0.556485,-0.965166,0.000000,-0.049451
2014-11-30,0.550000,5.071148,0.148878,0.079000,0.464435,-0.560702,0.000000,-0.049451
2014-12-31,2.480000,6.075068,0.144949,0.030000,0.648536,-0.037270,0.000000,-0.036436
2015-01-31,1.910000,4.560826,0.113906,0.103000,0.661088,-0.022478,0.000000,-0.039487
2015-02-28,1.110000,0.688013,0.119152,0.136000,0.631799,0.407994,1.000000,-0.123525
2015-03-31,2.720000,5.045739,0.131786,0.184000,0.677824,-0.122148,1.000000,-0.123525
2015-04-30,2.410000,2.480116,0.104441,0.103000,0.648536,0.358509,1.000000,-0.123525
2015-05-31,2.510000,2.715610,0.106988,0.011000,0.652720,0.668703,1.000000,-0.122479
2015-06-30,2.260000,2.897637,0.095562,0.006000,0.656904,1.294163,1.000000,-0.122479
2015-07-31,1.610000,0.442601,0.052484,0.020000,0.615063,1.840817,1.000000,-0.118713
2015-08-31,1.760000,1.773730,0.089694,0.058000,0.581590,2.136875,1.000000,-0.133051
2015-09-30,-0.070000,-4.383182,-0.015569,0.107000,0.489540,2.523128,1.000000,-0.133051
2015-10-31,0.310000,-6.240934,-0.026497,0.156000,0.347280,2.553594,1.000000,-0.133051
2015-11-30,2.710000,1.438137,0.030381,0.072000,0.447699,1.960832,1.000000,-0.130099
2015-12-31,2.550000,1.068192,0.006215,-0.012000,0.556485,1.776166,0.000000,-0.093038
2016-01-31,2.130000,-0.410554,-0.007266,0.042000,0.527197,1.658316,0.000000,-0.056874
2016-02-29,0.600000,-4.871591,-0.027444,0.160000,0.338912,2.002554,0.000000,-0.055957
2016-03-31,1.310000,-4.546967,-0.081858,0.201000,0.334728,1.897736,0.000000,-0.055957
2016-04-30,3.060000,1.992167,-0.003941,0.042000,0.426778,0.865272,0.000000,-0.055957
2016-05-31,3.110000,2.256396,-0.009691,-0.016000,0.514644,0.227241,0.000000,-0.055957
2016-06-30,2.990000,3.858865,-0.004954,-0.020000,0.485356,0.125416,0.000000,-0.047928
2016-07-31,1.660000,3.305306,0.017328,0.072000,0.506276,0.256219,0.000000,-0.047928
2016-08-31,3.210000,5.665217,0.033158,0.075000,0.631799,-0.353510,0.000000,-0.046330
2016-09-30,3.250000,5.068572,0.100787,0.060000,0.669456,-0.702619,0.000000,-0.036272
2016-10-31,2.770000,4.494537,0.129290,0.074000,0.631799,-0.552505,0.000000,-0.027968
2016-11-30,2.050000,2.060306,0.022502,0.014000,0.602510,-0.848856,0.000000,-0.027968
2016-12-31,1.660000,4.254167,0.056912,-0.106000,0.656904,-1.322091,0.000000,-0.027968
2017-01-31,3.240000,4.630646,0.095350,-0.212000,0.736402,-1.738123,0.000000,-0.027968
2017-02-28,2.900000,5.422274,0.174530,-0.166000,0.740586,-1.732226,0.000000,-0.027968
2017-03-31,2.680000,7.855233,0.223270,-0.061000,0.753138,-1.731876,0.000000,-0.022314
2017-04-30,2.370000,6.521433,0.147096,-0.030000,0.765690,-1.503440,0.000000,-0.022314
2017-05-31,0.970000,6.124620,0.154409,-0.051000,0.753138,-1.322609,0.000000,-0.022314
2017-06-30,2.170000,6.226857,0.150147,-0.076000,0.769874,-1.339220,0.000000,-0.022314
2017-07-31,2.250000,5.564385,0.154631,-0.093000,0.774059,-1.512297,0.000000,-0.022314
2017-08-31,2.370000,6.209585,0.136502,-0.119000,0.778243,-1.431061,1.000000,-0.101595
2017-09-30,2.060000,4.712160,0.138511,-0.056000,0.778243,-1.155420,1.000000,-0.101595
2017-10-31,2.870000,5.303376,0.161922,0.018000,0.790795,-1.332517,1.000000,-0.101595
2017-11-30,2.200000,6.147221,0.211232,0.020000,0.807531,-1.390387,1.000000,-0.101595
2017-12-31,2.510000,7.494466,0.204097,-0.046000,0.811715,-1.334390,1.000000,-0.101595
2018-01-31,2.450000,7.202161,0.194200,-0.088000,0.820084,-1.438226,0.000000,-0.085394
2018-02-28,2.090000,11.169334,0.239127,-0.065000,0.841004,-1.769414,0.000000,-0.073456
2018-03-31,-1.700000,5.470878,0.148157,0.037000,0.820084,-1.505281,0.000000,-0.031297
2018-04-30,0.560000,1.729685,0.117725,0.112000,0.820084,-1.039936,0.000000,-0.098780
2018-05-31,0.610000,1.131135,0.110666,0.138000,0.811715,-1.112498,1.000000,-0.101745
2018-06-30,1.570000,2.397527,0.121681,0.019000,0.815900,-0.782934,1.000000,-0.197782
2018-07-31,1.740000,1.941387,0.121713,-0.034000,0.828452,-0.438681,1.000000,-0.197782
2018-08-31,2.020000,4.450404,0.140060,-0.055000,0.836820,-0.877354,1.000000,-0.197782
2018-09-30,2.450000,6.324845,0.173920,-0.059000,0.861925,-0.515122,1.000000,-0.196345
2018-10-31,2.300000,5.749101,0.156635,-0.101000,0.866109,-0.754461,1.000000,-0.164466
2018-11-30,-0.140000,-1.726228,0.052997,-0.059000,0.815900,0.112340,1.000000,-0.157424
2018-12-31,0.570000,0.260111,0.042526,0.062000,0.794979,1.323257,0.000000,-0.068361
2019-01-31,-1.630000,-8.251657,-0.062373,0.190000,0.744770,2.038537,0.000000,-0.068361
2019-02-28,0.630000,-1.260991,-0.042393,0.107000,0.748954,1.624521,0.000000,-0.068361
2019-03-31,1.430000,1.170375,0.026037,-0.045000,0.782427,0.909701,0.000000,-0.068361
2019-04-30,1.620000,2.502861,0.073283,-0.202000,0.786611,1.077151,0.000000,-0.068301
2019-05-31,2.130000,5.663437,0.112453,-0.170000,0.807531,0.592494,0.000000,-0.061226
2019-06-30,0.720000,-1.058918,0.017296,-0.067000,0.778243,1.541483,0.000000,-0.061226
2019-07-31,1.030000,5.608324,0.082178,0.012000,0.782427,1.203998,0.000000,-0.040524
2019-08-31,1.940000,6.740325,0.058265,0.038000,0.807531,0.436325,1.000000,-0.127558
2019-09-30,0.430000,4.009381,0.008595,0.079000,0.761506,0.943202,1.000000,-0.339250
2019-10-31,2.190000,4.988278,0.021538,0.069000,0.782427,0.656197,1.000000,-0.339250
2019-11-30,1.990000,5.164908,0.120152,0.074000,0.765690,0.528962,1.000000,-0.339250
2019-12-31,2.940000,7.125146,0.137966,-0.029000,0.815900,0.089117,1.000000,-0.339250
2020-01-31,2.330000,8.535810,0.288781,0.004000,0.857741,-0.369042,1.000000,-0.339250
2020-02-29,1.750000,6.953794,0.192826,-0.056000,0.874477,0.186537,1.000000,-0.285203
2020-03-31,-0.830000,-2.069385,0.060956,0.003000,0.866109,1.308274,0.000000,-0.096045
2020-04-30,-7.990000,-13.844096,-0.088135,0.671000,0.376569,4.168341,0.000000,-0.096045
2020-05-31,-1.110000,-2.820721,-0.011338,0.929000,0.514644,2.126851,0.000000,-0.096045
2020-06-30,2.330000,1.363508,0.106193,0.461000,0.715481,1.609479,0.000000,-0.096045
2020-07-31,2.070000,2.633393,0.053890,-0.589000,0.778243,1.184443,0.000000,-0.096045
2020-08-31,3.970000,7.243510,0.097551,-0.852000,0.828452,0.448134,0.000000,-0.096045
2020-09-30,5.730000,13.042496,0.196090,-0.445000,0.907950,0.538362,0.000000,-0.074772
2020-10-31,4.560000,7.834878,0.129759,-0.201000,0.891213,0.645492,0.000000,-0.042279
2020-11-30,1.530000,4.719981,0.076509,-0.054000,0.920502,0.289544,0.000000,-0.042279
2020-12-31,1.970000,14.529312,0.153025,0.018000,0.970711,-0.430025,0.000000,-0.042279
2021-01-31,3.060000,15.843315,0.162589,0.097000,0.987448,-0.645468,0.000000,-0.042279
2021-02-28,2.640000,10.696514,0.151517,-0.009000,0.995816,-0.642732,0.000000,-0.040060
2021-03-31,4.670000,10.621765,0.290070,-0.078000,1.000000,-0.739226,0.000000,-0.050565
2021-04-30,3.500000,12.289875,0.537145,-0.075000,0.995816,-0.902142,0.000000,-0.052125
2021-05-31,3.800000,14.673432,0.435629,-0.070000,1.000000,-1.022465,0.000000,-0.052125
2021-06-30,3.160000,12.425799,0.380973,-0.021000,0.995816,-0.907922,0.000000,-0.052125
2021-07-31,3.530000,12.524392,0.386161,-0.044000,0.995816,-1.091067,0.000000,-0.097997
2021-08-31,3.920000,12.055428,0.343656,-0.039000,1.000000,-0.902500,1.000000,-0.119056
2021-09-30,4.020000,11.735399,0.292080,-0.028000,1.000000,-0.881426,1.000000,-0.130481
2021-10-31,2.610000,4.646913,0.280862,-0.032000,0.995816,-1.009639,1.000000,-0.138564
2021-11-30,3.320000,9.620792,0.408390,0.009000,0.987448,-1.238710,1.000000,-0.186753
2021-12-31,3.550000,6.544597,0.261034,0.101000,1.000000,-0.976538,1.000000,-0.235542
2022-01-31,3.580000,8.767954,0.268927,0.192000,0.995816,-0.885570,1.000000,-0.208315
2022-02-28,2.550000,1.787841,0.215740,0.129000,0.974895,-0.717626,1.000000,-0.208315
2022-03-31,1.650000,-1.830856,0.147669,0.108000,0.958159,0.029497,1.000000,-0.217565
2022-04-30,2.050000,0.941729,0.140331,0.229000,0.941423,-0.710642,1.000000,-0.169137
2022-05-31,2.820000,-7.595890,-0.011777,0.266000,0.937238,-0.368057,1.000000,-0.169137
2022-06-30,1.740000,-7.044020,-0.017117,0.324000,0.849372,0.078621,1.000000,-0.169137
2022-07-31,1.340000,-13.408669,-0.119167,0.246000,0.774059,0.622191,1.000000,-0.169137
2022-08-31,2.110000,-5.134133,-0.060285,0.194000,0.769874,0.865737,1.000000,-0.129763
2022-09-30,2.560000,-7.782697,-0.125519,-0.059000,0.849372,0.324412,0.000000,-0.077516
2022-10-31,0.920000,-14.437513,-0.167594,-0.083000,0.732218,0.758783,0.000000,-0.077516
2022-11-30,0.550000,-5.589672,-0.159249,0.046000,0.673640,1.149628,0.000000,-0.077516
2022-12-31,2.350000,0.552756,-0.106610,0.052000,0.736402,0.507362,0.000000,-0.077516
2023-01-31,2.630000,-4.114068,-0.194428,-0.058000,0.732218,-0.321914,0.000000,-0.077516
2023-02-28,1.940000,2.974194,-0.097208,-0.236000,0.732218,-0.751267,0.000000,-0.047778
2023-03-31,1.520000,0.696783,-0.092317,-0.157000,0.761506,-0.696639,0.000000,-0.068737
2023-04-30,1.550000,4.286780,-0.092950,0.042000,0.707113,0.423488,1.000000,-0.102766
2023-05-31,2.810000,4.792293,0.009088,0.074000,0.744770,0.234778,1.000000,-0.102766
2023-06-30,3.060000,4.921786,0.011539,0.046000,0.740586,0.625136,1.000000,-0.102766
2023-07-31,3.000000,10.341018,0.175676,-0.113000,0.815900,-0.884690,1.000000,-0.100369
2023-08-31,2.500000,11.015257,0.111050,-0.079000,0.857741,-1.381526,0.000000,-0.088224
2023-09-30,2.060000,7.396890,0.139737,-0.048000,0.832636,-1.027423,0.000000,-0.059306
2023-10-31,1.830000,1.660928,0.195902,-0.032000,0.794979,-1.245845,0.000000,-0.054644
2023-11-30,1.120000,-1.401746,0.083115,0.026000,0.728033,-0.974740,0.000000,-0.054644
2023-12-31,2.290000,6.165143,0.119529,-0.004000,0.815900,-1.801960,0.000000,-0.054644
2024-01-31,2.750000,8.837861,0.242305,-0.080000,0.891213,-1.910191,0.000000,-0.054644
2024-02-29,1.920000,8.740875,0.188650,-0.161000,0.907950,-1.725607,0.000000,-0.084851
2024-03-31,1.530000,12.034917,0.283647,-0.129000,0.924686,-1.791531,0.000000,-0.084851
2024-04-30,1.870000,12.844498,0.278645,-0.120000,0.928870,-1.784002,0.000000,-0.084851
2024-05-31,1.040000,6.805879,0.207750,-0.054000,0.920502,-1.781327,0.000000,-0.084851
2024-06-30,1.740000,10.323659,0.262613,-0.027000,0.933054,-1.540169,0.000000,-0.084851
2024-07-31,2.020000,11.919325,0.226969,0.071000,0.945607,-1.135731,0.000000,-0.047800
2024-08-31,1.390000,10.393715,0.203388,0.084000,0.958159,-0.610754,0.000000,-0.045992
2024-09-30,1.290000,9.723945,0.253067,0.070000,0.941423,-0.511788,1.000000,-0.101337
2024-10-31,2.260000,9.401105,0.343846,-0.058000,0.958159,-0.684887,1.000000,-0.189022
2024-11-30,0.630000,6.427931,0.360449,-0.126000,0.962343,-1.328290,1.000000,-0.189022
2024-12-31,1.710000,10.089348,0.320631,-0.150000,0.979079,-1.326036,1.000000,-0.189022
2025-01-31,2.260000,5.821501,0.233090,-0.061000,0.987448,-1.299625,1.000000,-0.189022
2025-02-28,1.850000,7.164581,0.246588,-0.025000,0.966527,-1.069243,1.000000,-0.148204
2025-03-31,1.840000,3.943990,0.168404,0.058000,0.966527,-0.476623,1.000000,-0.121355
2025-04-30,0.110000,-2.605863,0.068039,0.092000,0.907950,0.500000,0.000000,-0.029793
2025-05-31,-2.360000,-3.530277,0.105918,0.132000,0.861925,1.602659,0.000000,-0.051101
2025-06-30,1.860000,1.718797,0.120167,0.016000,0.920502,1.219921,0.000000,-0.051101
2025-07-31,2.380000,5.752040,0.136338,-0.068000,0.937238,0.727586,0.000000,-0.051101
2025-08-31,2.860000,6.991344,0.147962,-0.139000,0.979079,0.246319,0.000000,-0.051101
2025-09-30,3.060000,7.659800,0.143733,-0.087000,0.987448,1.110235,0.000000,-0.090975
2025-10-31,2.880000,10.257240,0.160691,-0.053000,0.995816,0.293011,0.000000,-0.090975
2025-11-30,2.220000,11.004566,0.198889,-0.026000,1.000000,0.494867,0.000000,-0.090975
2025-12-31,1.950000,9.709277,0.135388,0.011000,0.995816,1.069409,0.000000,-0.090975
2026-01-31,3.470000,8.108833,0.163878,0.031000,1.000000,0.620839,0.000000,-0.090694
2026-02-28,2.800000,7.336182,0.148745,0.017000,1.000000,-0.062385,0.000000,-0.078165
2026-03-31,1.870000,4.292690,0.155241,0.040000,0.983264,1.070069,0.000000,-0.019681
2026-04-30,0.210000,-1.936303,0.163345,0.106000,0.924686,0.923085,0.000000,-0.019681
2026-05-31,2.080000,6.676338,0.294475,0.105000,0.966527,0.261981,0.000000,-0.007372
