date,ens_1m,real_1m,ens_3m,real_3m,ens_6m,real_6m,ens_12m,real_12m
1960-01-31,0.017163,0.009171,0.031814,-0.022298,0.032362,-0.001798,0.080769,0.110951
1960-02-29,0.011272,-0.013899,0.020009,-0.005167,0.023824,0.014968,0.064325,0.130435
1960-03-31,0.004073,-0.017528,0.010977,0.028551,0.014089,-0.032888,0.051438,0.175641
1960-04-30,-0.000012,0.026853,0.010421,0.020967,0.010735,-0.018025,0.047225,0.201214
1960-05-31,0.001539,0.019523,0.012412,0.020240,0.010772,-0.005194,0.046653,0.192190
1960-06-30,0.001957,-0.024772,0.015604,-0.059733,0.014636,0.020907,0.052244,0.135629
1960-07-31,0.001824,0.026121,0.010167,-0.038191,0.016063,0.112953,0.051572,0.202666
1960-08-31,0.003907,-0.060393,0.010167,-0.024930,0.030155,0.113764,0.075826,0.195049
1960-09-30,0.005420,-0.002429,0.009937,0.085762,0.031455,0.215620,0.086781,0.246824
1960-10-31,0.004223,0.040270,0.007550,0.157146,0.029132,0.223263,0.090476,0.285259
1960-11-30,0.005622,0.046273,0.012462,0.142240,0.034764,0.198415,0.093341,0.284120
1960-12-31,0.005483,0.063156,0.011068,0.119601,0.032559,0.112373,0.089893,0.231286
1961-01-31,0.006189,0.026870,0.015683,0.057138,0.036291,0.080609,0.077686,0.114276
1961-02-28,0.005964,0.025536,0.018069,0.049180,0.036577,0.072982,0.081042,0.102774
1961-03-31,0.005573,0.003843,0.029076,-0.006456,0.038359,0.025669,0.088425,0.069013
1961-04-30,0.004624,0.019139,0.028919,0.022202,0.034733,0.050681,0.082740,-0.001072
1961-05-31,0.004473,-0.028846,0.028993,0.022686,0.036681,0.071514,0.083454,-0.104117
1961-06-30,0.005136,0.032797,0.025246,0.032333,0.035205,0.106900,0.083259,-0.153001
1961-07-31,0.004951,0.019622,0.018104,0.027861,0.034706,0.031156,0.074140,-0.127771
1961-08-31,0.005797,-0.019686,0.023942,0.047745,0.039516,0.027766,0.068401,-0.131482
1961-09-30,0.007176,0.028323,0.027272,0.072231,0.040773,0.042260,0.063727,-0.156751
1961-10-31,0.007387,0.039347,0.023143,0.003206,0.039064,-0.049257,0.065697,-0.176333
1961-11-30,0.006117,0.003225,0.014796,-0.019069,0.027731,-0.163909,0.052959,-0.127033
1961-12-31,0.006115,-0.037876,0.015422,-0.027952,0.027473,-0.234801,0.054778,-0.118099
1962-01-31,0.006677,0.016270,0.017136,-0.052295,0.023049,-0.154125,0.051450,-0.038350
1962-02-28,0.004189,-0.005860,0.012282,-0.147656,0.016848,-0.154946,0.044770,-0.081046
1962-03-31,0.003779,-0.061970,0.010868,-0.212797,0.017737,-0.190942,0.046322,-0.042847
1962-04-30,0.002226,-0.085990,0.008714,-0.107449,0.015323,-0.133660,0.044368,0.069896
1962-05-31,0.000245,-0.081838,0.004602,-0.008553,0.012239,0.044105,0.040344,0.187322
1962-06-30,0.000678,0.063562,0.003319,0.027763,0.006697,0.152511,0.034039,0.267032
1962-07-31,0.001608,0.015284,0.004255,-0.029366,0.012108,0.136871,0.057578,0.187189
1962-08-31,0.000727,-0.048207,0.002557,0.053112,0.008419,0.087449,0.053787,0.226319
1962-09-30,0.001318,0.004443,0.004821,0.121379,0.013974,0.183046,0.060440,0.274214
1962-10-31,0.001150,0.101557,0.004599,0.171267,0.011901,0.234961,0.060355,0.309448
1962-11-30,0.001598,0.013492,0.004220,0.032605,0.013956,0.137167,0.063115,0.176197
1962-12-31,0.001207,0.049128,0.003492,0.054992,0.012894,0.099366,0.053442,0.188906
1963-01-31,0.002824,-0.028852,0.010300,0.054381,0.014801,0.044260,0.039275,0.163746
1963-02-28,0.002412,0.035464,0.009361,0.101260,0.013726,0.127703,0.030995,0.210142
1963-03-31,0.001309,0.048520,0.010520,0.042061,0.008952,0.077062,0.027204,0.186420
1963-04-30,0.002407,0.014327,0.011337,-0.009599,0.008619,0.060315,0.029095,0.138395
1963-05-31,0.001253,-0.020198,0.007126,0.024011,0.005023,0.034322,0.020210,0.135169
1963-06-30,0.000660,-0.003460,0.007308,0.033588,0.009713,0.081447,0.023600,0.177598
1963-07-31,-0.000063,0.048749,0.007068,0.070592,0.010163,0.114422,0.033252,0.203240
1963-08-31,0.000622,-0.011035,0.004990,0.010069,0.013319,0.073103,0.035367,0.128690
1963-09-30,0.000068,0.032218,0.006536,0.046304,0.008065,0.101534,0.032957,0.174059
1963-10-31,-0.000128,-0.010539,0.008876,0.040940,0.009890,0.073639,0.036374,0.146602
1963-11-30,0.003705,0.024443,0.014111,0.062406,0.010477,0.097501,0.039182,0.152806
1963-12-31,-0.000331,0.026926,0.003785,0.052786,0.010035,0.088910,0.041911,0.129699
1964-01-31,0.003863,0.009865,0.011295,0.031412,0.009528,0.079699,0.042325,0.136552
1964-02-29,0.004814,0.015167,0.012041,0.033033,0.009744,0.051799,0.041490,0.123779
1964-03-31,0.003866,0.006077,0.010906,0.034312,0.011254,0.065839,0.041903,0.090909
1964-04-30,0.006800,0.011452,0.014492,0.046816,0.010867,0.067959,0.042635,0.121445
1964-05-31,0.003232,0.016424,0.009976,0.018166,0.010849,0.050392,0.042620,0.100162
1964-06-30,0.001621,0.018240,0.006843,0.030481,0.010168,0.037459,0.043872,0.029747
1964-07-31,0.001198,-0.016230,0.009212,0.020197,0.014130,0.052657,0.053433,0.024886
1964-08-31,0.001265,0.028718,0.010455,0.031651,0.015047,0.068435,0.051540,0.065257
1964-09-30,0.000497,0.008078,0.005632,0.006771,0.013846,0.023521,0.054440,0.068662
1964-10-31,0.000925,-0.005185,0.005743,0.031817,0.014469,0.050082,0.054490,0.089088
1964-11-30,0.001139,0.003909,0.004450,0.035655,0.013500,0.047382,0.054928,0.085169
1964-12-31,0.000769,0.033156,0.001776,0.016637,0.014147,-0.007434,0.057036,0.090619
1965-01-31,0.000843,-0.001485,0.002214,0.017702,0.015138,-0.026382,0.063921,0.060758
1965-02-28,0.000850,-0.014526,0.003710,0.011323,0.014696,-0.002974,0.060501,0.043349
1965-03-31,0.000709,0.034239,0.002688,-0.023677,0.015497,0.044104,0.065897,0.035631
1965-04-30,0.000857,-0.007743,0.003637,-0.043317,0.016248,0.037145,0.062318,0.021883
1965-05-31,0.000888,-0.048631,0.004114,-0.014137,0.016509,0.036078,0.062391,-0.025899
1965-06-30,0.000140,0.013433,0.002363,0.069425,0.014940,0.098787,0.059165,0.007370
1965-07-31,0.002333,0.022522,0.004759,0.084106,0.018206,0.089501,0.054240,-0.019355
1965-08-31,0.002369,0.032006,0.005744,0.050935,0.020738,0.046461,0.057646,-0.115521
1965-09-30,0.002201,0.027345,0.004867,0.027457,0.018276,-0.008115,0.055539,-0.148955
1965-10-31,0.002385,-0.008764,0.003999,0.004977,0.017911,-0.014715,0.050917,-0.132222
1965-11-30,0.001967,0.008951,0.005890,-0.004257,0.017798,-0.059819,0.050683,-0.121821
1965-12-31,0.001767,0.004869,0.006941,-0.034621,0.018584,-0.083198,0.061098,-0.130910
1966-01-31,0.002236,-0.017872,0.016047,-0.019595,0.032882,-0.099914,0.066582,-0.067506
1966-02-28,0.003796,-0.021815,0.019893,-0.055799,0.037727,-0.154791,0.072629,-0.048674
1966-03-31,0.007689,0.020509,0.021956,-0.050319,0.036208,-0.141993,0.069576,0.010871
1966-04-30,0.001350,-0.054140,0.012729,-0.081924,0.029622,-0.119262,0.072159,0.032396
1966-05-31,0.003891,-0.016138,0.016792,-0.104842,0.033464,-0.065947,0.073132,0.034251
1966-06-30,0.002484,-0.013453,0.011697,-0.096531,0.029898,-0.052041,0.077099,0.069625
1966-07-31,-0.000146,-0.077751,0.007534,-0.040670,0.020201,0.036005,0.067356,0.133373
1966-08-31,0.002313,-0.007004,0.010743,0.043450,0.025303,0.125551,0.075142,0.214527
1966-09-30,0.006260,0.047544,0.009364,0.049242,0.028150,0.178161,0.081573,0.263192
1966-10-31,0.000718,0.003117,0.003157,0.079925,0.030305,0.172195,0.084043,0.163342
1966-11-30,0.001902,-0.001492,0.007725,0.078682,0.033895,0.107272,0.090918,0.168428
1966-12-31,0.008287,0.078178,0.015233,0.122868,0.037168,0.128346,0.088920,0.200921
1967-01-31,0.001070,0.001963,0.006689,0.085440,0.029343,0.093985,0.077425,0.065004
1967-02-28,0.001922,0.039410,0.012632,0.026504,0.033856,0.079050,0.079712,0.029730
1967-03-31,0.003233,0.042240,0.019158,0.004878,0.043045,0.072173,0.087401,0.000000
1967-04-30,0.007308,-0.052441,0.022585,0.007871,0.040230,-0.007552,0.082031,0.036698
1967-05-31,0.010117,0.017512,0.029106,0.051190,0.044537,0.055231,0.085419,0.107768
1967-06-30,0.009301,0.045344,0.028950,0.066968,0.042498,0.064320,0.084010,0.098632
1967-07-31,0.012461,-0.011715,0.034053,-0.015303,0.041166,-0.026491,0.086466,0.031557
1967-08-31,0.016691,0.032785,0.045291,0.003845,0.053821,-0.045707,0.097337,0.055745
1967-09-30,0.009168,-0.035260,0.034066,-0.002482,0.048522,-0.067315,0.087086,0.061628
1967-10-31,0.019711,0.007503,0.048246,-0.011361,0.055213,0.044587,0.100304,0.108360
1967-11-30,0.022936,0.026277,0.046989,-0.049362,0.052724,0.049787,0.105157,0.152872
1967-12-31,0.017101,-0.043848,0.039626,-0.064994,0.049555,0.032238,0.105368,0.076604
1968-01-31,0.014578,-0.031223,0.038001,0.056592,0.065048,0.059627,0.102238,0.116761
1968-02-29,0.012176,0.009400,0.032611,0.104297,0.056499,0.106312,0.093697,0.098142
1968-03-31,0.005874,0.080488,0.025977,0.103991,0.054158,0.138248,0.096820,0.125388
1968-04-30,0.009267,0.012518,0.025518,0.002873,0.052739,0.061051,0.096826,0.063924
1968-05-31,0.014017,0.009120,0.036838,0.001824,0.064631,0.098196,0.101299,0.048439
1968-06-30,0.016911,-0.018478,0.041173,0.031030,0.069771,0.042981,0.107403,-0.018779
1968-07-31,0.012081,0.011459,0.043053,0.058011,0.059002,0.053919,0.098274,-0.060467
1968-08-31,0.007886,0.038539,0.033204,0.096197,0.048247,-0.007384,0.086803,-0.033886
1968-09-30,0.005526,0.007208,0.026177,0.011591,0.041813,-0.011298,0.083785,-0.093016
1968-10-31,0.009800,0.047964,0.033351,-0.003868,0.045359,0.002708,0.085573,-0.060826
1968-11-30,0.009958,-0.041617,0.033212,-0.094491,0.043397,-0.045308,0.082749,-0.134355
1968-12-31,0.014060,-0.008184,0.041540,-0.022627,0.051855,-0.059214,0.088628,-0.113615
1969-01-31,0.017416,-0.047374,0.045570,0.006601,0.067233,-0.108533,0.107965,-0.174643
1969-02-28,0.009585,0.034444,0.031819,0.054316,0.056019,-0.026699,0.106654,-0.087945
1969-03-31,0.006715,0.021476,0.027451,-0.037435,0.053361,-0.082652,0.104905,-0.117033
1969-04-30,0.003684,-0.002218,0.024039,-0.114379,0.052345,-0.063362,0.105035,-0.213810
1969-05-31,0.005062,-0.055577,0.027085,-0.076841,0.056402,-0.093273,0.105235,-0.260100
1969-06-30,0.007347,-0.060178,0.030628,-0.046976,0.055978,-0.057824,0.109310,-0.255757
1969-07-31,0.002489,0.040074,0.010959,0.057606,0.044012,-0.074159,0.090207,-0.150060
1969-08-31,0.004832,-0.025024,0.016024,-0.017799,0.043973,-0.062925,0.092800,-0.146477
1969-09-30,0.004379,0.042955,0.014888,-0.011383,0.042155,-0.037479,0.087763,-0.094716
1969-10-31,0.004426,-0.034082,0.015030,-0.124588,0.057267,-0.160626,0.099526,-0.142813
1969-11-30,0.004542,-0.018655,0.015289,-0.045944,0.050867,-0.183989,0.097426,-0.070462
1969-12-31,0.004360,-0.076472,0.015102,-0.026396,0.050462,-0.210080,0.096257,0.000978
1970-01-31,0.002763,0.052694,0.018840,-0.041167,0.033542,-0.081981,0.091996,0.127735
1970-02-28,0.002503,0.001452,0.020931,-0.144693,0.035890,-0.089162,0.100738,0.081006
1970-03-31,0.004951,-0.090483,0.015685,-0.188664,0.033047,-0.059467,0.098705,0.119157
1970-04-30,0.005130,-0.060967,0.016682,-0.042566,0.035650,0.021222,0.105107,0.275147
1970-05-31,0.002412,-0.050033,0.016793,0.064925,0.033657,0.139125,0.103540,0.301502
1970-06-30,0.003094,0.073295,0.014394,0.159241,0.035926,0.267189,0.121831,0.357261
1970-07-31,0.005163,0.044459,0.011506,0.066624,0.030083,0.228443,0.082850,0.224600
1970-08-31,0.005245,0.034102,0.012675,0.069676,0.028904,0.186825,0.078972,0.214794
1970-09-30,0.004948,-0.012456,0.012916,0.093120,0.028207,0.189917,0.076085,0.166548
1970-10-31,0.005972,0.047447,0.012732,0.151712,0.030315,0.248649,0.085700,0.131892
1970-11-30,0.005024,0.056766,0.012956,0.109518,0.027127,0.142546,0.073862,0.077867
1970-12-31,0.008033,0.040477,0.019565,0.088551,0.040048,0.071080,0.100807,0.107868
1971-01-31,0.006119,0.009074,0.027284,0.084168,0.047568,-0.003129,0.099408,0.084063
1971-02-28,0.004629,0.036796,0.025471,0.029767,0.045949,0.023566,0.095917,0.101499
1971-03-31,0.009637,0.036288,0.029880,-0.016050,0.049903,-0.019639,0.101309,0.068687
1971-04-30,0.006182,-0.041558,0.026640,-0.080519,0.048361,-0.093506,0.097769,0.035786
1971-05-31,0.006050,-0.009335,0.026643,-0.006022,0.047734,-0.056609,0.093032,0.099368
1971-06-30,0.007253,-0.031611,0.027752,-0.003647,0.047913,0.034346,0.097113,0.085512
1971-07-31,0.007707,0.036095,0.027926,-0.014124,0.046377,0.087466,0.099454,0.123561
1971-08-31,0.006598,-0.006968,0.022056,-0.050894,0.039389,0.076139,0.091551,0.121781
1971-09-30,0.006372,-0.041794,0.024904,0.038133,0.039670,0.090096,0.096072,0.124161
1971-10-31,0.005635,-0.002547,0.022609,0.103046,0.037014,0.142630,0.095122,0.184124
1971-11-30,0.005423,0.086179,0.023109,0.133844,0.038399,0.165337,0.093146,0.241302
1971-12-31,0.007663,0.018121,0.022966,0.050054,0.036580,0.049466,0.088717,0.156333
1972-01-31,0.007547,0.025303,0.018719,0.035886,0.033183,0.033192,0.083824,0.116317
1972-02-29,0.004543,0.005912,0.012637,0.027775,0.029453,0.042413,0.072828,0.047950
1972-03-31,0.004816,0.004384,0.012872,-0.000560,0.030462,0.031250,0.076176,0.040299
1972-04-30,0.004423,0.017275,0.010935,-0.002601,0.024061,0.036315,0.066718,-0.006501
1972-05-31,0.004979,-0.021821,0.013008,0.014243,0.027243,0.065188,0.072418,-0.041815
1972-06-30,0.006317,0.002333,0.017759,0.031828,0.034123,0.101829,0.085367,-0.026881
1972-07-31,0.006126,0.034454,0.016448,0.039017,0.041641,0.080454,0.085477,0.007729
1972-08-31,0.006406,-0.004861,0.015300,0.050230,0.042806,0.005311,0.085565,-0.061572
1972-09-30,0.004871,0.009317,0.011143,0.067843,0.032127,0.008774,0.072508,-0.019177
1972-10-31,0.004650,0.045617,0.009575,0.039882,0.028670,-0.041316,0.062790,-0.029486
1972-11-30,0.004183,0.011828,0.009981,-0.042770,0.030025,-0.100454,0.063210,-0.177509
1972-12-31,0.004046,-0.017111,0.009010,-0.055316,0.025084,-0.116815,0.051515,-0.173655
1973-01-31,0.004107,-0.037490,0.009871,-0.078083,0.023738,-0.067310,0.054141,-0.167715
1973-02-28,0.003897,-0.001433,0.009883,-0.060261,0.023715,-0.066529,0.054785,-0.138431
1973-03-31,0.003973,-0.040800,0.011043,-0.065100,0.027040,-0.027708,0.065826,-0.157281
1973-04-30,0.003256,-0.018884,0.010490,0.011686,0.026850,0.012340,0.067294,-0.155745
1973-05-31,0.004637,-0.006575,0.010708,-0.006670,0.027583,-0.085660,0.070805,-0.168366
1973-06-30,0.004938,0.037982,0.012495,0.039996,0.029907,-0.064358,0.075885,-0.175139
1973-07-31,0.005380,-0.036685,0.000046,0.000647,0.021716,-0.107651,0.065639,-0.267141
1973-08-31,0.003132,0.040096,-0.008360,-0.079520,0.014150,-0.077026,0.059062,-0.307914
1973-09-30,0.004197,-0.001291,-0.010727,-0.100341,0.012945,-0.133266,0.055262,-0.414000
1973-10-31,0.003473,-0.113861,-0.011936,-0.108228,0.009979,-0.166036,0.052091,-0.317573
1973-11-30,0.004723,0.016569,-0.004717,0.002709,0.015262,-0.090454,0.055388,-0.270842
1973-12-31,0.004994,-0.010046,-0.006089,-0.036597,0.017439,-0.118401,0.060045,-0.297181
1974-01-31,0.005031,-0.003624,0.009613,-0.064823,0.018354,-0.178730,0.075147,-0.202858
1974-02-28,0.004850,-0.023280,0.009729,-0.092912,0.020723,-0.250156,0.072462,-0.152047
1974-03-31,0.004552,-0.039051,0.011507,-0.084912,0.022009,-0.323899,0.072718,-0.113003
1974-04-30,0.004644,-0.033551,0.010754,-0.121803,0.022049,-0.181707,0.070477,-0.033330
1974-05-31,0.004219,-0.014665,0.010259,-0.173350,0.023079,-0.198327,0.077033,0.044340
1974-06-30,0.004487,-0.077791,0.012586,-0.261163,0.020290,-0.202791,0.081013,0.106860
1974-07-31,0.002182,-0.090279,0.009745,-0.068213,0.027089,-0.029378,0.078912,0.119027
1974-08-31,0.003344,-0.119335,0.013450,-0.030215,0.034323,0.130838,0.097799,0.204158
1974-09-30,0.001598,0.163047,0.007961,0.079005,0.030732,0.311929,0.100694,0.319956
1974-10-31,0.004116,-0.053180,0.013149,0.041678,0.044698,0.181326,0.134991,0.204871
1974-11-30,0.005089,-0.020152,0.015843,0.166071,0.041910,0.302701,0.124168,0.303987
1974-12-31,0.004492,0.122812,0.026268,0.215869,0.053201,0.388419,0.139165,0.315490
1975-01-31,0.007020,0.059886,0.018847,0.134061,0.089445,0.152897,0.165229,0.310210
1975-02-28,0.012883,0.021694,0.028984,0.117171,0.095056,0.064836,0.173652,0.222086
1975-03-31,0.017038,0.047265,0.033980,0.141915,0.097197,0.006118,0.162242,0.232845
1975-04-30,0.023801,0.044101,0.039219,0.016609,0.094735,0.019931,0.167064,0.164261
1975-05-31,0.027190,0.044323,0.043901,-0.046846,0.096830,0.000987,0.168888,0.099067
1975-06-30,0.025981,-0.067654,0.039995,-0.118920,0.092717,-0.052527,0.161464,0.095493
1975-07-31,0.007763,-0.021070,0.026558,0.003268,0.094372,0.136451,0.158476,0.165521
1975-08-31,0.006237,-0.034645,0.022258,0.050184,0.089591,0.147675,0.155257,0.184507
1975-09-30,0.007017,0.061643,0.023505,0.075355,0.092110,0.225349,0.156145,0.254799
1975-10-31,0.006215,0.024708,0.024025,0.132749,0.090858,0.141509,0.158869,0.155660
1975-11-30,0.007387,-0.011508,0.021695,0.092832,0.072518,0.097983,0.132062,0.119027
1975-12-31,0.007697,0.118306,0.023246,0.139483,0.063738,0.156226,0.119595,0.191485
1976-01-31,0.008417,-0.011402,0.018836,0.007733,0.037753,0.025580,0.099325,0.011600
1976-02-29,0.006751,0.030689,0.016804,0.004714,0.031495,0.032093,0.086362,0.001103
1976-03-31,0.006590,-0.010995,0.017740,0.014693,0.032846,0.024034,0.082750,-0.042328
1976-04-30,0.008355,-0.014364,0.021209,0.017710,0.037279,0.012397,0.089184,-0.031484
1976-05-31,0.008073,0.040926,0.022501,0.027251,0.037720,0.019165,0.091723,-0.040527
1976-06-30,0.006641,-0.008055,0.018022,0.009206,0.033347,0.030495,0.082245,-0.036440
1976-07-31,0.005974,-0.005124,0.018374,-0.005220,0.033002,-0.013631,0.074621,-0.044374
1976-08-31,0.006764,0.022641,0.021088,-0.007871,0.040215,-0.030026,0.089188,-0.059664
1976-09-30,0.006261,-0.022235,0.020767,0.021095,0.040032,-0.064804,0.089692,-0.082763
1976-10-31,0.005904,-0.007775,0.020594,-0.008455,0.038755,-0.043343,0.089046,-0.102624
1976-11-30,0.006564,0.052498,0.020144,-0.022331,0.039976,-0.058570,0.092082,-0.071205
1976-12-31,0.005845,-0.050530,0.021433,-0.084124,0.038935,-0.064954,0.098794,-0.115020
1977-01-31,0.006119,-0.021660,0.021208,-0.035186,0.041859,-0.031167,0.098488,-0.125257
1977-02-28,0.005191,-0.014025,0.019795,-0.037067,0.041319,-0.030555,0.095087,-0.128030
1977-03-31,0.005561,0.000203,0.019736,0.020931,0.040888,-0.019203,0.094685,-0.093579
1977-04-30,0.005447,-0.023568,0.017362,0.004165,0.036486,-0.061967,0.088889,-0.016355
1977-05-31,0.005298,0.045360,0.017321,0.006762,0.036247,-0.013421,0.090325,0.011652
1977-06-30,0.005053,-0.016222,0.019695,-0.039311,0.042388,-0.053543,0.096279,-0.049264
1977-07-31,0.004728,-0.021042,0.017051,-0.065857,0.035963,-0.097117,0.090528,0.018513
1977-08-31,0.004585,-0.002480,0.017185,-0.020047,0.034981,-0.100548,0.086450,0.067376
1977-09-30,0.004917,-0.043406,0.016460,-0.014814,0.034313,-0.075831,0.085618,0.062260
1977-10-31,0.004612,0.026966,0.014374,-0.033463,0.029111,0.048625,0.074722,0.008772
1977-11-30,0.004423,0.002847,0.015136,-0.082147,0.033058,0.025414,0.075986,-0.001371
1977-12-31,0.004330,-0.061514,0.013952,-0.061935,0.029699,0.004522,0.072448,0.010620
1978-01-31,0.002404,-0.024762,0.013294,0.084930,0.027873,0.128067,0.064203,0.119664
1978-02-28,0.003283,0.024931,0.016570,0.117187,0.030584,0.186696,0.066851,0.106158
1978-03-31,0.002963,0.085416,0.016004,0.070844,0.030885,0.149423,0.070977,0.138774
1978-04-30,0.003765,0.004234,0.015352,0.039760,0.031949,-0.038005,0.072927,0.050914
1978-05-31,0.004561,-0.017585,0.015194,0.062217,0.030222,-0.026121,0.066286,0.018922
1978-06-30,0.004335,0.053910,0.015054,0.073380,0.031405,0.006071,0.062583,0.077253
1978-07-31,0.004479,0.025924,0.014621,-0.074791,0.031738,-0.007449,0.060770,0.031089
1978-08-31,0.004782,-0.007261,0.015139,-0.083164,0.032036,-0.067867,0.060347,0.058379
1978-09-30,0.003544,-0.091574,0.010286,-0.062707,0.018556,-0.009265,0.046766,0.066121
1978-10-31,0.002576,0.016640,0.007720,0.072786,0.017097,0.092432,0.042891,0.093076
1978-11-30,0.002595,0.014889,0.010887,0.016684,0.030278,0.046251,0.057701,0.121014
1978-12-31,0.002189,0.039746,0.010902,0.057018,0.029200,0.070752,0.063480,0.123088
1979-01-31,0.002369,-0.036526,0.008973,0.018313,0.027675,0.038827,0.068423,0.142400
1979-02-28,0.002681,0.055152,0.007827,0.029082,0.021516,0.135438,0.054472,0.180515
1979-03-31,0.002592,0.001673,0.007985,0.012993,0.022881,0.076090,0.068254,0.004922
1979-04-30,0.003274,-0.026336,0.008887,0.020145,0.023944,0.000590,0.060948,0.044516
1979-05-31,0.002837,0.038656,0.010526,0.103351,0.027886,0.071457,0.068809,0.122729
1979-06-30,0.002728,0.008745,0.006285,0.062287,0.018020,0.048878,0.056222,0.110096
1979-07-31,0.003808,0.053078,0.008484,-0.019170,0.017775,0.099701,0.051024,0.172045
1979-08-31,0.003764,0.000000,0.007635,-0.028906,0.015826,0.039700,0.053742,0.119466
1979-09-30,0.003366,-0.068606,0.013338,-0.012623,0.024092,-0.066136,0.070954,0.147640
1979-10-31,0.003033,0.042624,0.016747,0.121194,0.027273,0.043901,0.073594,0.251915
1979-11-30,0.004688,0.016767,0.026143,0.070648,0.053638,0.047852,0.104285,0.323662
1979-12-31,0.004104,0.057625,0.021490,-0.054197,0.034573,0.058366,0.085547,0.257736
1980-01-31,0.004913,-0.004380,0.025370,-0.068938,0.036532,0.065785,0.090040,0.134811
1980-02-29,0.007442,-0.101795,0.035624,-0.021292,0.045191,0.076720,0.118842,0.154936
1980-03-31,0.014919,0.041140,0.047709,0.119013,0.059387,0.228916,0.139700,0.332158
1980-04-30,0.016120,0.046571,0.043275,0.144698,0.074186,0.199266,0.147928,0.249506
1980-05-31,0.004683,0.026969,0.014593,0.100144,0.040999,0.263215,0.100134,0.191927
1980-06-30,0.008172,0.065039,0.027387,0.098214,0.053667,0.188375,0.099935,0.148547
1980-07-31,0.009503,0.005835,0.033157,0.047670,0.050761,0.064765,0.115224,0.076025
1980-08-31,0.008345,0.025168,0.027222,0.148227,0.054658,0.072643,0.087978,0.003350
1980-09-30,0.006338,0.016021,0.023245,0.082098,0.056873,0.084011,0.087172,-0.073968
1980-10-31,0.005681,0.102377,0.018900,0.016318,0.056638,0.041892,0.085909,-0.043775
1980-11-30,0.005385,-0.033874,0.017388,-0.065827,0.053738,-0.056433,0.081365,-0.100840
1980-12-31,0.009315,-0.045742,0.023862,0.001768,0.059903,-0.033515,0.082649,-0.097304
1981-01-31,0.003406,0.013277,0.030757,0.025164,0.042686,0.010575,0.114331,-0.070629
1981-02-28,0.003608,0.036033,0.023278,0.010056,0.044416,-0.064600,0.105252,-0.138341
1981-03-31,0.004491,-0.023456,0.023487,-0.035221,0.047488,-0.145735,0.102248,-0.176765
1981-04-30,0.003846,-0.001657,0.014307,-0.014231,0.032296,-0.082223,0.091915,-0.123259
1981-05-31,0.005477,-0.010408,0.026126,-0.073912,0.043732,-0.047062,0.125737,-0.156196
1981-06-30,0.004814,-0.002210,0.022956,-0.114549,0.034091,-0.066001,0.122284,-0.164622
1981-07-31,0.003798,-0.062099,0.005019,-0.068973,0.016986,-0.080354,0.074775,-0.182020
1981-08-31,0.004109,-0.053832,0.009444,0.028993,0.025312,-0.078834,0.086051,-0.026712
1981-09-30,0.005035,0.049148,0.019284,0.054829,0.049083,-0.036323,0.104912,0.036495
1981-10-31,0.006284,0.036590,0.016124,-0.012224,0.059465,-0.044712,0.112680,0.097055
1981-11-30,0.006187,-0.030075,0.020420,-0.104788,0.041371,-0.114523,0.088454,0.096399
1981-12-31,0.007289,-0.017544,0.024925,-0.086414,0.045127,-0.105590,0.099026,0.147613
1982-01-31,0.006886,-0.060548,0.023349,-0.032890,0.041115,-0.110548,0.093213,0.206811
1982-02-28,0.006144,-0.010167,0.022462,-0.010874,0.041383,0.056582,0.092013,0.308991
1982-03-31,0.005449,0.040014,0.020009,-0.020990,0.039329,0.075563,0.094908,0.366202
1982-04-30,0.007591,-0.039162,0.024076,-0.080299,0.046766,0.148403,0.108293,0.412144
1982-05-31,0.008032,-0.020290,0.026449,0.068198,0.047165,0.238202,0.098712,0.451466
1982-06-30,0.008159,-0.022991,0.026624,0.098622,0.048810,0.283095,0.106274,0.529422
1982-07-31,0.006297,0.115977,0.024766,0.248669,0.051338,0.356803,0.108990,0.517976
1982-08-31,0.008209,0.007614,0.029143,0.159150,0.059199,0.238892,0.127776,0.375617
1982-09-30,0.008496,0.110447,0.032029,0.167912,0.058300,0.270221,0.155086,0.379090
1982-10-31,0.008755,0.035971,0.031462,0.086599,0.058264,0.229659,0.153348,0.223078
1982-11-30,0.009044,0.015231,0.031362,0.068794,0.055266,0.172237,0.125338,0.201184
1982-12-31,0.007931,0.033134,0.027608,0.087600,0.048416,0.191980,0.100280,0.172710
1983-01-31,0.007989,0.018995,0.029279,0.131659,0.055253,0.118789,0.103596,0.124639
1983-02-28,0.009173,0.033095,0.025212,0.096785,0.051278,0.110361,0.093591,0.060786
1983-03-31,0.007316,0.074987,0.024135,0.095973,0.046416,0.085709,0.091473,0.040664
1983-04-30,0.007591,-0.012406,0.021509,-0.011373,0.044829,-0.005352,0.087511,-0.026637
1983-05-31,0.007456,0.032330,0.021412,0.012378,0.041058,0.024694,0.085039,-0.072911
1983-06-30,0.006483,-0.030303,0.019492,-0.009365,0.040541,-0.016166,0.076874,-0.086256
1983-07-31,0.006554,0.011319,0.020636,0.006090,0.043668,0.005229,0.083943,-0.073204
1983-08-31,0.005308,0.010158,0.016215,0.012165,0.032669,-0.044647,0.068593,0.013869
1983-09-30,0.004730,-0.015174,0.015452,-0.006865,0.031615,-0.041489,0.062589,0.000181
1983-10-31,0.003431,0.017426,0.012353,-0.000856,0.025189,-0.021400,0.050621,0.015530
1983-11-30,0.004152,-0.008834,0.012808,-0.056130,0.027138,-0.095252,0.053500,-0.016947
1983-12-31,0.003599,-0.009216,0.011215,-0.034863,0.024311,-0.071242,0.049968,0.014006
1984-01-31,0.003439,-0.038859,0.010447,-0.020562,0.024355,-0.078025,0.053354,0.099260
1984-02-29,0.002936,0.013498,0.009271,-0.041449,0.021026,0.061250,0.048326,0.153572
1984-03-31,0.003455,0.005466,0.009928,-0.037693,0.023166,0.043473,0.050882,0.134942
1984-04-30,0.003390,-0.059356,0.010029,-0.058669,0.023607,0.037738,0.054198,0.123586
1984-05-31,0.003557,0.017469,0.009929,0.107140,0.024452,0.086549,0.056076,0.259050
1984-06-30,0.004729,-0.016451,0.011404,0.084345,0.024851,0.091788,0.056730,0.252448
1984-07-31,0.003598,0.106332,0.010385,0.102416,0.027013,0.192287,0.057583,0.267224
1984-08-31,0.003255,-0.003480,0.010069,-0.018598,0.023203,0.086993,0.059516,0.131690
1984-09-30,0.003252,-0.000060,0.009404,0.006863,0.018353,0.087658,0.043153,0.096207
1984-10-31,0.003111,-0.015112,0.009048,0.081522,0.017597,0.082726,0.042572,0.142874
1984-11-30,0.003223,0.022374,0.009748,0.107593,0.019787,0.158760,0.044984,0.235909
1984-12-31,0.003113,0.074085,0.010149,0.080244,0.021252,0.147154,0.049046,0.263334
1985-01-31,0.004476,0.008629,0.011990,0.001113,0.024788,0.062851,0.050156,0.178979
1985-02-28,0.004752,-0.002870,0.013775,0.046197,0.024680,0.041119,0.050570,0.252456
1985-03-31,0.005310,-0.004594,0.014906,0.061940,0.029053,0.007860,0.055469,0.322373
1985-04-30,0.004911,0.054051,0.014607,0.061669,0.024405,0.055552,0.050353,0.309681
1985-05-31,0.004801,0.012134,0.014790,-0.004854,0.025525,0.066579,0.051591,0.304933
1985-06-30,0.006425,-0.004848,0.019317,-0.050925,0.032561,0.101277,0.058855,0.307480
1985-07-31,0.006554,-0.011995,0.020215,-0.005762,0.035553,0.109260,0.062508,0.236748
1985-08-31,0.006415,-0.034724,0.020111,0.071781,0.031291,0.202990,0.061861,0.340879
1985-09-30,0.006323,0.042509,0.018302,0.160369,0.030675,0.312061,0.059946,0.270431
1985-10-31,0.005624,0.065062,0.017520,0.115688,0.030884,0.240754,0.061208,0.285323
1985-11-30,0.005147,0.045061,0.016195,0.122422,0.027184,0.223475,0.057694,0.232725
1985-12-31,0.006327,0.002367,0.019284,0.130727,0.028802,0.187240,0.056947,0.146204
1986-01-31,0.006634,0.071489,0.019522,0.112097,0.030731,0.114931,0.055010,0.294173
1986-02-28,0.006094,0.052794,0.018880,0.090032,0.029186,0.114622,0.056598,0.252424
1986-03-31,0.007082,-0.014148,0.022115,0.049979,0.034781,-0.031729,0.054175,0.221013
1986-04-30,0.007464,0.050229,0.023405,0.002548,0.035272,0.035920,0.051412,0.224355
1986-05-31,0.007194,0.014110,0.022778,0.022559,0.036610,0.007560,0.055397,0.172832
1986-06-30,0.007027,-0.058683,0.021929,-0.077818,0.032758,-0.034564,0.058767,0.211928
1986-07-31,0.006539,0.071193,0.022211,0.033288,0.036075,0.160766,0.064259,0.349568
1986-08-31,0.006758,-0.085439,0.022014,-0.014668,0.034820,0.123631,0.062880,0.303918
1986-09-30,0.007396,0.054729,0.022180,0.046905,0.036520,0.261024,0.063840,0.391276
1986-10-31,0.006229,0.021477,0.020816,0.123371,0.036209,0.181900,0.064539,0.032011
1986-11-30,0.006761,-0.028288,0.021070,0.140358,0.034267,0.164032,0.066497,-0.075917
1986-12-31,0.006387,0.131767,0.020421,0.204526,0.033070,0.255317,0.064475,0.020275
1987-01-31,0.006391,0.036924,0.019362,0.052102,0.031023,0.162653,0.070413,-0.062062
1987-02-28,0.007078,0.026390,0.022073,0.020760,0.033800,0.160450,0.065927,-0.057635
1987-03-31,0.007298,-0.011450,0.021075,0.042167,0.029856,0.103291,0.055360,-0.112479
1987-04-30,0.006924,0.006034,0.017280,0.105077,0.024423,-0.126821,0.041753,-0.093737
1987-05-31,0.006427,0.047914,0.016368,0.136849,0.022571,-0.206136,0.036412,-0.096312
1987-06-30,0.006162,0.048224,0.015763,0.058651,0.020418,-0.187237,0.037375,-0.100329
1987-07-31,0.006974,0.034959,0.017893,-0.209848,0.020628,-0.193278,0.035463,-0.146363
1987-08-31,0.007702,-0.024166,0.020972,-0.301698,0.025105,-0.187932,0.032321,-0.207035
1987-09-30,0.007421,-0.217630,0.020117,-0.232265,0.018791,-0.195569,0.027893,-0.155113
1987-10-31,0.006839,-0.085349,0.020710,0.020970,0.023001,0.037889,0.034661,0.107947
1987-11-30,0.003299,0.072861,0.010028,0.162918,0.008591,0.138341,0.028397,0.188450
1987-12-31,0.003444,0.040432,0.009996,0.047798,0.017833,0.106929,0.049496,0.124008
1988-01-31,0.004500,0.041817,0.006343,0.016571,0.015774,0.058155,0.050717,0.157156
1988-02-29,0.004491,-0.033343,0.008738,-0.021134,0.015082,-0.023523,0.049378,0.078560
1988-03-31,0.004288,0.009425,0.008556,0.056433,0.011252,0.050292,0.048633,0.138978
1988-04-30,0.003840,0.003176,0.007814,0.040906,0.011415,0.067501,0.050395,0.184862
1988-05-31,0.003861,0.043256,0.009007,-0.002441,0.015712,0.044019,0.055329,0.222612
1988-06-30,0.004384,-0.005411,0.011867,-0.005814,0.021590,0.015430,0.059996,0.162633
1988-07-31,0.005008,-0.038600,0.012990,0.025550,0.016601,0.093559,0.049825,0.272259
1988-08-31,0.005154,0.039729,0.014196,0.046574,0.018968,0.104543,0.054182,0.343874
1988-09-30,0.005366,0.025964,0.015675,0.021367,0.023699,0.084440,0.060328,0.284065
1988-10-31,0.006321,-0.018891,0.018181,0.066315,0.029551,0.109940,0.063956,0.220059
1988-11-30,0.004083,0.014688,0.012833,0.055389,0.022109,0.171063,0.055603,0.264121
1988-12-31,0.003916,0.071115,0.011260,0.061753,0.022522,0.144966,0.054447,0.272505
1989-01-31,0.001234,-0.028944,0.010493,0.040912,0.020494,0.163411,0.051515,0.106263
1989-02-28,0.001824,0.020806,0.010364,0.109603,0.018580,0.216679,0.050909,0.148965
1989-03-31,0.002374,0.050090,0.009728,0.078374,0.018899,0.184081,0.067480,0.152847
1989-04-30,0.001831,0.035137,0.009488,0.117685,0.019830,0.099212,0.065943,0.068337
1989-05-31,0.002510,-0.007925,0.012867,0.096500,0.022370,0.079465,0.060294,0.127012
1989-06-30,0.002292,0.088370,0.015646,0.098025,0.026091,0.111391,0.061747,0.125920
1989-07-31,0.002936,0.015517,0.016319,-0.016528,0.028784,-0.049122,0.057971,0.029097
1989-08-31,0.003271,-0.006544,0.017315,-0.015536,0.031864,-0.055655,0.054259,-0.082202
1989-09-30,0.002836,-0.025175,0.017097,0.012172,0.030671,-0.026378,0.068072,-0.123443
1989-10-31,0.003659,0.016541,0.017245,-0.033141,0.030644,-0.028088,0.058009,-0.106828
1989-11-30,0.003511,0.021417,0.017503,-0.040753,0.031197,0.044048,0.056110,-0.068701
1989-12-31,0.003188,-0.068817,0.017475,-0.038087,0.032542,0.013073,0.056388,-0.065591
1990-01-31,0.002938,0.008539,0.017273,0.005227,0.029828,0.082260,0.055247,0.045126
1990-02-28,0.002801,0.024255,0.016246,0.088403,0.028724,-0.028112,0.059233,0.105999
1990-03-31,0.002999,-0.026887,0.015403,0.053186,0.028214,-0.099694,0.061491,0.103783
1990-04-30,0.002914,0.091989,0.014449,0.076632,0.027941,-0.081016,0.060570,0.134643
1990-05-31,0.003860,-0.008886,0.013775,-0.107051,0.025790,-0.107992,0.059341,0.079174
1990-06-30,0.003700,-0.005223,0.014995,-0.145159,0.026304,-0.077649,0.056409,0.036702
1990-07-31,0.003932,-0.094314,0.014904,-0.146427,0.041798,-0.034311,0.054108,0.088895
1990-08-31,0.003365,-0.051184,0.014800,-0.001054,0.039026,0.137990,0.053539,0.225911
1990-09-30,0.004421,-0.006698,0.014243,0.078974,0.040597,0.226009,0.067893,0.267309
1990-10-31,0.004434,0.059934,0.014527,0.131349,0.036202,0.234671,0.074078,0.290954
1990-11-30,0.003887,0.024828,0.013965,0.139191,0.028235,0.209826,0.078124,0.164484
1990-12-31,0.004456,0.041518,0.015596,0.136273,0.025629,0.123978,0.071058,0.263067
1991-01-31,0.004571,0.067281,0.015339,0.091327,0.027052,0.127584,0.071053,0.188556
1991-02-28,0.005252,0.022203,0.018611,0.062004,0.031510,0.077260,0.068450,0.124309
1991-03-31,0.004854,0.000320,0.016129,-0.010820,0.026587,0.033687,0.053825,0.075875
1991-04-30,0.005141,0.038605,0.017245,0.033223,0.030040,0.045585,0.052190,0.105531
1991-05-31,0.004769,-0.047893,0.015549,0.014365,0.026348,-0.037478,0.049982,0.065464
1991-06-30,0.005269,0.044859,0.017199,0.044994,0.029820,0.123747,0.056401,0.099634
1991-07-31,0.006146,0.019649,0.020070,0.011965,0.034547,0.054073,0.065308,0.093860
1991-08-31,0.004884,-0.019144,0.015837,-0.051109,0.030636,0.043674,0.061798,0.047037
1991-09-30,0.004899,0.011834,0.016732,0.075362,0.029514,0.040814,0.048693,0.077193
1991-10-31,0.005157,-0.043904,0.018076,0.041610,0.031013,0.057332,0.048837,0.066836
1991-11-30,0.005396,0.111588,0.017551,0.099888,0.031383,0.106951,0.050424,0.149592
1991-12-31,0.005241,-0.019924,0.017787,-0.032127,0.031633,-0.021458,0.054937,0.044643
1992-01-31,0.004023,0.009590,0.018287,0.015094,0.030939,0.037746,0.051508,0.073389
1992-02-29,0.003894,-0.021832,0.016607,0.006421,0.028982,0.003223,0.055604,0.074340
1992-03-31,0.003345,0.027893,0.016506,0.011023,0.028170,0.034953,0.052650,0.118854
1992-04-30,0.003220,0.000964,0.016899,0.022316,0.029193,0.008989,0.062724,0.060827
1992-05-31,0.003963,-0.017359,0.017242,-0.003178,0.028618,0.038522,0.057715,0.083881
1992-06-30,0.003483,0.039374,0.017652,0.023668,0.030090,0.067550,0.062738,0.103861
1992-07-31,0.005194,-0.023998,0.018651,-0.013036,0.033169,0.034346,0.062829,0.056387
1992-08-31,0.005611,0.009106,0.020761,0.041833,0.038401,0.070889,0.062628,0.119629
1992-09-30,0.005155,0.002106,0.018910,0.042867,0.033010,0.081068,0.063723,0.098444
1992-10-31,0.005225,0.030262,0.018174,0.048008,0.033406,0.051376,0.061850,0.117393
1992-11-30,0.005213,0.010108,0.017545,0.027889,0.031208,0.043677,0.060888,0.070569
1992-12-31,0.005301,0.007046,0.017052,0.036630,0.029822,0.034013,0.054206,0.070552
1993-01-31,0.004663,0.010484,0.013948,0.003213,0.025947,0.021309,0.058067,0.097612
1993-02-28,0.005331,0.018697,0.017846,0.015359,0.028509,0.045514,0.052607,0.053588
1993-03-31,0.005362,-0.025417,0.017590,-0.002524,0.028270,0.016074,0.054644,-0.013063
1993-04-30,0.005863,0.022717,0.018906,0.018038,0.030025,0.062791,0.055367,0.024353
1993-05-31,0.006254,0.000755,0.020316,0.029699,0.034688,0.025767,0.060928,0.014016
1993-06-30,0.005419,-0.005327,0.018092,0.018645,0.031071,0.035336,0.058770,-0.013895
1993-07-31,0.004701,0.034432,0.016232,0.043960,0.027946,0.074710,0.058855,0.022605
1993-08-31,0.004354,-0.009988,0.014931,-0.003818,0.026813,0.007723,0.058601,0.025736
1993-09-30,0.004498,0.019393,0.015479,0.016386,0.028052,-0.028675,0.055052,0.008237
1993-10-31,0.004205,-0.012911,0.015494,0.029455,0.026568,-0.036167,0.056287,0.009662
1993-11-30,0.005227,0.010091,0.017863,0.011585,0.029985,-0.011455,0.056059,-0.017540
1993-12-31,0.004155,0.032501,0.015255,-0.044335,0.027294,-0.047551,0.057624,-0.015393
1994-01-31,0.003517,-0.030045,0.012397,-0.063744,0.025789,-0.048483,0.059410,-0.023235
1994-02-28,0.003412,-0.045747,0.011516,-0.022777,0.024266,0.017875,0.058902,0.043349
1994-03-31,0.003226,0.011531,0.010343,-0.003365,0.022185,0.038002,0.060643,0.123247
1994-04-30,0.003454,0.012397,0.011247,0.016300,0.026588,0.047548,0.068833,0.141492
1994-05-31,0.003674,-0.026791,0.010538,0.041599,0.024605,-0.006156,0.068235,0.168456
1994-06-30,0.003065,0.031490,0.008437,0.041506,0.021746,0.033763,0.063301,0.226169
1994-07-31,0.003757,0.037599,0.010284,0.030747,0.023291,0.026535,0.065083,0.226509
1994-08-31,0.002779,-0.026878,0.009327,-0.045847,0.019973,0.025027,0.060151,0.181686
1994-09-30,0.002932,0.020834,0.009733,-0.007434,0.020731,0.082125,0.056126,0.263016
1994-10-31,0.003840,-0.039505,0.011162,-0.004086,0.021620,0.089679,0.058362,0.231079
1994-11-30,0.003671,0.012299,0.010760,0.074280,0.021187,0.175693,0.056975,0.334325
1994-12-31,0.003244,0.024278,0.010471,0.090230,0.022314,0.186121,0.059896,0.341107
1995-01-31,0.002873,0.036074,0.009640,0.094150,0.023829,0.194805,0.067191,0.352026
1995-02-28,0.002405,0.027329,0.008513,0.094401,0.022489,0.152834,0.061332,0.313999
1995-03-31,0.002156,0.027960,0.009528,0.087955,0.021754,0.167163,0.057886,0.289169
1995-04-30,0.003321,0.036312,0.009828,0.091993,0.022628,0.129762,0.057788,0.270949
1995-05-31,0.003211,0.021279,0.011205,0.053393,0.022868,0.134927,0.059693,0.254443
1995-06-30,0.004093,0.031776,0.014205,0.072804,0.024602,0.130665,0.046761,0.231078
1995-07-31,0.004085,-0.000320,0.014682,0.034587,0.021517,0.131587,0.053766,0.138580
1995-08-31,0.004292,0.040097,0.014223,0.077401,0.022771,0.139799,0.054377,0.160372
1995-09-30,0.004033,-0.004979,0.014536,0.053935,0.021452,0.104533,0.053644,0.176109
1995-10-31,0.005229,0.041049,0.015404,0.093758,0.022209,0.124970,0.052769,0.212846
1995-11-30,0.004854,0.017444,0.015786,0.057915,0.022735,0.105307,0.053767,0.250508
1995-12-31,0.005937,0.032617,0.016614,0.048009,0.025702,0.088809,0.050111,0.202637
1996-01-31,0.006210,0.006934,0.018177,0.028537,0.029913,0.006179,0.047780,0.236062
1996-02-29,0.006031,0.007917,0.017852,0.044798,0.029489,0.018050,0.049966,0.234827
1996-03-31,0.004666,0.013431,0.016734,0.038931,0.029863,0.064803,0.051148,0.172920
1996-04-30,0.004459,0.022853,0.016491,-0.021737,0.028890,0.078114,0.049297,0.224972
1996-05-31,0.005485,0.002257,0.017609,-0.025601,0.029709,0.131367,0.054382,0.267755
1996-06-30,0.006011,-0.045748,0.017583,0.024902,0.030012,0.104543,0.056443,0.319863
1996-07-31,0.005420,0.018814,0.016827,0.102070,0.027925,0.228471,0.053903,0.491226
1996-08-31,0.003808,0.054203,0.012729,0.161091,0.025197,0.212933,0.056452,0.379576
1996-09-30,0.005106,0.026101,0.014403,0.077706,0.026056,0.101538,0.069433,0.378203
1996-10-31,0.004658,0.073376,0.014267,0.114694,0.026514,0.136217,0.059840,0.296837
1996-11-30,0.005481,-0.021505,0.015594,0.044649,0.027747,0.120552,0.057575,0.262054
1996-12-31,0.005795,0.061317,0.018456,0.022113,0.027294,0.194940,0.051948,0.310082
1997-01-31,0.007107,0.005928,0.017873,0.019309,0.029097,0.213888,0.055347,0.246922
1997-02-28,0.007190,-0.042614,0.020269,0.072659,0.030667,0.137389,0.055646,0.326901
1997-03-31,0.007005,0.058406,0.019880,0.169088,0.030732,0.251162,0.055511,0.455185
1997-04-30,0.006683,0.058577,0.017332,0.190893,0.028708,0.141363,0.053052,0.387364
1997-05-31,0.006160,0.043453,0.018299,0.060346,0.030914,0.126279,0.055039,0.285920
1997-06-30,0.007084,0.078146,0.019714,0.070204,0.032262,0.096358,0.057389,0.280972
1997-07-31,0.008010,-0.057466,0.022854,-0.041590,0.033843,0.027213,0.061463,0.174325
1997-08-31,0.007085,0.053154,0.024129,0.062181,0.039338,0.166620,0.063662,0.064271
1997-09-30,0.007473,-0.034478,0.023270,0.024438,0.037081,0.163067,0.065287,0.073611
1997-10-31,0.007040,0.044587,0.022416,0.071789,0.038656,0.215532,0.067624,0.201231
1997-11-30,0.006656,0.015732,0.021339,0.098325,0.036051,0.141742,0.061162,0.217951
1997-12-31,0.006976,0.010150,0.020515,0.135321,0.036094,0.168389,0.057708,0.266686
1998-01-31,0.007055,0.070449,0.022006,0.134115,0.037929,0.143214,0.065209,0.305382
1998-02-28,0.006326,0.049946,0.020417,0.039530,0.036306,-0.087731,0.061656,0.180104
1998-03-31,0.007236,0.009076,0.022462,0.029126,0.038293,-0.076914,0.066896,0.167570
1998-04-30,0.007268,-0.018826,0.023661,0.008023,0.041779,-0.011765,0.070965,0.200971
1998-05-31,0.007100,0.039438,0.024282,-0.122422,0.042051,0.066748,0.072807,0.193451
1998-06-30,0.006685,-0.011615,0.022520,-0.103039,0.041578,0.084130,0.071169,0.210673
1998-07-31,0.007286,-0.145797,0.023359,-0.019631,0.044789,0.141853,0.074326,0.185648
1998-08-31,0.006774,0.062396,0.022373,0.215559,0.044292,0.293592,0.075485,0.379335
1998-09-30,0.005592,0.080294,0.018393,0.208670,0.028157,0.264855,0.050462,0.261256
1998-10-31,0.006416,0.059126,0.017538,0.164717,0.028551,0.215269,0.052465,0.240527
1998-11-30,0.006139,0.056375,0.018079,0.064196,0.039150,0.118775,0.068317,0.193601
1998-12-31,0.006569,0.041009,0.020617,0.046484,0.035855,0.116723,0.061619,0.195260
1999-01-31,0.008355,-0.032283,0.023494,0.043403,0.039206,0.038355,0.065858,0.089728
1999-02-28,0.007576,0.038794,0.024294,0.051287,0.039824,0.066283,0.070815,0.103438
1999-03-31,0.007685,0.037944,0.025194,0.067119,0.042981,-0.002845,0.077697,0.164968
1999-04-30,0.007742,-0.024970,0.025398,-0.004838,0.043653,0.020784,0.082783,0.087816
1999-05-31,0.007547,0.054438,0.025042,0.014264,0.044938,0.066882,0.085527,0.091225
1999-06-30,0.007372,-0.032046,0.023743,-0.065564,0.042640,0.070328,0.088321,0.059656
1999-07-31,0.007398,-0.006254,0.022727,0.025747,0.043532,0.049476,0.081885,0.076848
1999-08-31,0.007432,-0.028552,0.023030,0.051878,0.043647,0.034845,0.081553,0.149401
1999-09-30,0.008100,0.062540,0.022722,0.145427,0.045737,0.168292,0.082265,0.119902
1999-10-31,0.007727,0.019062,0.021281,0.023134,0.041783,0.065667,0.076688,0.048770
1999-11-30,0.007508,0.057844,0.021016,-0.016193,0.040004,0.022816,0.081053,-0.053250
1999-12-31,0.007872,-0.050904,0.022019,0.019963,0.042600,-0.009971,0.082497,-0.101392
2000-01-31,0.006658,-0.020108,0.021885,0.041572,0.039522,0.026082,0.084815,-0.020402
2000-02-29,0.006731,0.096720,0.021399,0.039651,0.040757,0.110698,0.088405,-0.092563
2000-03-31,0.006519,-0.030796,0.021817,-0.029348,0.040849,-0.041419,0.086361,-0.225714
2000-04-30,0.006428,-0.021915,0.021298,-0.014872,0.040897,-0.015856,0.089176,-0.139745
2000-05-31,0.007052,0.023934,0.021369,0.068337,0.040075,-0.074370,0.088244,-0.115993
2000-06-30,0.006647,-0.016341,0.021233,-0.012436,0.040776,-0.092342,0.089079,-0.158270
2000-07-31,0.007177,0.060699,0.020411,-0.000999,0.040240,-0.045302,0.082536,-0.153477
2000-08-31,0.006431,-0.053483,0.017969,-0.133579,0.036373,-0.183003,0.077669,-0.253084
2000-09-30,0.006651,-0.004949,0.018717,-0.080911,0.038554,-0.192258,0.081304,-0.275369
2000-10-31,0.005506,-0.080069,0.017556,-0.044347,0.034822,-0.125885,0.075630,-0.258584
2000-11-30,0.005153,0.004053,0.016868,-0.057044,0.030137,-0.044967,0.065161,-0.133465
2000-12-31,0.005505,0.034637,0.016983,-0.121149,0.025769,-0.072636,0.057503,-0.130427
2001-01-31,0.006603,-0.092291,0.015505,-0.085322,0.028342,-0.113308,0.059150,-0.172627
2001-02-28,0.006897,-0.064205,0.018749,0.012807,0.035317,-0.085778,0.068043,-0.107433
2001-03-31,0.006722,0.076814,0.020303,0.055200,0.034658,-0.102893,0.075367,-0.011152
2001-04-30,0.007926,0.005090,0.023695,-0.030597,0.046545,-0.151810,0.087468,-0.138092
2001-05-31,0.007603,-0.025035,0.024075,-0.097339,0.046242,-0.092665,0.092137,-0.150244
2001-06-30,0.006631,-0.010740,0.021153,-0.149823,0.042739,-0.062317,0.087659,-0.191575
2001-07-31,0.006716,-0.064108,0.021789,-0.125038,0.044096,-0.066899,0.092009,-0.247360
2001-08-31,0.006310,-0.081723,0.020794,0.005178,0.044791,-0.023686,0.090230,-0.191879
2001-09-30,0.006581,0.018099,0.019961,0.102926,0.041896,0.102263,0.088035,-0.216785
2001-10-31,0.005812,0.075176,0.019920,0.066448,0.043283,0.016173,0.082083,-0.164204
2001-11-30,0.006282,0.007574,0.020537,-0.028716,0.046347,-0.063460,0.084448,-0.178279
2001-12-31,0.006827,-0.015574,0.022151,-0.000601,0.047600,-0.137847,0.090833,-0.233660
2002-01-31,0.005533,-0.020766,0.019998,-0.047142,0.042128,-0.193399,0.082397,-0.242877
2002-02-28,0.004713,0.036739,0.018169,-0.035772,0.041468,-0.172273,0.078538,-0.239968
2002-03-31,0.005043,-0.061418,0.016834,-0.137329,0.040195,-0.289448,0.077142,-0.260774
2002-04-30,0.004357,-0.009081,0.015944,-0.153493,0.037197,-0.177506,0.072848,-0.148572
2002-05-31,0.004708,-0.072455,0.017236,-0.141565,0.040553,-0.122599,0.077020,-0.097035
2002-06-30,0.004836,-0.079004,0.018278,-0.176335,0.041350,-0.111131,0.079623,-0.015478
2002-07-31,0.002539,0.004881,0.011758,-0.028367,0.032894,-0.061341,0.076052,0.086319
2002-08-31,0.003102,-0.110024,0.012508,0.022094,0.032450,-0.081784,0.075265,0.100364
2002-09-30,0.003203,0.086449,0.012217,0.079163,0.032495,0.040354,0.076270,0.221629
2002-10-31,0.004597,0.057070,0.013423,-0.033937,0.029864,0.035179,0.071110,0.186224
2002-11-30,0.003146,-0.060333,0.012268,-0.101633,0.028774,0.029136,0.072395,0.130181
2002-12-31,0.001808,-0.027415,0.010061,-0.035962,0.027597,0.107613,0.068431,0.263804
2003-01-31,0.002005,-0.017004,0.008707,0.071544,0.026368,0.157310,0.060539,0.321877
2003-02-28,0.001649,0.008358,0.008150,0.145563,0.026227,0.198371,0.059443,0.361160
2003-03-31,0.001573,0.081044,0.008549,0.148931,0.025512,0.174244,0.060220,0.327796
2003-04-30,0.002251,0.050899,0.009914,0.080040,0.024232,0.145912,0.057985,0.207630
2003-05-31,0.002145,0.011322,0.009645,0.046098,0.018973,0.098185,0.048433,0.163026
2003-06-30,0.002249,0.016224,0.009741,0.022032,0.015606,0.141016,0.045815,0.170693
2003-07-31,0.003160,0.017873,0.012737,0.060991,0.022077,0.142198,0.048297,0.112500
2003-08-31,0.003429,-0.011944,0.011956,0.049791,0.025446,0.135842,0.058211,0.095465
2003-09-30,0.002978,0.054961,0.010418,0.116419,0.023319,0.130767,0.051609,0.119090
2003-10-31,0.002839,0.007129,0.010448,0.076539,0.023747,0.053859,0.050522,0.075654
2003-11-30,0.003672,0.050766,0.012385,0.081969,0.025707,0.059044,0.056856,0.109261
2003-12-31,0.003771,0.017276,0.013234,0.012852,0.027203,0.026009,0.058228,0.089935
2004-01-31,0.004689,0.012209,0.014603,-0.021067,0.028373,-0.026001,0.061779,0.044327
2004-02-29,0.006244,-0.016359,0.016298,-0.021189,0.030085,-0.035548,0.063274,0.051234
2004-03-31,0.005764,-0.016791,0.015832,0.012990,0.030456,-0.010327,0.063094,0.048286
2004-04-30,0.005639,0.012083,0.016240,-0.005039,0.031719,0.020681,0.062816,0.044748
2004-05-31,0.005077,0.017989,0.014357,-0.014670,0.030391,0.047418,0.067935,0.063194
2004-06-30,0.005196,-0.034291,0.014034,-0.023018,0.031342,0.062305,0.068959,0.044257
2004-07-31,0.005029,0.002287,0.015343,0.025850,0.033018,0.072205,0.066561,0.120230
2004-08-31,0.004339,0.009364,0.013610,0.063012,0.029937,0.089980,0.061529,0.105131
2004-09-30,0.004549,0.014014,0.015225,0.087333,0.032491,0.059224,0.062581,0.102487
2004-10-31,0.004600,0.038595,0.014780,0.045187,0.030711,0.023580,0.064523,0.067961
2004-11-30,0.005092,0.032458,0.015848,0.025370,0.033586,0.015062,0.063402,0.064456
2004-12-31,0.005378,-0.025290,0.015592,-0.025852,0.030225,-0.016990,0.066580,0.030010
2005-01-31,0.005681,0.018903,0.016947,-0.020673,0.031820,0.044791,0.064764,0.083647
2005-02-28,0.005638,-0.019118,0.016981,-0.010053,0.032348,0.013900,0.064842,0.064025
2005-03-31,0.005618,-0.020109,0.016466,0.009097,0.031698,0.040844,0.065166,0.096799
2005-04-30,0.005134,0.029952,0.014358,0.066845,0.030305,0.043359,0.061272,0.132913
2005-05-31,0.005776,-0.000143,0.016683,0.024196,0.029581,0.048661,0.055537,0.065959
2005-06-30,0.005712,0.035968,0.015308,0.031461,0.026933,0.047812,0.051865,0.066203
2005-07-31,0.005600,-0.011222,0.014731,-0.022015,0.024817,0.037191,0.051373,0.034420
2005-08-31,0.004927,0.006949,0.015252,0.023887,0.023693,0.049438,0.051691,0.068416
2005-09-30,0.004982,-0.017741,0.012933,0.015853,0.019662,0.053759,0.043724,0.087109
2005-10-31,0.004577,0.035186,0.013773,0.060538,0.021431,0.085832,0.049156,0.141614
2005-11-30,0.004411,-0.000952,0.013426,0.024954,0.020804,0.016495,0.046338,0.120970
2005-12-31,0.005087,0.025467,0.012123,0.037315,0.018830,0.017552,0.043768,0.136194
2006-01-31,0.004856,0.000453,0.014311,0.023850,0.018096,-0.002672,0.042822,0.123555
2006-02-28,0.004753,0.011096,0.013387,-0.008254,0.015892,0.018084,0.039748,0.098512
2006-03-31,0.004619,0.012156,0.012855,-0.019052,0.013884,0.031648,0.037991,0.097299
2006-04-30,0.004530,-0.030917,0.013578,-0.025904,0.017497,0.051373,0.042346,0.131053
2006-05-31,0.004383,0.000087,0.013710,0.026557,0.019466,0.102780,0.045931,0.205127
2006-06-30,0.004436,0.005086,0.013125,0.051685,0.018799,0.116596,0.045216,0.183554
2006-07-31,0.004103,0.021274,0.012699,0.079332,0.020568,0.126565,0.044065,0.139904
2006-08-31,0.004827,0.024566,0.012005,0.074251,0.017925,0.078999,0.040080,0.130517
2006-09-30,0.004972,0.031508,0.011903,0.061721,0.016658,0.063637,0.040520,0.142905
2006-10-31,0.003887,0.016467,0.011568,0.043761,0.016988,0.075787,0.041065,0.124418
2006-11-30,0.003076,0.012616,0.011152,0.004419,0.016727,0.092808,0.044281,0.057481
2006-12-31,0.003022,0.014059,0.010963,0.001805,0.016844,0.059966,0.043775,0.035296
2007-01-31,0.004964,-0.021846,0.012997,0.030683,0.021734,0.011841,0.050257,-0.041502
2007-02-28,0.004886,0.009980,0.012792,0.088000,0.022783,0.047746,0.051880,-0.054158
2007-03-31,0.004238,0.043291,0.010918,0.058056,0.022252,0.074525,0.050055,-0.069085
2007-04-30,0.003812,0.032549,0.010332,-0.018282,0.021118,0.045205,0.048797,-0.065287
2007-05-31,0.004821,-0.017816,0.012127,-0.036998,0.022552,-0.032327,0.050237,-0.085090
2007-06-30,0.005673,-0.031982,0.014965,0.015565,0.026410,-0.023275,0.053851,-0.148568
2007-07-31,0.005328,0.012864,0.016685,0.064668,0.029817,-0.052719,0.066414,-0.129110
2007-08-31,0.005466,0.035794,0.016392,0.004851,0.026835,-0.097260,0.060503,-0.129689
2007-09-30,0.005532,0.014822,0.016006,-0.038245,0.028491,-0.133650,0.060731,-0.236050
2007-10-31,0.005418,-0.044043,0.016547,-0.110257,0.033207,-0.105713,0.065150,-0.374750
2007-11-30,0.005441,-0.008629,0.016770,-0.101618,0.032479,-0.054526,0.065047,-0.394899
2007-12-31,0.005552,-0.061163,0.017119,-0.099199,0.032373,-0.128279,0.064353,-0.384858
2008-01-31,0.004871,-0.034761,0.017152,0.005107,0.037498,-0.080643,0.071838,-0.400907
2008-02-29,0.005145,-0.005960,0.017492,0.052419,0.034597,-0.035923,0.069367,-0.447562
2008-03-31,0.005231,0.047547,0.018123,-0.032282,0.037941,-0.118198,0.075059,-0.396787
2008-04-30,0.004816,0.010674,0.017968,-0.085314,0.040873,-0.300839,0.079408,-0.370081
2008-05-31,0.004521,-0.085962,0.017728,-0.083942,0.037487,-0.360002,0.073618,-0.343650
2008-06-30,0.004570,-0.009859,0.015706,-0.088781,0.034236,-0.294336,0.068885,-0.281781
2008-07-31,0.003729,0.012190,0.014742,-0.235628,0.029969,-0.348356,0.074219,-0.220849
2008-08-31,0.004690,-0.090791,0.016937,-0.301357,0.033605,-0.426978,0.078753,-0.204400
2008-09-30,0.004800,-0.169425,0.015909,-0.225582,0.033302,-0.315932,0.073864,-0.093693
2008-10-31,0.006413,-0.074849,0.019064,-0.147479,0.035799,-0.099035,0.083997,0.069615
2008-11-30,0.004434,0.007822,0.021475,-0.179807,0.043697,0.025551,0.097715,0.222474
2008-12-31,-0.002324,-0.085657,0.009521,-0.116668,0.033137,0.017791,0.083357,0.234542
2009-01-31,0.000739,-0.109931,0.010165,0.056824,0.028875,0.195670,0.071059,0.300274
2009-02-28,-0.000865,0.085404,0.007383,0.250377,0.026531,0.388429,0.074359,0.502523
2009-03-31,-0.000311,0.093925,0.008453,0.152218,0.027285,0.324877,0.081279,0.465690
2009-04-30,-0.000224,0.053081,0.008219,0.131380,0.026079,0.187188,0.078676,0.359620
2009-05-31,0.001814,0.000196,0.011938,0.110408,0.023415,0.192016,0.060867,0.185249
2009-06-30,0.002027,0.074142,0.010648,0.149850,0.019796,0.212962,0.063975,0.121166
2009-07-31,0.006061,0.033560,0.013221,0.049328,0.019752,0.087485,0.066809,0.115567
2009-08-31,0.005580,0.035723,0.014524,0.073495,0.024582,0.082176,0.066554,0.028130
2009-09-30,0.005871,-0.019762,0.018024,0.054887,0.031926,0.106283,0.070548,0.079578
2009-10-31,0.006518,0.057364,0.020336,0.036364,0.037097,0.145244,0.071262,0.141934
2009-11-30,0.006291,0.017771,0.021054,0.008087,0.036925,-0.005677,0.073966,0.077508
2009-12-31,0.006615,-0.036974,0.019909,0.048722,0.033959,-0.075679,0.071907,0.127827
2010-01-31,0.005025,0.028514,0.018531,0.105059,0.035830,0.025822,0.069346,0.197650
2010-02-28,0.006440,0.058796,0.017942,-0.013653,0.034327,-0.049942,0.062491,0.201659
2010-03-31,0.006481,0.014759,0.017709,-0.118622,0.035042,-0.024140,0.064114,0.133740
2010-04-30,0.006408,-0.081976,0.017046,-0.071704,0.034772,-0.002890,0.065050,0.149087
2010-05-31,0.005602,-0.053882,0.017273,-0.036791,0.034658,0.083660,0.066655,0.234797
2010-06-30,0.004312,0.068778,0.015427,0.107198,0.031761,0.220169,0.062988,0.281292
2010-07-31,0.003978,-0.047449,0.013201,0.074129,0.025639,0.167502,0.058327,0.173094
2010-08-31,0.004708,0.087551,0.015796,0.125051,0.029438,0.264826,0.060729,0.161589
2010-09-30,0.003350,0.036856,0.013548,0.102033,0.026462,0.161786,0.059649,-0.008570
2010-10-31,0.005702,-0.002290,0.017994,0.086929,0.033259,0.152418,0.062609,0.059192
2010-11-30,0.005300,0.065300,0.018350,0.124239,0.034272,0.139469,0.064145,0.056253
2010-12-31,0.005344,0.022646,0.018539,0.054221,0.034465,0.050094,0.064482,-0.000032
2011-01-31,0.005969,0.031957,0.019613,0.060251,0.038414,0.004790,0.062569,0.020441
2011-02-28,0.006391,-0.001047,0.018356,0.013547,0.035598,-0.081622,0.066206,0.028978
2011-03-31,0.006098,0.028495,0.018423,-0.003914,0.038150,-0.146633,0.067103,0.062331
2011-04-30,0.006543,-0.013501,0.020110,-0.052310,0.040477,-0.080896,0.067028,0.025154
2011-05-31,0.006396,-0.018257,0.020276,-0.093897,0.041416,-0.073030,0.068280,-0.025922
2011-06-30,0.006060,-0.021474,0.018825,-0.143279,0.038242,-0.047734,0.066834,0.031439
2011-07-31,0.005742,-0.056791,0.016383,-0.030164,0.035755,0.015577,0.068424,0.067354
2011-08-31,0.005576,-0.071762,0.016712,0.023029,0.033751,0.120429,0.064000,0.153984
2011-09-30,0.005037,0.107723,0.012968,0.111524,0.025242,0.244869,0.051364,0.273329
2011-10-31,0.005057,-0.005059,0.013491,0.047163,0.028506,0.115383,0.059936,0.126753
2011-11-30,0.004576,0.008533,0.013317,0.095208,0.026075,0.050820,0.053150,0.135706
2011-12-31,0.005053,0.043583,0.014087,0.119967,0.026755,0.083143,0.052306,0.134057
2012-01-31,0.004529,0.040589,0.014444,0.065147,0.025918,0.050982,0.054304,0.141495
2012-02-29,0.005069,0.031332,0.014380,-0.040529,0.024629,0.029948,0.049608,0.109103
2012-03-31,0.006375,-0.007497,0.017371,-0.032880,0.029624,0.022862,0.058489,0.114110
2012-04-30,0.005327,-0.062651,0.017851,-0.013298,0.033759,0.010194,0.066583,0.142827
2012-05-31,0.005761,0.039555,0.017882,0.073455,0.029422,0.080781,0.049814,0.244526
2012-06-30,0.005217,0.012598,0.015570,0.057636,0.025537,0.047006,0.045919,0.179215
2012-07-31,0.005132,0.019763,0.016513,0.023809,0.029107,0.086122,0.047901,0.222146
2012-08-31,0.005445,0.024236,0.017468,0.006825,0.029519,0.076853,0.046289,0.160951
2012-09-30,0.006391,-0.019789,0.017658,-0.010051,0.032107,0.089208,0.049203,0.167200
2012-10-31,0.006282,0.002847,0.017372,0.060864,0.033242,0.131295,0.054236,0.243868
2012-11-30,0.005869,0.007068,0.017181,0.069553,0.035065,0.151506,0.059473,0.275127
2012-12-31,0.006478,0.050428,0.017750,0.100267,0.036468,0.126274,0.061243,0.296012
2013-01-31,0.006166,0.011061,0.017798,0.066390,0.035450,0.125238,0.066560,0.189893
2013-02-28,0.005677,0.035988,0.017651,0.076623,0.032944,0.078096,0.067624,0.227619
2013-03-31,0.006155,0.018086,0.018208,0.023636,0.033877,0.071604,0.065964,0.193189
2013-04-30,0.006468,0.020763,0.018834,0.055184,0.035634,0.099507,0.066720,0.179260
2013-05-31,0.006079,-0.014999,0.018434,0.001367,0.035792,0.107356,0.067696,0.179569
2013-06-30,0.004386,0.049462,0.015537,0.046860,0.031916,0.150708,0.068162,0.220354
2013-07-31,0.004988,-0.031298,0.016415,0.042006,0.034106,0.057459,0.072492,0.145302
2013-08-31,0.004750,0.029750,0.015273,0.105844,0.033588,0.138692,0.069159,0.226826
2013-09-30,0.004819,0.044596,0.016045,0.099200,0.033303,0.113461,0.068513,0.172900
2013-10-31,0.004851,0.028049,0.016089,0.014830,0.034270,0.072535,0.070710,0.148878
2013-11-30,0.004991,0.023563,0.015920,0.029704,0.035159,0.065212,0.071607,0.144949
2013-12-31,0.005177,-0.035583,0.017062,0.012974,0.035509,0.060524,0.074109,0.113906
2014-01-31,0.004944,0.043117,0.017200,0.056861,0.036567,0.083070,0.077005,0.119152
2014-02-28,0.005026,0.006932,0.016773,0.034483,0.035175,0.077399,0.078085,0.131786
2014-03-31,0.005298,0.006201,0.017374,0.046941,0.036636,0.053382,0.077265,0.104441
2014-04-30,0.005271,0.021030,0.017375,0.024799,0.036653,0.071180,0.079532,0.106988
2014-05-31,0.005256,0.019058,0.017044,0.041485,0.036372,0.074856,0.078735,0.095562
2014-06-30,0.005609,-0.015080,0.017845,0.006152,0.036777,0.050336,0.079441,0.052484
2014-07-31,0.005323,0.037655,0.018276,0.045259,0.037616,0.033315,0.081383,0.089694
2014-08-31,0.005551,-0.015514,0.018271,0.032041,0.037753,0.050480,0.080214,-0.015569
2014-09-30,0.005823,0.023201,0.019202,0.043913,0.040092,0.048471,0.082308,-0.026497
2014-10-31,0.005907,0.024534,0.018856,-0.011427,0.039571,0.033428,0.082373,0.030381
2014-11-30,0.005748,-0.004189,0.019401,0.017866,0.038091,0.019264,0.082258,0.006215
2014-12-31,0.006030,-0.031041,0.020147,0.004366,0.039276,0.002045,0.079494,-0.007266
2015-01-31,0.005583,0.054893,0.019006,0.045374,0.038619,0.054562,0.081843,-0.027444
2015-02-28,0.005671,-0.017396,0.018933,0.001373,0.038062,-0.062875,0.080276,-0.081858
2015-03-31,0.005579,0.008521,0.019298,-0.002311,0.039393,-0.071503,0.080744,-0.003941
2015-04-30,0.005902,0.010491,0.018978,0.008789,0.038201,-0.002949,0.078889,-0.009691
2015-05-31,0.005952,-0.021012,0.018455,-0.064160,0.038194,-0.012803,0.079157,-0.004954
2015-06-30,0.005617,0.019742,0.018875,-0.069352,0.038691,-0.009292,0.081583,0.017328
2015-07-31,0.005434,-0.062581,0.017971,-0.011636,0.037455,-0.077763,0.079457,0.033158
2015-08-31,0.005432,-0.026443,0.018589,0.054878,0.038364,-0.020257,0.080303,0.100787
2015-09-30,0.005140,0.082983,0.017772,0.064535,0.036493,0.072764,0.078156,0.129290
2015-10-31,0.005337,0.000505,0.016897,-0.066905,0.033659,-0.006762,0.070740,0.022502
2015-11-30,0.005751,-0.017530,0.017246,-0.071226,0.034824,0.007950,0.075333,0.056912
2015-12-31,0.005375,-0.050735,0.017747,0.007730,0.032593,0.026870,0.071492,0.095350
2016-01-31,0.004414,-0.004128,0.016894,0.064456,0.030448,0.120274,0.065277,0.174530
2016-02-29,0.004952,0.065991,0.016175,0.085249,0.026077,0.123546,0.063140,0.223270
2016-03-31,0.004586,0.002699,0.014650,0.018993,0.028883,0.052691,0.058127,0.147096
2016-04-30,0.005271,0.015325,0.016601,0.052438,0.034049,0.029463,0.066033,0.154409
2016-05-31,0.005091,0.000911,0.016490,0.035289,0.034774,0.048575,0.067479,0.150147
2016-06-30,0.005341,0.035610,0.017179,0.033070,0.036459,0.066689,0.073872,0.154631
2016-07-31,0.005628,-0.001219,0.016699,-0.021830,0.035097,0.048431,0.069005,0.136502
2016-08-31,0.005381,-0.001234,0.017151,0.012833,0.035685,0.088758,0.068093,0.138511
2016-09-30,0.005542,-0.019426,0.016389,0.032542,0.035060,0.089680,0.068436,0.161922
2016-10-31,0.005215,0.034175,0.015616,0.071829,0.033944,0.121370,0.066943,0.211232
2016-11-30,0.005130,0.018201,0.016130,0.074963,0.035045,0.096866,0.071973,0.204097
2016-12-31,0.004999,0.017884,0.015774,0.055337,0.034156,0.082445,0.072571,0.194200
2017-01-31,0.005325,0.037198,0.016093,0.046220,0.032865,0.084002,0.073119,0.239127
2017-02-28,0.005634,-0.000389,0.017615,0.020375,0.034645,0.045696,0.076702,0.148157
2017-03-31,0.005713,0.009091,0.019095,0.025686,0.036104,0.066297,0.078456,0.117725
2017-04-30,0.005718,0.011576,0.018391,0.036113,0.034415,0.080136,0.079625,0.110666
2017-05-31,0.005990,0.004814,0.018464,0.024815,0.034372,0.097761,0.077044,0.121681
2017-06-30,0.005542,0.019349,0.017647,0.039593,0.034550,0.103243,0.077666,0.121713
2017-07-31,0.005689,0.000546,0.018085,0.042489,0.037049,0.143104,0.079707,0.140060
2017-08-31,0.006066,0.019303,0.017813,0.071179,0.036887,0.097983,0.079707,0.173920
2017-09-30,0.005423,0.022188,0.018000,0.061226,0.035906,0.048231,0.079633,0.156635
2017-10-31,0.005597,0.028083,0.018317,0.096515,0.037424,0.028265,0.081048,0.052997
2017-11-30,0.005737,0.009832,0.018266,0.025023,0.037934,0.021790,0.082757,0.042526
2017-12-31,0.006786,0.056179,0.019955,-0.012246,0.040253,0.016741,0.084666,-0.062373
2018-01-31,0.007016,-0.038947,0.020725,-0.062242,0.040943,-0.002663,0.087202,-0.042393
2018-02-28,0.007470,-0.026884,0.023330,-0.003154,0.045291,0.069161,0.091844,0.026037
2018-03-31,0.006187,0.002719,0.019414,0.029346,0.039069,0.103417,0.086372,0.073283
2018-04-30,0.005845,0.021608,0.018719,0.063534,0.036799,0.024052,0.081680,0.112453
2018-05-31,0.005868,0.004842,0.017354,0.072544,0.036660,0.020294,0.080960,0.017296
2018-06-30,0.005715,0.036022,0.017863,0.071959,0.037919,-0.077811,0.082022,0.082178
2018-07-31,0.006206,0.030263,0.019078,-0.037123,0.036930,-0.039836,0.080722,0.058265
2018-08-31,0.006372,0.004294,0.019536,-0.048716,0.038669,-0.040334,0.082608,0.008595
2018-09-30,0.006511,-0.069403,0.021764,-0.139716,0.039090,-0.027310,0.084182,0.021538
2018-10-31,0.006287,0.017859,0.020810,-0.002817,0.039205,0.086325,0.084179,0.120152
2018-11-30,0.005059,-0.091777,0.016890,0.008811,0.034387,-0.002938,0.074220,0.137966
2018-12-31,0.005359,0.078684,0.017486,0.130662,0.034193,0.173489,0.071061,0.288781
2019-01-31,0.004410,0.029729,0.013809,0.089394,0.025220,0.102171,0.053776,0.192826
2019-02-28,0.004088,0.017924,0.012557,-0.011647,0.024065,0.050986,0.048381,0.060956
2019-03-31,0.005367,0.039313,0.014775,0.037878,0.026942,0.050219,0.052324,-0.088135
2019-04-30,0.004906,-0.065778,0.014298,0.011728,0.025992,0.031139,0.051393,-0.011338
2019-05-31,0.005074,0.068930,0.015588,0.063371,0.029029,0.141320,0.056005,0.106193
2019-06-30,0.004640,0.013128,0.014305,0.011891,0.025950,0.098247,0.048508,0.053890
2019-07-31,0.005925,-0.018092,0.016363,0.019186,0.027929,0.082251,0.051969,0.097551
2019-08-31,0.006774,0.017181,0.017956,0.073304,0.030302,0.009486,0.055442,0.196090
2019-09-30,0.006197,0.020432,0.016381,0.085342,0.026683,-0.131738,0.052229,0.129759
2019-10-31,0.006545,0.034047,0.017964,0.061879,0.029963,-0.041194,0.059931,0.076509
2019-11-30,0.006186,0.028590,0.018249,-0.059459,0.031140,-0.030777,0.056440,0.153025
2019-12-31,0.006519,-0.001628,0.018796,-0.200011,0.035027,-0.040390,0.063447,0.162589
2020-01-31,0.006236,-0.084110,0.018968,-0.097067,0.038199,0.014137,0.071799,0.151517
2020-02-29,0.006365,-0.125119,0.018618,0.030495,0.035182,0.184851,0.069988,0.290070
2020-03-31,0.004899,0.126844,0.016351,0.199529,0.030552,0.301173,0.054314,0.537145
2020-04-30,0.005684,0.045282,0.013803,0.123158,0.024753,0.122760,0.048206,0.435629
2020-05-31,0.009399,0.018388,0.027657,0.149788,0.052634,0.189639,0.081521,0.380973
2020-06-30,0.009788,0.055101,0.028376,0.084737,0.050110,0.211522,0.078622,0.386161
2020-07-31,0.009927,0.070065,0.029011,-0.000355,0.050303,0.135464,0.086030,0.343656
2020-08-31,0.010161,-0.039228,0.029031,0.034660,0.050307,0.088804,0.088907,0.292080
2020-09-30,0.009141,-0.027666,0.026887,0.116881,0.049999,0.181353,0.086574,0.280862
2020-10-31,0.008584,0.107546,0.026852,0.135867,0.048833,0.278661,0.085914,0.408390
2020-11-30,0.007543,0.037121,0.025537,0.052330,0.045958,0.160834,0.080283,0.261034
2020-12-31,0.007967,-0.011137,0.025491,0.057725,0.045683,0.144148,0.077876,0.268927
2021-01-31,0.008251,0.026091,0.025994,0.125713,0.048359,0.183354,0.083124,0.215740
2021-02-28,0.008321,0.042439,0.025647,0.103108,0.047483,0.186697,0.080377,0.147669
2021-03-31,0.008958,0.052425,0.027624,0.081706,0.049152,0.084233,0.080220,0.140331
2021-04-30,0.008627,0.005486,0.024452,0.051203,0.048691,0.101457,0.075833,-0.011777
2021-05-31,0.005715,0.022214,0.016426,0.075776,0.032578,0.086318,0.060565,-0.017117
2021-06-30,0.005351,0.022748,0.016240,0.002336,0.032623,0.109059,0.063982,-0.119167
2021-07-31,0.006663,0.028990,0.017337,0.047806,0.036941,0.027368,0.067967,-0.060285
2021-08-31,0.006660,-0.047569,0.017939,0.009799,0.037662,-0.032888,0.069701,-0.125519
2021-09-30,0.007058,0.069144,0.019884,0.106474,0.040453,0.051740,0.076510,-0.167594
2021-10-31,0.006383,-0.008334,0.018680,-0.019505,0.036909,-0.102804,0.073895,-0.159249
2021-11-30,0.007394,0.043613,0.020237,-0.042273,0.042381,-0.095216,0.078501,-0.106610
2021-12-31,0.006965,-0.052585,0.019447,-0.049467,0.039048,-0.205783,0.081344,-0.194428
2022-01-31,0.006308,-0.031360,0.020030,-0.084955,0.040203,-0.085318,0.080233,-0.097208
2022-02-28,0.005727,0.035773,0.019258,-0.055280,0.036777,-0.095781,0.077773,-0.092317
2022-03-31,0.004994,-0.087957,0.015755,-0.164451,0.031057,-0.208544,0.070999,-0.092950
2022-04-30,0.004946,0.000053,0.016547,-0.000397,0.032493,-0.062913,0.072161,0.009088
2022-05-31,0.003842,-0.083920,0.015573,-0.042871,0.031890,-0.012594,0.075545,0.011539
2022-06-30,0.003830,0.091116,0.013362,-0.052771,0.025825,0.014297,0.070059,0.175676
2022-07-31,0.004881,-0.042440,0.013903,-0.062540,0.027846,-0.012999,0.070471,0.111050
2022-08-31,0.004176,-0.093396,0.012048,0.031633,0.021157,0.003831,0.054829,0.139737
2022-09-30,0.002714,0.079863,0.013476,0.070805,0.025319,0.146053,0.056649,0.195902
2022-10-31,0.003268,0.053753,0.012046,0.052846,0.026701,0.076834,0.055740,0.083115
2022-11-30,0.002888,-0.058971,0.014132,-0.026950,0.029546,0.024441,0.056264,0.119529
2022-12-31,0.003205,0.061753,0.022818,0.070272,0.036497,0.159104,0.056538,0.242305
2023-01-31,0.006613,-0.026112,0.024956,0.022784,0.037264,0.125683,0.062078,0.188650
2023-02-28,0.008061,0.035052,0.027050,0.052814,0.041597,0.135388,0.064447,0.283647
2023-03-31,0.007790,0.014642,0.026518,0.082999,0.041166,0.043496,0.062158,0.278645
2023-04-30,0.004601,0.002482,0.013562,0.100607,0.019006,0.005833,0.043673,0.207750
2023-05-31,0.004900,0.064727,0.014507,0.078431,0.026560,0.092819,0.044334,0.262613
2023-06-30,0.004840,0.031139,0.017136,-0.036476,0.031040,0.071780,0.048596,0.226969
2023-07-31,0.005471,-0.017716,0.023299,-0.086111,0.036943,0.055936,0.047700,0.203388
2023-08-31,0.004834,-0.048719,0.027028,0.013342,0.044022,0.130580,0.056163,0.253067
2023-09-30,0.005145,-0.021980,0.024860,0.112354,0.042507,0.225347,0.057063,0.343846
2023-10-31,0.004847,0.089179,0.019091,0.155432,0.039149,0.200746,0.054708,0.360449
2023-11-30,0.005646,0.044229,0.015573,0.115695,0.030805,0.155372,0.054590,0.320631
2023-12-31,0.005399,0.015896,0.019464,0.101580,0.038567,0.144795,0.059040,0.233090
2024-01-31,0.005165,0.051721,0.021298,0.039219,0.041311,0.139641,0.060126,0.246588
2024-02-29,0.005317,0.031019,0.022612,0.035563,0.044667,0.108340,0.066055,0.168404
2024-03-31,0.005327,-0.041615,0.025210,0.039230,0.049749,0.096707,0.075022,0.068039
2024-04-30,0.005563,0.048021,0.027280,0.096632,0.054289,0.133003,0.080132,0.105918
2024-05-31,0.004410,0.034670,0.030194,0.070277,0.059536,0.143035,0.087459,0.120167
2024-06-30,0.004714,0.011321,0.029360,0.055306,0.059696,0.077127,0.086357,0.136338
2024-07-31,0.005738,0.022835,0.024665,0.033166,0.047085,0.093843,0.092342,0.147962
2024-08-31,0.005538,0.020197,0.021290,0.067980,0.044466,0.054192,0.088930,0.143733
2024-09-30,0.005007,-0.009897,0.018173,0.020677,0.041055,-0.026140,0.084731,0.160691
2024-10-31,0.005657,0.057301,0.017798,0.058730,0.039487,-0.023905,0.085576,0.198889
2024-11-30,0.006219,-0.024990,0.019291,-0.012910,0.042337,-0.020007,0.091748,0.135388
2024-12-31,0.006098,0.027016,0.019500,-0.045868,0.043548,0.054971,0.091957,0.163878
2025-01-31,0.006492,-0.014242,0.021058,-0.078051,0.047487,0.049476,0.088978,0.148745
2025-02-28,0.006716,-0.057545,0.020584,-0.007190,0.042132,0.084937,0.083991,0.155241
2025-03-31,0.005619,-0.007625,0.017241,0.105687,0.037133,0.191846,0.076606,0.163345
2025-04-30,0.005921,0.061524,0.017634,0.138323,0.032747,0.228250,0.072671,0.294475
2025-05-31,0.006566,0.049607,0.017752,0.092794,0.034589,0.158567,0.069504,0.282215
2025-06-30,0.004821,0.021667,0.015123,0.077923,0.032281,0.103232,0.072022,0.197666
2025-07-31,0.005382,0.019066,0.016745,0.079000,0.035007,0.094589,0.076133,
2025-08-31,0.006216,0.035324,0.018208,0.060188,0.036869,0.064799,0.076566,
2025-09-30,0.006111,0.022687,0.018959,0.023479,0.037806,-0.023913,0.078885,
2025-10-31,0.006330,0.001300,0.020245,0.014448,0.040115,0.053918,0.083123,
2025-11-30,0.006632,-0.000524,0.020691,0.004349,0.043810,0.106725,0.087866,
2025-12-31,0.006463,0.013663,0.018811,-0.046305,0.040903,0.085598,0.082416,
2026-01-31,0.006675,-0.008668,0.020757,0.038907,0.047134,,0.091095,
2026-02-28,0.007227,-0.050933,0.020979,0.101932,0.047118,,0.093112,
2026-03-31,0.005501,0.104233,0.018540,0.138307,0.040977,,0.080164,
2026-04-30,0.005789,0.051470,0.018949,,0.036659,,0.074000,
2026-05-31,0.006500,-0.019604,0.020893,,0.044529,,0.085387,
2026-06-30,0.006822,,0.022112,,0.046678,,0.090889,
