date,mean,enet,knn,rf,mlp,realized
1960-01-31,0.071604,0.031709,0.035112,0.025896,0.267018,0.110951
1960-02-29,0.071436,0.033073,0.040774,0.008705,0.146306,0.130435
1960-03-31,0.071228,0.037078,0.026579,0.017719,0.045214,0.175641
1960-04-30,0.070867,0.038167,0.024556,0.021036,0.010576,0.201214
1960-05-31,0.070528,0.037395,0.027498,0.012806,0.013416,0.192190
1960-06-30,0.070254,0.038329,0.043665,0.014143,0.040799,0.135629
1960-07-31,0.069823,0.034748,0.080656,0.033695,-0.015815,0.202666
1960-08-31,0.069503,0.037075,0.139616,0.071650,0.080258,0.195049
1960-09-30,0.069143,0.035991,0.167393,0.088812,0.125478,0.246824
1960-10-31,0.068749,0.038204,0.135815,0.078150,0.196644,0.285259
1960-11-30,0.068427,0.040743,0.182254,0.089421,0.160605,0.284120
1960-12-31,0.068154,0.037686,0.186521,0.084724,0.137601,0.231286
1961-01-31,0.068272,0.035449,0.111341,0.120835,0.080779,0.114276
1961-02-28,0.068272,0.030967,0.103001,0.116026,0.125254,0.102774
1961-03-31,0.068740,0.027525,0.112054,0.099662,0.193196,0.069013
1961-04-30,0.069103,0.026424,0.135481,0.104793,0.118808,-0.001072
1961-05-31,0.069441,0.024310,0.137449,0.114613,0.113494,-0.104117
1961-06-30,0.069622,0.023494,0.140598,0.114357,0.109136,-0.153001
1961-07-31,0.069984,0.048086,0.115062,0.084074,0.065963,-0.127771
1961-08-31,0.070324,0.048441,0.063213,0.055049,0.099207,-0.131482
1961-09-30,0.070802,0.046964,0.060410,0.056240,0.062996,-0.156751
1961-10-31,0.071382,0.049093,0.065969,0.055374,0.069613,-0.176333
1961-11-30,0.071955,0.048700,0.064412,0.036835,-0.014095,-0.127033
1961-12-31,0.072384,0.047111,0.086736,0.030741,-0.015898,-0.118099
1962-01-31,0.072496,0.048201,0.052835,0.022456,-0.001879,-0.038350
1962-02-28,0.072577,0.049597,0.032556,0.020008,-0.034312,-0.081046
1962-03-31,0.072567,0.049165,0.039189,0.026002,-0.034050,-0.042847
1962-04-30,0.072371,0.049359,0.042651,0.025201,-0.051751,0.069896
1962-05-31,0.071903,0.050720,0.052347,0.022342,-0.090269,0.187322
1962-06-30,0.071308,0.053775,0.084661,-0.036455,-0.114902,0.267032
1962-07-31,0.070783,0.057787,0.156856,0.033357,-0.070508,0.187189
1962-08-31,0.070251,0.056954,0.126583,0.027185,-0.061434,0.226319
1962-09-30,0.069655,0.055860,0.150990,0.021003,-0.022955,0.274214
1962-10-31,0.069011,0.054901,0.154415,0.025717,-0.028233,0.309448
1962-11-30,0.068499,0.056436,0.156856,0.032566,-0.014936,0.176197
1962-12-31,0.068013,0.053582,0.102327,0.022156,-0.022578,0.188906
1963-01-31,0.067737,0.033927,0.057861,0.011052,-0.059586,0.163746
1963-02-28,0.067352,0.031053,0.010986,-0.006027,-0.057462,0.210142
1963-03-31,0.067067,0.030197,0.025684,-0.039580,-0.066938,0.186420
1963-04-30,0.067074,0.030880,0.031627,-0.033428,-0.064613,0.138395
1963-05-31,0.067383,0.027515,0.001395,-0.060463,-0.076296,0.135169
1963-06-30,0.067895,0.026202,0.009191,-0.053133,-0.065041,0.177598
1963-07-31,0.068200,0.048356,0.027504,-0.058320,-0.024320,0.203240
1963-08-31,0.068604,0.049120,0.029054,-0.058210,-0.011441,0.128690
1963-09-30,0.069127,0.048197,-0.002502,-0.055490,-0.003059,0.174059
1963-10-31,0.069737,0.049135,-0.014513,-0.021372,-0.001208,0.146602
1963-11-30,0.070006,0.049252,-0.009038,-0.026100,0.019317,0.152806
1963-12-31,0.070306,0.049546,-0.000248,-0.019112,0.023880,0.129699
1964-01-31,0.070542,0.050034,0.000264,-0.021362,0.027498,0.136552
1964-02-29,0.070893,0.049077,0.000145,-0.022437,0.021563,0.123779
1964-03-31,0.071182,0.048755,0.012429,-0.020962,0.010278,0.090909
1964-04-30,0.071350,0.049387,0.010636,-0.020109,0.015768,0.121445
1964-05-31,0.071509,0.049011,0.015379,-0.019739,0.010274,0.100162
1964-06-30,0.071773,0.048791,0.022613,-0.019226,0.011709,0.029747
1964-07-31,0.072099,0.050321,0.017403,0.002805,0.068542,0.024886
1964-08-31,0.072240,0.049354,0.022018,0.002034,0.049955,0.065257
1964-09-30,0.072491,0.049819,0.032929,0.002875,0.059935,0.068662
1964-10-31,0.072673,0.050423,0.027517,0.004135,0.063155,0.089088
1964-11-30,0.072870,0.049991,0.030585,0.003109,0.064259,0.085169
1964-12-31,0.073010,0.049974,0.046689,0.004658,0.062926,0.090619
1965-01-31,0.073165,0.073165,0.064772,0.029244,0.051526,0.060758
1965-02-28,0.073165,0.073165,0.055831,0.029589,0.032764,0.043349
1965-03-31,0.073331,0.073165,0.066893,0.029102,0.064689,0.035631
1965-04-30,0.073448,0.073448,0.072621,0.030343,0.028343,0.021883
1965-05-31,0.073513,0.073448,0.070403,0.023197,0.038030,-0.025899
1965-06-30,0.073407,0.073448,0.063038,0.012660,0.030545,0.007370
1965-07-31,0.073290,0.073290,0.063492,0.020867,-0.016885,-0.019355
1965-08-31,0.073271,0.073290,0.076477,0.032685,-0.014367,-0.115521
1965-09-30,0.073260,0.073290,0.073038,0.027189,-0.022245,-0.148955
1965-10-31,0.073298,0.073298,0.042891,0.009065,-0.011109,-0.132222
1965-11-30,0.073326,0.073298,0.046442,0.001829,-0.009411,-0.121821
1965-12-31,0.073367,0.073298,0.055304,0.024695,0.042020,-0.130910
1966-01-31,0.073337,0.073337,0.042391,0.032181,0.091398,-0.067506
1966-02-28,0.073266,0.073337,0.042208,0.039330,0.133093,-0.048674
1966-03-31,0.073177,0.073337,0.041000,0.030398,0.119167,0.010871
1966-04-30,0.073056,0.073056,0.059293,0.043912,0.108789,0.032396
1966-05-31,0.072823,0.073056,0.048013,0.045727,0.126967,0.034251
1966-06-30,0.072670,0.073056,0.057166,0.072022,0.123867,0.069625
1966-07-31,0.072454,0.072454,0.055803,0.054533,0.066242,0.133373
1966-08-31,0.072015,0.072454,0.050895,0.065034,0.124695,0.214527
1966-09-30,0.071500,0.072454,0.055816,0.093821,0.144492,0.263192
1966-10-31,0.071026,0.057042,0.074459,0.104553,0.152190,0.163342
1966-11-30,0.070579,0.057668,0.073320,0.109868,0.204175,0.168428
1966-12-31,0.070112,0.056064,0.045045,0.103739,0.226068,0.200921
1967-01-31,0.069794,0.054967,0.106328,0.096033,0.082899,0.065004
1967-02-28,0.069522,0.053810,0.094636,0.087804,0.123361,0.029730
1967-03-31,0.069387,0.052811,0.097854,0.123590,0.147407,0.000000
1967-04-30,0.069302,0.052016,0.080900,0.070500,0.175626,0.036698
1967-05-31,0.069222,0.051670,0.092631,0.057885,0.204276,0.107768
1967-06-30,0.069223,0.051302,0.100891,0.052710,0.190284,0.098632
1967-07-31,0.069369,0.052183,0.090939,0.038338,0.232793,0.031557
1967-08-31,0.069699,0.051829,0.084292,0.060046,0.303733,0.055745
1967-09-30,0.070137,0.051517,0.092631,0.061907,0.210087,0.061628
1967-10-31,0.070348,0.052507,0.065739,0.049838,0.352957,0.108360
1967-11-30,0.070570,0.052709,0.069803,0.062539,0.373924,0.152872
1967-12-31,0.070863,0.053833,0.079739,0.065764,0.360157,0.076604
1968-01-31,0.070850,0.053831,0.060438,0.073788,0.346451,0.116761
1968-02-29,0.070758,0.054165,0.049651,0.071745,0.290980,0.098142
1968-03-31,0.070600,0.055776,0.071728,0.102090,0.262562,0.125388
1968-04-30,0.070524,0.056392,0.053334,0.114025,0.268757,0.063924
1968-05-31,0.070607,0.054337,0.054306,0.064264,0.355059,0.048439
1968-06-30,0.070669,0.053840,0.055502,0.066453,0.400753,-0.018779
1968-07-31,0.070582,0.053611,0.068153,0.062265,0.319835,-0.060467
1968-08-31,0.070550,0.053949,0.060158,0.065609,0.232511,-0.033886
1968-09-30,0.070530,0.054813,0.074821,0.079573,0.178952,-0.093016
1968-10-31,0.070613,0.054300,0.057881,0.069657,0.220292,-0.060826
1968-11-30,0.070794,0.053864,0.055689,0.066574,0.202690,-0.134355
1968-12-31,0.070807,0.053614,0.045824,0.063675,0.262685,-0.113615
1969-01-31,0.070907,0.054036,0.059656,0.063983,0.402421,-0.174643
1969-02-28,0.070907,0.055494,0.081236,0.086716,0.346158,-0.087945
1969-03-31,0.071085,0.055924,0.084790,0.094739,0.319446,-0.117033
1969-04-30,0.071070,0.057298,0.097102,0.094124,0.307480,-0.213810
1969-05-31,0.071021,0.056951,0.107423,0.094950,0.298475,-0.260100
1969-06-30,0.070826,0.056149,0.082332,0.092155,0.360542,-0.255757
1969-07-31,0.070543,0.057682,0.083340,0.108962,0.189503,-0.150060
1969-08-31,0.070318,0.059449,0.084180,0.141791,0.175709,-0.146477
1969-09-30,0.069966,0.059911,0.072427,0.137798,0.152100,-0.094716
1969-10-31,0.069686,0.059218,0.061295,0.139192,0.257755,-0.142813
1969-11-30,0.069249,0.059124,0.076521,0.144287,0.222480,-0.070462
1969-12-31,0.068858,0.059145,0.072123,0.139298,0.224058,0.000978
1970-01-31,0.068339,0.060078,0.068504,0.137872,0.196156,0.127735
1970-02-28,0.068006,0.060582,0.068371,0.149204,0.255723,0.081006
1970-03-31,0.067613,0.062203,0.093578,0.138243,0.225160,0.119157
1970-04-30,0.067017,0.060585,0.091557,0.152427,0.268216,0.275147
1970-05-31,0.066326,0.062175,0.066859,0.146986,0.286996,0.301502
1970-06-30,0.065646,0.067565,0.117603,0.157762,0.369135,0.357261
1970-07-31,0.065192,0.066436,0.093918,0.164415,0.077260,0.224600
1970-08-31,0.064747,0.066682,0.071318,0.155516,0.079272,0.214794
1970-09-30,0.064413,0.065453,0.062759,0.146082,0.076731,0.166548
1970-10-31,0.063980,0.062042,0.140261,0.152186,0.075188,0.131892
1970-11-30,0.063699,0.061410,0.082149,0.119787,0.072754,0.077867
1970-12-31,0.063568,0.061732,0.222385,0.192380,0.075689,0.107868
1971-01-31,0.063702,0.059030,0.270704,0.171729,0.038989,0.084063
1971-02-28,0.063737,0.057594,0.272952,0.164547,0.017298,0.101499
1971-03-31,0.063852,0.056290,0.263982,0.178396,0.056395,0.068687
1971-04-30,0.064289,0.056133,0.264290,0.171309,0.033266,0.035786
1971-05-31,0.064778,0.055067,0.255563,0.160642,0.013874,0.099368
1971-06-30,0.065380,0.055796,0.261120,0.167571,0.030898,0.085512
1971-07-31,0.065707,0.058235,0.249791,0.165683,0.059095,0.123561
1971-08-31,0.066012,0.058664,0.177253,0.176201,0.056245,0.121781
1971-09-30,0.066218,0.059511,0.227697,0.175071,0.041428,0.124161
1971-10-31,0.066352,0.059372,0.229135,0.174993,0.032069,0.184124
1971-11-30,0.066375,0.060359,0.215086,0.162486,0.041741,0.241302
1971-12-31,0.066460,0.062325,0.168192,0.152494,0.060888,0.156333
1972-01-31,0.066495,0.060106,0.178150,0.148321,0.018036,0.116317
1972-02-29,0.066566,0.058634,0.098590,0.109513,0.049621,0.047950
1972-03-31,0.066570,0.058207,0.113091,0.122145,0.049687,0.040299
1972-04-30,0.066508,0.057561,0.104149,0.072229,0.033771,-0.006501
1972-05-31,0.066574,0.057342,0.146889,0.069369,0.039445,-0.041815
1972-06-30,0.066612,0.057852,0.165621,0.161399,0.031615,-0.026881
1972-07-31,0.066727,0.058175,0.193662,0.152917,0.012151,0.007729
1972-08-31,0.066837,0.058679,0.201499,0.147836,0.009156,-0.061572
1972-09-30,0.066951,0.057564,0.165229,0.072677,0.016792,-0.019177
1972-10-31,0.067185,0.058735,0.089876,0.076102,0.008869,-0.029486
1972-11-30,0.067531,0.058902,0.085378,0.083965,0.007307,-0.177509
1972-12-31,0.067707,0.057302,0.032335,0.055079,-0.003421,-0.173655
1973-01-31,0.067803,0.057386,0.021785,0.048359,0.034386,-0.167715
1973-02-28,0.067803,0.057264,0.023211,0.046909,0.039686,-0.138431
1973-03-31,0.067710,0.058832,0.054166,0.086056,0.056715,-0.157281
1973-04-30,0.067564,0.059617,0.048317,0.087865,0.072298,-0.155745
1973-05-31,0.067349,0.060649,0.059164,0.094174,0.083054,-0.168366
1973-06-30,0.067164,0.062084,0.089549,0.106726,0.080062,-0.175139
1973-07-31,0.067048,0.062867,0.072056,0.099755,0.022241,-0.267141
1973-08-31,0.066797,0.062661,0.054697,0.090316,-0.002369,-0.307914
1973-09-30,0.066629,0.064268,0.043359,0.103153,-0.035199,-0.414000
1973-10-31,0.066442,0.063175,0.035924,0.095530,-0.043668,-0.317573
1973-11-30,0.065968,0.062037,0.031435,0.096025,-0.010265,-0.270842
1973-12-31,0.065504,0.065499,0.054037,0.111615,-0.012810,-0.297181
1974-01-31,0.065053,0.070724,0.080354,0.113897,0.075987,-0.202858
1974-02-28,0.064660,0.070464,0.060638,0.119270,0.070685,-0.152047
1974-03-31,0.064232,0.074611,0.039991,0.127108,0.083103,-0.113003
1974-04-30,0.063809,0.070899,0.041136,0.126767,0.069781,-0.033330
1974-05-31,0.063364,0.076689,0.054319,0.132965,0.098836,0.044340
1974-06-30,0.062907,0.081380,0.050060,0.141163,0.123869,0.106860
1974-07-31,0.062276,0.080928,0.045375,0.152195,0.103692,0.119027
1974-08-31,0.061569,0.096373,0.049158,0.165914,0.224673,0.204158
1974-09-30,0.060663,0.103502,0.033860,0.191263,0.234275,0.319956
1974-10-31,0.059944,0.118565,0.089516,0.209378,0.422692,0.204871
1974-11-30,0.059317,0.117474,0.084829,0.179402,0.374373,0.303987
1974-12-31,0.058641,0.114133,0.087779,0.208164,0.468679,0.315490
1975-01-31,0.058147,0.123852,0.128138,0.184631,0.652625,0.310210
1975-02-28,0.057750,0.112878,0.187471,0.193303,0.664566,0.222086
1975-03-31,0.057429,0.100473,0.170280,0.187951,0.609519,0.232845
1975-04-30,0.057258,0.094320,0.165370,0.183628,0.664158,0.164261
1975-05-31,0.057234,0.093465,0.169370,0.195381,0.663954,0.099067
1975-06-30,0.057327,0.086683,0.145662,0.191958,0.638101,0.095493
1975-07-31,0.057442,0.084692,0.113644,0.176159,0.663546,0.165521
1975-08-31,0.057716,0.085854,0.122535,0.139457,0.663342,0.184507
1975-09-30,0.058204,0.095337,0.113601,0.144265,0.663138,0.254799
1975-10-31,0.058477,0.098187,0.108573,0.167349,0.662934,0.155660
1975-11-30,0.058932,0.093083,0.104997,0.180499,0.442191,0.119027
1975-12-31,0.059408,0.091798,0.090207,0.211284,0.325836,0.191485
1976-01-31,0.059871,0.152389,0.102805,0.200917,0.099005,0.011600
1976-02-29,0.060170,0.124992,0.061493,0.178860,0.084869,0.001103
1976-03-31,0.060488,0.114591,0.054139,0.175341,0.075980,-0.042328
1976-04-30,0.060679,0.113428,0.065175,0.223959,0.068198,-0.031484
1976-05-31,0.060750,0.112012,0.083715,0.220024,0.075032,-0.040527
1976-06-30,0.060813,0.115915,0.059915,0.165683,0.073197,-0.036440
1976-07-31,0.061005,0.115331,0.040993,0.130658,0.065963,-0.044374
1976-08-31,0.061230,0.110079,0.073409,0.195036,0.090057,-0.059664
1976-09-30,0.061583,0.113983,0.075338,0.182187,0.099698,-0.082763
1976-10-31,0.061754,0.109128,0.090998,0.172056,0.093173,-0.102624
1976-11-30,0.061858,0.120582,0.080695,0.181245,0.106703,-0.071205
1976-12-31,0.062093,0.123113,0.123500,0.163682,0.131681,-0.115020
1977-01-31,0.062001,0.113712,0.125932,0.166016,0.134244,-0.125257
1977-02-28,0.062001,0.117703,0.092444,0.194646,0.107895,-0.128030
1977-03-31,0.061703,0.128844,0.071966,0.199531,0.110327,-0.093579
1977-04-30,0.061536,0.131016,0.058013,0.166616,0.109322,-0.016355
1977-05-31,0.061353,0.138411,0.063398,0.164374,0.111004,0.011652
1977-06-30,0.061177,0.140985,0.067820,0.168256,0.148464,-0.049264
1977-07-31,0.060989,0.140310,0.067437,0.144336,0.128187,0.018513
1977-08-31,0.060773,0.139197,0.061742,0.143168,0.104401,0.067376
1977-09-30,0.060517,0.148252,0.069283,0.131251,0.094089,0.062260
1977-10-31,0.060227,0.153085,0.024175,0.101278,0.078328,0.008772
1977-11-30,0.059994,0.163082,0.008667,0.112710,0.083457,-0.001371
1977-12-31,0.059683,0.163095,-0.006632,0.111375,0.073014,0.010620
1978-01-31,0.059356,0.092604,-0.014276,0.114782,0.083094,0.119664
1978-02-28,0.059025,0.097624,-0.007589,0.119534,0.089138,0.106158
1978-03-31,0.058756,0.100036,0.006247,0.120118,0.106389,0.138774
1978-04-30,0.058623,0.108595,0.010213,0.117480,0.112637,0.050914
1978-05-31,0.058541,0.103966,-0.011114,0.103633,0.099640,0.018922
1978-06-30,0.058352,0.098837,-0.019081,0.095653,0.091846,0.077253
1978-07-31,0.058282,0.099211,-0.010572,0.100747,0.063643,0.031089
1978-08-31,0.058298,0.100895,-0.019069,0.093790,0.073969,0.058379
1978-09-30,0.058305,0.093160,-0.060605,0.062312,0.046037,0.066121
1978-10-31,0.058219,0.093720,-0.089676,0.062174,0.044035,0.093076
1978-11-30,0.058115,0.098947,-0.036640,0.094901,0.071939,0.121014
1978-12-31,0.058032,0.107576,-0.003288,0.088949,0.082473,0.123088
1979-01-31,0.058139,0.105601,-0.000515,0.077470,0.132273,0.142400
1979-02-28,0.058222,0.102060,-0.031300,0.074820,0.057311,0.180515
1979-03-31,0.058361,0.105723,-0.012397,0.078417,0.140843,0.004922
1979-04-30,0.058349,0.104196,-0.037595,0.075258,0.112325,0.044516
1979-05-31,0.058281,0.103301,-0.026138,0.084834,0.155352,0.122729
1979-06-30,0.058313,0.108317,-0.004624,0.081316,0.031514,0.110096
1979-07-31,0.058267,0.106601,-0.010346,0.093694,-0.014826,0.172045
1979-08-31,0.058267,0.106999,-0.017136,0.091528,0.015476,0.119466
1979-09-30,0.058280,0.102622,-0.019632,0.121444,0.130077,0.147640
1979-10-31,0.058340,0.102405,-0.009984,0.111564,0.151407,0.251915
1979-11-30,0.058446,0.108770,0.008601,0.117176,0.365948,0.323662
1979-12-31,0.058556,0.111347,0.001620,0.113786,0.223401,0.257736
1980-01-31,0.058699,0.107539,0.004383,0.115225,0.258374,0.134811
1980-02-29,0.058905,0.105956,0.008710,0.136930,0.463522,0.154936
1980-03-31,0.058814,0.103012,0.041791,0.138852,0.598688,0.332158
1980-04-30,0.058790,0.117652,0.019404,0.165237,0.645973,0.249506
1980-05-31,0.058897,0.121941,0.035139,0.198899,0.209502,0.191927
1980-06-30,0.058984,0.117247,0.133496,0.199423,0.113375,0.148547
1980-07-31,0.059174,0.110180,0.153383,0.207034,0.214500,0.076025
1980-08-31,0.059275,0.104635,0.124699,0.198624,0.038764,0.003350
1980-09-30,0.059423,0.101951,0.108767,0.184997,0.063969,-0.073968
1980-10-31,0.059745,0.100369,0.103420,0.169102,0.075405,-0.043775
1980-11-30,0.060185,0.098244,0.080279,0.162411,0.069247,-0.100840
1980-12-31,0.060515,0.094539,0.036099,0.140060,0.148431,-0.097304
1981-01-31,0.060638,0.098339,0.030923,0.151489,0.391342,-0.070629
1981-02-28,0.060638,0.100029,0.037771,0.163465,0.298203,-0.138341
1981-03-31,0.061245,0.105944,0.050054,0.193056,0.223952,-0.176765
1981-04-30,0.061557,0.172871,0.031482,0.166216,0.118525,-0.123259
1981-05-31,0.061772,0.168543,0.065541,0.137779,0.386948,-0.156196
1981-06-30,0.061915,0.176549,0.044502,0.127390,0.382171,-0.164622
1981-07-31,0.061939,0.106869,0.092190,0.121589,0.029793,-0.182020
1981-08-31,0.061842,0.111651,0.092226,0.118978,0.118184,-0.026712
1981-09-30,0.061619,0.112360,0.098000,0.125549,0.256914,0.036495
1981-10-31,0.061446,0.124903,0.121034,0.144062,0.265656,0.097055
1981-11-30,0.061181,0.123627,0.123304,0.178323,0.037656,0.096399
1981-12-31,0.060922,0.120680,0.117043,0.216914,0.093883,0.147613
1982-01-31,0.060707,0.090242,0.111807,0.198358,0.102468,0.206811
1982-02-28,0.060383,0.094448,0.123089,0.188533,0.088504,0.308991
1982-03-31,0.059997,0.096585,0.114787,0.201223,0.106679,0.366202
1982-04-30,0.059700,0.097281,0.114279,0.201764,0.214219,0.412144
1982-05-31,0.059350,0.093994,0.116520,0.206417,0.135367,0.451466
1982-06-30,0.058988,0.094678,0.123640,0.202760,0.193161,0.529422
1982-07-31,0.058598,0.098173,0.124924,0.173859,0.240569,0.517976
1982-08-31,0.058461,0.098807,0.147921,0.206039,0.335598,0.375617
1982-09-30,0.058425,0.098750,0.163620,0.217913,0.526703,0.379090
1982-10-31,0.058487,0.058487,0.175584,0.208467,0.550295,0.223078
1982-11-30,0.058548,0.058487,0.175144,0.200599,0.334284,0.201184
1982-12-31,0.058691,0.058487,0.117789,0.199384,0.191818,0.172710
1983-01-31,0.058928,0.058928,0.105362,0.189287,0.239478,0.124639
1983-02-28,0.059327,0.058928,0.072604,0.173409,0.206476,0.060786
1983-03-31,0.059817,0.058928,0.076244,0.151358,0.205982,0.040664
1983-04-30,0.060378,0.077308,0.073191,0.128638,0.179437,-0.026637
1983-05-31,0.061000,0.075583,0.083470,0.116078,0.161178,-0.072911
1983-06-30,0.061743,0.073733,0.053836,0.121352,0.119101,-0.086256
1983-07-31,0.062466,0.075107,0.082148,0.102826,0.161596,-0.073204
1983-08-31,0.062962,0.075033,0.039606,0.106327,0.075932,0.013869
1983-09-30,0.063461,0.076538,0.015942,0.096960,0.057432,0.000181
1983-10-31,0.063713,0.088086,-0.028967,0.066486,0.024510,0.015530
1983-11-30,0.063929,0.087895,-0.010707,0.070397,0.024699,-0.016947
1983-12-31,0.064100,0.089405,-0.019273,0.058383,0.014828,0.014006
1984-01-31,0.064195,0.089900,-0.005850,0.052713,0.033292,0.099260
1984-02-29,0.064190,0.089088,-0.013682,0.048715,0.005730,0.153572
1984-03-31,0.064153,0.095190,-0.016032,0.058195,0.013088,0.134942
1984-04-30,0.064011,0.094536,-0.005429,0.058780,0.029650,0.123586
1984-05-31,0.063798,0.094774,0.014018,0.065244,0.019380,0.259050
1984-06-30,0.063564,0.095614,0.023479,0.085505,-0.005014,0.252448
1984-07-31,0.063351,0.080633,0.024011,0.092873,0.009743,0.267224
1984-08-31,0.063275,0.081514,0.032861,0.077131,0.031526,0.131690
1984-09-30,0.063177,0.077128,-0.011137,0.031120,-0.004593,0.096207
1984-10-31,0.063103,0.076422,-0.012827,0.032805,-0.008239,0.142874
1984-11-30,0.062979,0.076911,-0.012698,0.033772,0.009972,0.235909
1984-12-31,0.062904,0.076397,-0.009583,0.053911,0.020023,0.263334
1985-01-31,0.062960,0.076660,-0.013020,0.048582,0.037184,0.178979
1985-02-28,0.062960,0.074599,0.003252,0.052519,0.022349,0.252456
1985-03-31,0.063209,0.072265,0.034760,0.058718,0.025174,0.322373
1985-04-30,0.063302,0.073075,0.014784,0.052545,0.009209,0.309681
1985-05-31,0.063602,0.072966,0.012879,0.052927,0.019549,0.304933
1985-06-30,0.063891,0.072027,0.034746,0.064012,0.044488,0.307480
1985-07-31,0.064201,0.072004,0.060532,0.067631,0.043094,0.236748
1985-08-31,0.064304,0.071228,0.073777,0.069299,0.023372,0.340879
1985-09-30,0.064352,0.072306,0.030949,0.072707,0.046202,0.270431
1985-10-31,0.064472,0.073657,0.031941,0.073070,0.053107,0.285323
1985-11-30,0.064732,0.073296,0.015319,0.073061,0.040949,0.232725
1985-12-31,0.065033,0.070747,0.040946,0.064901,0.018852,0.146204
1986-01-31,0.065205,0.069449,0.048850,0.064209,-0.003249,0.294173
1986-02-28,0.065488,0.069361,0.061010,0.060919,-0.000455,0.252424
1986-03-31,0.065876,0.067082,0.092877,0.073098,-0.063159,0.221013
1986-04-30,0.066243,0.065663,0.120226,0.061644,-0.101207,0.224355
1986-05-31,0.066602,0.064660,0.119023,0.051803,-0.058719,0.172832
1986-06-30,0.066963,0.064640,0.116638,0.042498,-0.021490,0.211928
1986-07-31,0.067218,0.064707,0.110386,0.089989,-0.019881,0.349568
1986-08-31,0.067628,0.065410,0.090257,0.079570,-0.002709,0.303918
1986-09-30,0.067931,0.064709,0.107498,0.084481,-0.017695,0.391276
1986-10-31,0.068255,0.064163,0.091181,0.078608,0.009341,0.032011
1986-11-30,0.068500,0.064487,0.102001,0.086935,0.004556,-0.075917
1986-12-31,0.068616,0.061091,0.100827,0.083317,-0.003900,0.020275
1987-01-31,0.068951,0.060152,0.092797,0.088594,0.045961,-0.062062
1987-02-28,0.069223,0.054504,0.112616,0.053877,0.029525,-0.057635
1987-03-31,0.069448,0.049100,0.067758,0.045455,0.002778,-0.112479
1987-04-30,0.069677,0.046442,0.026008,0.002285,-0.019419,-0.093737
1987-05-31,0.069830,0.047706,-0.006673,0.003525,-0.032584,-0.096312
1987-06-30,0.070039,0.047902,-0.031549,0.001973,0.000521,-0.100329
1987-07-31,0.070451,0.045241,-0.039666,0.005116,-0.008789,-0.146363
1987-08-31,0.070794,0.042897,-0.030077,-0.007582,-0.029848,-0.207035
1987-09-30,0.071265,0.038330,-0.022102,-0.041630,-0.036512,-0.155113
1987-10-31,0.071207,0.060938,-0.022960,-0.003238,-0.042281,0.107947
1987-11-30,0.070992,0.064833,0.009608,-0.071699,-0.059531,0.188450
1987-12-31,0.070918,0.069411,0.064551,0.035260,-0.056927,0.124008
1988-01-31,0.070724,0.069489,0.056214,0.006216,-0.009075,0.157156
1988-02-29,0.070537,0.068123,0.053471,-0.011025,0.002304,0.078560
1988-03-31,0.070270,0.067119,0.059693,-0.021836,0.003007,0.138978
1988-04-30,0.070032,0.065565,0.087022,-0.041924,0.012366,0.184862
1988-05-31,0.069790,0.066121,0.089302,-0.012418,0.020463,0.222612
1988-06-30,0.069544,0.067112,0.108390,-0.004888,0.031181,0.162633
1988-07-31,0.069231,0.064562,0.108184,-0.067436,0.016369,0.272259
1988-08-31,0.068832,0.064929,0.112157,-0.040702,0.021741,0.343874
1988-09-30,0.068509,0.065805,0.141822,-0.035154,0.036112,0.284065
1988-10-31,0.068566,0.064872,0.130248,0.008186,0.034076,0.220059
1988-11-30,0.068738,0.063829,0.046339,0.030840,0.028863,0.264121
1988-12-31,0.068818,0.064689,0.006655,0.051966,0.036994,0.272505
1989-01-31,0.068944,0.064474,-0.000744,0.026952,0.045663,0.106263
1989-02-28,0.068944,0.063600,0.000989,0.014308,0.052600,0.148965
1989-03-31,0.069058,0.062785,0.006588,0.025685,0.168549,0.152847
1989-04-30,0.069224,0.063435,0.007812,0.015919,0.163485,0.068337
1989-05-31,0.069443,0.062624,0.014646,0.015730,0.111580,0.127012
1989-06-30,0.069575,0.061635,0.025506,0.038139,0.090396,0.125920
1989-07-31,0.069864,0.061449,0.017747,0.023627,0.081488,0.029097
1989-08-31,0.070253,0.060790,0.059458,0.011465,0.021347,-0.082202
1989-09-30,0.070556,0.059591,0.043693,0.029765,0.129302,-0.123443
1989-10-31,0.070768,0.060556,0.034086,0.035063,0.051291,-0.106828
1989-11-30,0.071041,0.060674,0.044427,0.013085,0.046529,-0.068701
1989-12-31,0.071326,0.061331,0.059041,0.021255,0.024171,-0.065591
1990-01-31,0.071375,0.061294,0.053175,0.009814,0.032191,0.045126
1990-02-28,0.071484,0.062295,0.057023,0.032467,0.036140,0.105999
1990-03-31,0.071599,0.063256,0.057989,0.049042,0.035248,0.103783
1990-04-30,0.071594,0.062918,0.048240,0.050578,0.036446,0.134643
1990-05-31,0.071672,0.062953,0.049005,0.035550,0.040530,0.079174
1990-06-30,0.071748,0.061963,0.058058,0.002903,0.041357,0.036702
1990-07-31,0.071688,0.061410,0.036558,0.011223,0.036917,0.088895
1990-08-31,0.071473,0.061521,0.032327,0.015810,0.032758,0.225911
1990-09-30,0.071202,0.064272,0.078966,0.074108,0.040987,0.267309
1990-10-31,0.070954,0.065317,0.117209,0.082996,0.043288,0.290954
1990-11-30,0.070759,0.066386,0.129556,0.098827,0.047189,0.164484
1990-12-31,0.070570,0.065562,0.120769,0.054863,0.044993,0.263067
1991-01-31,0.070535,0.063807,0.142991,0.048567,0.030920,0.188556
1991-02-28,0.070584,0.064294,0.122305,0.045009,0.033659,0.124309
1991-03-31,0.070630,0.061055,0.080041,-0.022962,0.029950,0.075875
1991-04-30,0.070718,0.060539,0.065172,-0.017049,0.025989,0.105531
1991-05-31,0.070730,0.060017,0.054469,-0.021480,0.023933,0.065464
1991-06-30,0.070683,0.060200,0.080257,-0.000744,0.028765,0.099634
1991-07-31,0.070708,0.060273,0.104767,0.025753,0.048837,0.093860
1991-08-31,0.070921,0.060137,0.090890,0.016599,0.043077,0.047037
1991-09-30,0.071191,0.059527,0.044444,-0.001302,0.002110,0.077193
1991-10-31,0.071492,0.060611,0.041397,0.008013,-0.005293,0.066836
1991-11-30,0.071619,0.060623,0.051967,0.008107,-0.003778,0.149592
1991-12-31,0.071880,0.060712,0.076115,0.014349,0.000803,0.044643
1992-01-31,0.072040,0.061073,0.024807,0.008045,0.029975,0.073389
1992-02-29,0.072111,0.059257,0.015926,0.048178,0.033023,0.074340
1992-03-31,0.072116,0.059501,0.009060,0.035888,0.028287,0.118854
1992-04-30,0.072161,0.060069,0.058345,0.060879,0.033857,0.060827
1992-05-31,0.072152,0.060046,0.011945,0.062064,0.039053,0.083881
1992-06-30,0.072190,0.059573,0.055099,0.066669,0.031805,0.103861
1992-07-31,0.072219,0.060151,0.059283,0.061554,0.032765,0.056387
1992-08-31,0.072185,0.059751,0.065647,0.055563,0.031320,0.119629
1992-09-30,0.072192,0.059621,0.065712,0.062630,0.033051,0.098444
1992-10-31,0.072184,0.059669,0.053463,0.060902,0.032027,0.117393
1992-11-30,0.072289,0.060108,0.043095,0.056712,0.038034,0.070569
1992-12-31,0.072251,0.059510,-0.006672,0.056345,0.035458,0.070552
1993-01-31,0.072253,0.058902,0.053453,0.044836,0.018334,0.097612
1993-02-28,0.072253,0.059051,0.020762,0.045180,0.006847,0.053588
1993-03-31,0.072318,0.058788,0.062144,0.018545,0.008404,-0.013063
1993-04-30,0.072303,0.058573,0.066049,0.020721,0.008378,0.024353
1993-05-31,0.072318,0.059032,0.075335,0.050173,0.013612,0.014016
1993-06-30,0.072360,0.058961,0.063439,0.051747,0.006577,-0.013895
1993-07-31,0.072339,0.058978,0.090755,0.026228,0.005523,0.022605
1993-08-31,0.072402,0.059029,0.083756,0.028004,0.008408,0.025736
1993-09-30,0.072436,0.058745,0.071038,0.020110,0.000777,0.008237
1993-10-31,0.072496,0.058800,0.074121,0.020749,0.006645,0.009662
1993-11-30,0.072493,0.058673,0.069515,0.020667,0.009644,-0.017540
1993-12-31,0.072491,0.058751,0.073539,0.026321,0.012415,-0.015393
1994-01-31,0.072524,0.058732,0.075462,0.026201,0.024788,-0.023235
1994-02-28,0.072499,0.058466,0.072119,0.028035,0.022601,0.043349
1994-03-31,0.072386,0.058624,0.075178,0.028695,0.033102,0.123247
1994-04-30,0.072323,0.058973,0.097084,0.060096,0.045223,0.141492
1994-05-31,0.072247,0.059879,0.089493,0.061208,0.046314,0.168456
1994-06-30,0.072134,0.059710,0.085380,0.033191,0.039588,0.226169
1994-07-31,0.072069,0.059410,0.089590,0.047762,0.035629,0.226509
1994-08-31,0.072008,0.059676,0.079228,0.030436,0.023837,0.181686
1994-09-30,0.071925,0.059125,0.057017,0.029640,0.015530,0.263016
1994-10-31,0.071843,0.058925,0.068606,0.030712,0.021284,0.231079
1994-11-30,0.071727,0.059134,0.056600,0.032907,0.020253,0.334325
1994-12-31,0.071613,0.059353,0.074509,0.035946,0.022905,0.341107
1995-01-31,0.071490,0.059420,0.061882,0.040570,0.089698,0.352026
1995-02-28,0.071453,0.059050,0.053478,0.036916,0.055404,0.313999
1995-03-31,0.071521,0.058377,0.040325,0.030845,0.047456,0.289169
1995-04-30,0.071611,0.058226,0.054265,0.026860,0.036513,0.270949
1995-05-31,0.071737,0.057709,0.061350,0.027899,0.043635,0.254443
1995-06-30,0.071936,0.057153,0.051582,0.026884,-0.049271,0.231078
1995-07-31,0.072136,0.057326,0.044949,0.029057,0.010253,0.138580
1995-08-31,0.072277,0.056732,0.043244,0.033408,0.012522,0.160372
1995-09-30,0.072522,0.056813,0.045089,0.027533,0.009630,0.176109
1995-10-31,0.072726,0.057002,0.031678,0.030350,0.012220,0.212846
1995-11-30,0.073062,0.057018,0.038563,0.028631,0.013672,0.250508
1995-12-31,0.073405,0.056674,0.041857,0.015302,-0.006569,0.202637
1996-01-31,0.073762,0.057403,0.042670,0.028815,-0.041697,0.236062
1996-02-29,0.074069,0.057605,0.040362,0.040392,-0.034908,0.234827
1996-03-31,0.074344,0.056716,0.010116,0.041197,0.003783,0.172920
1996-04-30,0.074595,0.042405,0.013142,0.040035,0.000414,0.224972
1996-05-31,0.074824,0.042691,0.047195,0.036495,0.009376,0.267755
1996-06-30,0.075023,0.042153,0.062028,0.035495,0.011775,0.319863
1996-07-31,0.075104,0.042865,0.061501,0.045080,-0.018636,0.491226
1996-08-31,0.075212,0.044403,0.070297,0.047359,-0.011290,0.379576
1996-09-30,0.075340,0.043617,0.080422,0.048048,0.082017,0.378203
1996-10-31,0.075514,0.044079,0.078008,0.045620,0.008959,0.296837
1996-11-30,0.075735,0.043030,0.073299,0.045146,-0.003818,0.262054
1996-12-31,0.075895,0.041692,0.049483,0.030403,-0.009576,0.310082
1997-01-31,0.076097,0.042653,0.048826,0.037823,0.009085,0.246922
1997-02-28,0.076097,0.041974,0.056900,0.036525,0.005377,0.326901
1997-03-31,0.076419,0.040988,0.051826,0.033690,0.011910,0.455185
1997-04-30,0.076605,0.042527,0.023881,0.029472,0.022114,0.387364
1997-05-31,0.076845,0.043852,0.047737,0.026888,0.014452,0.285920
1997-06-30,0.077150,0.041397,0.062557,0.032169,0.014388,0.280972
1997-07-31,0.077668,0.042078,0.070549,0.048110,0.020297,0.174325
1997-08-31,0.078045,0.040828,0.101506,0.053250,0.001528,0.064271
1997-09-30,0.078420,0.040972,0.109702,0.047054,0.010888,0.073611
1997-10-31,0.078692,0.060069,0.112520,0.044762,0.008869,0.201231
1997-11-30,0.078921,0.059975,0.091881,0.036917,-0.015165,0.217951
1997-12-31,0.079208,0.060204,0.076528,0.036547,-0.028446,0.266686
1998-01-31,0.079416,0.061016,0.089508,0.048882,0.004604,0.305382
1998-02-28,0.079724,0.061082,0.082913,0.030524,-0.000170,0.180104
1998-03-31,0.080189,0.060395,0.108210,0.042924,0.002885,0.167570
1998-04-30,0.080569,0.061547,0.121000,0.063735,-0.000836,0.200971
1998-05-31,0.080823,0.061248,0.136654,0.062913,-0.001652,0.193451
1998-06-30,0.081070,0.061344,0.134033,0.055468,-0.005772,0.210673
1998-07-31,0.081185,0.062393,0.130057,0.067060,0.010357,0.185648
1998-08-31,0.081164,0.061972,0.130743,0.073100,0.013410,0.379335
1998-09-30,0.081155,0.062823,-0.002385,0.051652,-0.033011,0.261256
1998-10-31,0.081302,0.063843,0.018552,0.042011,-0.029897,0.240527
1998-11-30,0.081470,0.063757,0.090160,0.065274,0.001462,0.193601
1998-12-31,0.081697,0.062612,0.093654,0.034099,-0.024202,0.195260
1999-01-31,0.081971,0.081971,0.119097,0.055514,-0.057601,0.089728
1999-02-28,0.082091,0.081971,0.145718,0.058210,-0.047742,0.103438
1999-03-31,0.082195,0.081971,0.156691,0.095493,-0.041359,0.164968
1999-04-30,0.082340,0.082340,0.170197,0.096175,-0.015805,0.087816
1999-05-31,0.082475,0.082340,0.160586,0.098256,0.013137,0.091225
1999-06-30,0.082631,0.082340,0.178683,0.093929,0.021095,0.059656
1999-07-31,0.082756,0.082756,0.144680,0.098553,-0.001935,0.076848
1999-08-31,0.083116,0.082756,0.157295,0.095264,-0.015358,0.149401
1999-09-30,0.083332,0.082756,0.172957,0.099993,-0.030913,0.119902
1999-10-31,0.083523,0.083523,0.152804,0.095465,-0.052381,0.048770
1999-11-30,0.083656,0.083523,0.158331,0.096531,-0.024585,-0.053250
1999-12-31,0.083790,0.083523,0.161671,0.103294,-0.023669,-0.101392
2000-01-31,0.083798,0.083798,0.122593,0.120564,0.016371,-0.020402
2000-02-29,0.083821,0.083798,0.160248,0.118636,0.009277,-0.092563
2000-03-31,0.083919,0.083798,0.131795,0.117604,0.022015,-0.225714
2000-04-30,0.083924,0.083924,0.173327,0.081497,0.038962,-0.139745
2000-05-31,0.083932,0.083924,0.155564,0.109734,0.021004,-0.115993
2000-06-30,0.083903,0.083924,0.187665,0.089318,0.016112,-0.158270
2000-07-31,0.083895,0.083895,0.151722,0.066821,0.022274,-0.153477
2000-08-31,0.083973,0.083895,0.110314,0.073438,0.017814,-0.253084
2000-09-30,0.084016,0.083895,0.126483,0.082402,0.021588,-0.275369
2000-10-31,0.083974,0.083974,0.096395,0.075661,0.013117,-0.258584
2000-11-30,0.083810,0.083974,0.027052,0.076425,-0.001405,-0.133465
2000-12-31,0.083590,0.083974,0.004719,0.093473,-0.056501,-0.130427
2001-01-31,0.083466,0.083466,0.030060,0.098902,-0.073094,-0.172627
2001-02-28,0.083466,0.083466,0.050657,0.080741,-0.004385,-0.107433
2001-03-31,0.082891,0.083466,0.088052,0.106201,-0.006350,-0.011152
2001-04-30,0.082627,0.082627,0.155081,0.111245,0.020284,-0.138092
2001-05-31,0.082392,0.082627,0.153694,0.121437,0.049768,-0.150244
2001-06-30,0.082107,0.082627,0.127791,0.115079,0.047345,-0.191575
2001-07-31,0.081829,0.081829,0.165420,0.112009,0.049500,-0.247360
2001-08-31,0.081434,0.081829,0.133968,0.131046,0.049264,-0.191879
2001-09-30,0.081014,0.081829,0.106210,0.129684,0.062500,-0.216785
2001-10-31,0.080615,0.080615,0.046414,0.129449,0.077726,-0.164204
2001-11-30,0.080363,0.080615,0.054248,0.134867,0.084405,-0.178279
2001-12-31,0.080116,0.080615,0.120864,0.135631,0.069092,-0.233660
2002-01-31,0.079819,0.079819,0.087739,0.122444,0.049895,-0.242877
2002-02-28,0.079600,0.079819,0.069177,0.112978,0.047930,-0.239968
2002-03-31,0.079494,0.079819,0.072812,0.105904,0.040621,-0.260774
2002-04-30,0.079240,0.065339,0.058237,0.104731,0.037516,-0.148572
2002-05-31,0.078972,0.065875,0.060565,0.123736,0.050093,-0.097035
2002-06-30,0.078657,0.066270,0.068364,0.131452,0.056273,-0.015478
2002-07-31,0.078277,0.066110,0.062731,0.109748,0.056723,0.086319
2002-08-31,0.077963,0.067857,0.039114,0.116301,0.066994,0.100364
2002-09-30,0.077621,0.067773,0.048931,0.123873,0.059101,0.221629
2002-10-31,0.077340,0.067664,0.008359,0.117817,0.065680,0.186224
2002-11-30,0.077044,0.067974,0.032573,0.124327,0.046106,0.130181
2002-12-31,0.076684,0.066962,0.007270,0.116975,0.049506,0.263804
2003-01-31,0.076315,0.066062,0.011639,0.084994,0.016357,0.321877
2003-02-28,0.075950,0.066207,-0.001991,0.090048,0.017479,0.361160
2003-03-31,0.075561,0.067511,0.000206,0.088217,0.023584,0.327796
2003-04-30,0.075303,0.066391,-0.028791,0.091556,0.033511,0.207630
2003-05-31,0.075105,0.065503,-0.092941,0.092272,0.022206,0.163026
2003-06-30,0.075001,0.064669,-0.092962,0.075388,0.019422,0.170693
2003-07-31,0.075014,0.063628,-0.068464,0.070224,0.020935,0.112500
2003-08-31,0.075043,0.063606,-0.027021,0.081077,0.047851,0.095465
2003-09-30,0.075211,0.063746,-0.040543,0.076243,0.012585,0.119090
2003-10-31,0.075338,0.063805,-0.026340,0.071144,-0.005788,0.075654
2003-11-30,0.075400,0.063549,0.001507,0.075930,0.012259,0.109261
2003-12-31,0.075615,0.063400,0.003282,0.077652,0.019029,0.089935
2004-01-31,0.075896,0.063714,0.015130,0.076536,0.035267,0.044327
2004-02-29,0.076221,0.063194,0.022916,0.077954,0.037244,0.051234
2004-03-31,0.076507,0.063198,0.024316,0.071856,0.039354,0.048286
2004-04-30,0.076656,0.064483,0.017742,0.072832,0.040848,0.044748
2004-05-31,0.076754,0.064476,0.048178,0.082140,0.041668,0.063194
2004-06-30,0.076861,0.065007,0.064240,0.081524,0.033458,0.044257
2004-07-31,0.076901,0.065078,0.066245,0.078144,0.015418,0.120230
2004-08-31,0.076922,0.065461,0.019804,0.077498,0.021784,0.105131
2004-09-30,0.076970,0.065759,0.022056,0.083453,0.021498,0.102487
2004-10-31,0.076968,0.065625,0.043806,0.077167,0.021711,0.067961
2004-11-30,0.077005,0.065770,0.039782,0.070166,0.023481,0.064456
2004-12-31,0.077019,0.065194,0.062810,0.075972,0.020588,0.030010
2005-01-31,0.076982,0.064945,0.051957,0.078119,0.015166,0.083647
2005-02-28,0.076982,0.065228,0.064777,0.076727,0.004076,0.064025
2005-03-31,0.076921,0.065147,0.046490,0.085977,0.016027,0.096799
2005-04-30,0.076885,0.065333,0.028557,0.084499,0.004244,0.132913
2005-05-31,0.076870,0.065840,0.023941,0.072143,-0.025110,0.065959
2005-06-30,0.076833,0.065705,0.014092,0.075568,-0.047774,0.066203
2005-07-31,0.076882,0.065553,0.013381,0.072609,-0.048087,0.034420
2005-08-31,0.076914,0.065436,-0.005104,0.076905,-0.031366,0.068416
2005-09-30,0.076942,0.065534,-0.029292,0.060785,-0.055003,0.087109
2005-10-31,0.076932,0.065866,-0.027474,0.078481,-0.031349,0.141614
2005-11-30,0.076918,0.066349,-0.040209,0.076646,-0.039751,0.120970
2005-12-31,0.076866,0.065756,-0.038612,0.072089,-0.056550,0.136194
2006-01-31,0.076874,0.065496,-0.022834,0.047583,-0.055163,0.123555
2006-02-28,0.076859,0.065483,-0.030272,0.041563,-0.066229,0.098512
2006-03-31,0.076881,0.065598,-0.031842,0.039788,-0.077142,0.097299
2006-04-30,0.076943,0.076943,-0.034614,0.042082,-0.053417,0.131053
2006-05-31,0.076931,0.076943,-0.032824,0.055189,-0.039585,0.205127
2006-06-30,0.076919,0.076943,-0.030844,0.053861,-0.045904,0.183554
2006-07-31,0.076873,0.076873,-0.041533,0.044695,-0.035006,0.139904
2006-08-31,0.076863,0.076873,-0.045271,0.040726,-0.059142,0.130517
2006-09-30,0.076874,0.076873,-0.034913,0.040088,-0.065384,0.142905
2006-10-31,0.076946,0.076946,-0.027367,0.038549,-0.067395,0.124418
2006-11-30,0.076994,0.076946,-0.008987,0.047305,-0.068989,0.057481
2006-12-31,0.077059,0.076946,-0.008035,0.050934,-0.077882,0.035296
2007-01-31,0.077110,0.077110,-0.003584,0.053570,-0.033481,-0.041502
2007-02-28,0.077133,0.077110,-0.003350,0.058119,-0.025372,-0.054158
2007-03-31,0.077155,0.077110,0.001083,0.054501,-0.040877,-0.069085
2007-04-30,0.077214,0.077214,-0.004824,0.055043,-0.045913,-0.065287
2007-05-31,0.077354,0.077214,0.002022,0.053492,-0.040249,-0.085090
2007-06-30,0.077469,0.077214,0.008178,0.053757,-0.018216,-0.148568
2007-07-31,0.077537,0.077537,0.019231,0.075195,0.049199,-0.129110
2007-08-31,0.077595,0.077537,0.011042,0.046072,0.038993,-0.129689
2007-09-30,0.077666,0.077537,0.014269,0.048496,0.034886,-0.236050
2007-10-31,0.077716,0.077716,0.023917,0.070659,0.038046,-0.374750
2007-11-30,0.077694,0.077716,0.023861,0.067728,0.040295,-0.394899
2007-12-31,0.077649,0.077716,0.041643,0.064920,0.019948,-0.384858
2008-01-31,0.077520,0.077520,0.074597,0.076713,0.035796,-0.400907
2008-02-29,0.077378,0.077520,0.063770,0.082396,0.021741,-0.447562
2008-03-31,0.077220,0.077520,0.065066,0.109979,0.039023,-0.396787
2008-04-30,0.077066,0.077066,0.075944,0.114045,0.059944,-0.370081
2008-05-31,0.076891,0.077066,0.031401,0.114609,0.058305,-0.343650
2008-06-30,0.076649,0.077066,0.021484,0.081070,0.064863,-0.281781
2008-07-31,0.076428,0.076428,0.062456,0.097059,0.052095,-0.220849
2008-08-31,0.076207,0.076428,0.077553,0.112042,0.059173,-0.204400
2008-09-30,0.075872,0.076428,0.052984,0.100234,0.057782,-0.093693
2008-10-31,0.075390,0.075390,0.146266,0.120882,0.027876,0.069615
2008-11-30,0.074887,0.075390,0.165278,0.160947,0.080557,0.222474
2008-12-31,0.074396,0.075390,0.059729,0.183393,0.050761,0.234542
2009-01-31,0.073888,0.073888,0.043364,0.145683,0.009986,0.300274
2009-02-28,0.073888,0.073888,0.022273,0.137790,0.065370,0.502523
2009-03-31,0.072832,0.073888,-0.019773,0.198788,0.105999,0.465690
2009-04-30,0.072361,0.074932,-0.002163,0.173612,0.093582,0.359620
2009-05-31,0.071918,0.071895,0.031526,0.100734,-0.004891,0.185249
2009-06-30,0.071543,0.070347,0.045565,0.085121,0.024598,0.121166
2009-07-31,0.071233,0.068685,0.075683,0.044443,0.060729,0.115567
2009-08-31,0.070941,0.068267,0.072725,0.046772,0.060900,0.028130
2009-09-30,0.070767,0.066558,0.072471,0.081552,0.060736,0.079578
2009-10-31,0.070766,0.065301,0.100649,0.060547,0.060534,0.141934
2009-11-30,0.070926,0.064767,0.100917,0.082578,0.059762,0.077508
2009-12-31,0.071098,0.064329,0.073576,0.091679,0.061284,0.127827
2010-01-31,0.071340,0.064442,0.046009,0.090852,0.068104,0.197650
2010-02-28,0.071794,0.064260,0.001121,0.078724,0.068650,0.201659
2010-03-31,0.072208,0.064809,0.049901,0.041657,0.067713,0.133740
2010-04-30,0.072510,0.065008,0.046162,0.050962,0.068231,0.149087
2010-05-31,0.072628,0.064361,0.053375,0.061185,0.063809,0.234797
2010-06-30,0.072679,0.065459,0.031865,0.054437,0.061428,0.281292
2010-07-31,0.072724,0.066353,-0.002248,0.051265,0.060350,0.173094
2010-08-31,0.072677,0.066423,0.008379,0.057211,0.063110,0.161589
2010-09-30,0.072684,0.066326,-0.006206,0.065542,0.060797,-0.008570
2010-10-31,0.072757,0.065814,0.020145,0.061686,0.062202,0.059192
2010-11-30,0.072762,0.065080,0.046964,0.049334,0.060736,0.056253
2010-12-31,0.072819,0.064710,0.039977,0.061442,0.058455,-0.000032
2011-01-31,0.072949,0.064409,0.041454,0.048529,0.054363,0.020441
2011-02-28,0.073083,0.063991,0.048255,0.063453,0.061613,0.028978
2011-03-31,0.073146,0.063641,0.063414,0.050090,0.067095,0.062331
2011-04-30,0.073224,0.064369,0.059656,0.054738,0.064568,0.025154
2011-05-31,0.073392,0.064200,0.070028,0.056119,0.062326,-0.025922
2011-06-30,0.073607,0.064258,0.071167,0.047793,0.057027,0.031439
2011-07-31,0.073710,0.065496,0.066549,0.048971,0.071535,0.067354
2011-08-31,0.073801,0.065122,0.046499,0.045922,0.059250,0.153984
2011-09-30,0.073716,0.067193,-0.048645,0.047107,0.050396,0.273329
2011-10-31,0.073701,0.067534,0.017842,0.048884,0.050422,0.126753
2011-11-30,0.073683,0.067111,-0.025683,0.038990,0.050051,0.135706
2011-12-31,0.073607,0.066942,-0.029191,0.038086,0.048180,0.134057
2012-01-31,0.073552,0.073552,-0.017924,0.046107,0.038485,0.141495
2012-02-29,0.073507,0.073552,-0.044360,0.045703,0.027937,0.109103
2012-03-31,0.073495,0.073552,0.025620,0.041127,0.033637,0.114110
2012-04-30,0.073446,0.073446,0.079042,0.046119,0.040276,0.142827
2012-05-31,0.073344,0.073446,-0.042215,0.048285,0.025619,0.244526
2012-06-30,0.073301,0.073446,-0.069066,0.049405,0.020359,0.179215
2012-07-31,0.073295,0.066444,-0.039101,0.046894,0.015791,0.222146
2012-08-31,0.073377,0.066060,-0.049175,0.046380,0.013536,0.160951
2012-09-30,0.073581,0.065725,-0.019958,0.044288,0.009247,0.167200
2012-10-31,0.073635,0.073635,0.013606,0.049090,0.003020,0.243868
2012-11-30,0.073698,0.073635,0.013791,0.054815,0.038752,0.275127
2012-12-31,0.073760,0.073635,0.020610,0.060051,0.040608,0.296012
2013-01-31,0.073829,0.073829,0.051113,0.059447,0.052775,0.189893
2013-02-28,0.073829,0.073829,0.050009,0.059682,0.062157,0.227619
2013-03-31,0.073905,0.073829,0.044017,0.057754,0.056495,0.193189
2013-04-30,0.073975,0.073975,0.044563,0.061017,0.058301,0.179260
2013-05-31,0.074147,0.073975,0.051156,0.060385,0.059461,0.179569
2013-06-30,0.074253,0.073975,0.046257,0.057914,0.070136,0.220354
2013-07-31,0.074403,0.074403,0.068332,0.067683,0.071904,0.145302
2013-08-31,0.074490,0.074403,0.053447,0.065994,0.061468,0.226826
2013-09-30,0.074583,0.074403,0.048604,0.067305,0.059463,0.172900
2013-10-31,0.074754,0.074754,0.051510,0.067084,0.073314,0.148878
2013-11-30,0.074955,0.074754,0.055374,0.065879,0.077032,0.144949
2013-12-31,0.075177,0.074754,0.076660,0.067939,0.072810,0.113906
2014-01-31,0.075292,0.075292,0.087799,0.076824,0.074958,0.119152
2014-02-28,0.075445,0.075292,0.090718,0.078061,0.078830,0.131786
2014-03-31,0.075562,0.075292,0.077262,0.077446,0.085872,0.104441
2014-04-30,0.075666,0.075666,0.093527,0.079607,0.084793,0.106988
2014-05-31,0.075770,0.075666,0.096306,0.080571,0.074259,0.095562
2014-06-30,0.075914,0.075666,0.098222,0.076817,0.081169,0.052484
2014-07-31,0.075983,0.075983,0.101686,0.082145,0.087315,0.089694
2014-08-31,0.076134,0.075983,0.096097,0.080079,0.085016,-0.015569
2014-09-30,0.076230,0.075983,0.106016,0.084836,0.086711,-0.026497
2014-10-31,0.076302,0.076302,0.111154,0.080741,0.085575,0.030381
2014-11-30,0.076370,0.076302,0.116752,0.081356,0.078175,0.006215
2014-12-31,0.076408,0.076302,0.107023,0.076947,0.070048,-0.007266
2015-01-31,0.076450,0.076450,0.109055,0.081837,0.081606,-0.027444
2015-02-28,0.076505,0.076450,0.114723,0.074290,0.070723,-0.081858
2015-03-31,0.076532,0.076450,0.109380,0.072954,0.081044,-0.003941
2015-04-30,0.076562,0.076562,0.103730,0.073659,0.070913,-0.009691
2015-05-31,0.076581,0.076562,0.110057,0.075610,0.064701,-0.004954
2015-06-30,0.076557,0.076562,0.115260,0.076481,0.078134,0.017328
2015-07-31,0.076570,0.076570,0.117776,0.073555,0.061476,0.033158
2015-08-31,0.076480,0.076570,0.126392,0.075510,0.058033,0.100787
2015-09-30,0.076378,0.076570,0.140042,0.073145,0.029978,0.129290
2015-10-31,0.076333,0.076333,0.075821,0.080607,0.027828,0.022502
2015-11-30,0.076264,0.076333,0.141834,0.067103,0.012340,0.056912
2015-12-31,0.076183,0.076333,0.130484,0.057430,0.002960,0.095350
2016-01-31,0.076081,0.076081,0.126951,0.047807,-0.032946,0.174530
2016-02-29,0.075927,0.076081,0.106952,0.062259,-0.043879,0.223270
2016-03-31,0.075848,0.076081,0.014953,0.067353,0.003240,0.147096
2016-04-30,0.075765,0.075765,0.085041,0.059552,0.004846,0.154409
2016-05-31,0.075686,0.075765,0.070877,0.064989,0.025460,0.150147
2016-06-30,0.075629,0.075765,0.105736,0.068174,0.038785,0.154631
2016-07-31,0.075588,0.075588,0.061686,0.073939,0.038477,0.136502
2016-08-31,0.075612,0.075588,0.065213,0.067986,0.033506,0.138511
2016-09-30,0.075665,0.075588,0.066383,0.065593,0.037268,0.161922
2016-10-31,0.075613,0.075613,0.046692,0.069667,0.041120,0.211232
2016-11-30,0.075595,0.075613,0.070470,0.067048,0.060271,0.204097
2016-12-31,0.075614,0.075613,0.082270,0.065144,0.055083,0.194200
2017-01-31,0.075710,0.075710,0.071247,0.061908,0.073245,0.239127
2017-02-28,0.075710,0.075710,0.095349,0.063616,0.076100,0.148157
2017-03-31,0.075921,0.075710,0.105411,0.067228,0.075615,0.117725
2017-04-30,0.075997,0.075997,0.111013,0.069181,0.076823,0.110666
2017-05-31,0.076069,0.075997,0.093425,0.069383,0.073267,0.121681
2017-06-30,0.076144,0.075997,0.095645,0.070889,0.074224,0.121713
2017-07-31,0.076202,0.076202,0.115650,0.079991,0.061002,0.140060
2017-08-31,0.076262,0.076202,0.109120,0.080265,0.067024,0.173920
2017-09-30,0.076345,0.076202,0.111022,0.080395,0.064065,0.156635
2017-10-31,0.076474,0.076474,0.125524,0.077900,0.062592,0.052997
2017-11-30,0.076596,0.076474,0.135504,0.078276,0.065422,0.042526
2017-12-31,0.076709,0.076474,0.144833,0.079017,0.070168,-0.062373
2018-01-31,0.076864,0.076864,0.141483,0.088548,0.083262,-0.042393
2018-02-28,0.076933,0.076864,0.176774,0.092884,0.080501,0.026037
2018-03-31,0.076972,0.076864,0.142679,0.089860,0.073682,0.073283
2018-04-30,0.077004,0.077004,0.139896,0.068258,0.060268,0.112453
2018-05-31,0.077046,0.077004,0.136418,0.077519,0.048557,0.017296
2018-06-30,0.077089,0.077004,0.150369,0.071991,0.048456,0.082178
2018-07-31,0.077149,0.077149,0.126037,0.074226,0.059769,0.058265
2018-08-31,0.077241,0.077149,0.137780,0.079675,0.057292,0.008595
2018-09-30,0.077316,0.077149,0.147451,0.078226,0.061368,0.021538
2018-10-31,0.077293,0.077293,0.143281,0.082042,0.061643,0.120152
2018-11-30,0.077260,0.077293,0.105716,0.074766,0.026946,0.137966
2018-12-31,0.077128,0.077293,0.074841,0.071452,0.036388,0.288781
2019-01-31,0.077015,0.077015,0.032866,0.034181,-0.021913,0.192826
2019-02-28,0.076967,0.077015,-0.019999,0.027695,-0.005533,0.060956
2019-03-31,0.076963,0.077015,0.013937,0.035882,-0.016091,-0.088135
2019-04-30,0.076997,0.076997,-0.012804,0.035194,0.003770,-0.011338
2019-05-31,0.076940,0.076997,0.020184,0.038539,0.004557,0.106193
2019-06-30,0.076945,0.076997,-0.025588,0.035974,-0.007100,0.053890
2019-07-31,0.076928,0.076928,0.000050,0.038627,-0.007564,0.097551
2019-08-31,0.076863,0.076928,0.021406,0.036153,0.001600,0.196090
2019-09-30,0.076812,0.076928,-0.006707,0.035348,0.005018,0.129759
2019-10-31,0.076852,0.076852,0.051607,0.035134,0.008444,0.076509
2019-11-30,0.076909,0.076852,0.011211,0.038452,0.017368,0.153025
2019-12-31,0.077108,0.076852,0.060768,0.040003,0.021519,0.162589
2020-01-31,0.077216,0.077216,0.115468,0.048028,0.024813,0.151517
2020-02-29,0.077201,0.077216,0.089786,0.044286,0.039814,0.290070
2020-03-31,0.077047,0.077216,0.010791,0.036379,0.001935,0.537145
2020-04-30,0.076964,0.076964,-0.025579,0.056817,-0.030408,0.435629
2020-05-31,0.076991,0.076964,0.225809,0.026650,0.014782,0.380973
2020-06-30,0.076970,0.076964,0.200190,0.030897,0.013041,0.386161
2020-07-31,0.076989,0.076989,0.163322,0.089510,0.050460,0.343656
2020-08-31,0.077100,0.076989,0.177304,0.093416,0.055145,0.292080
2020-09-30,0.077149,0.076989,0.161661,0.104569,0.040775,0.280862
2020-10-31,0.077148,0.077148,0.176964,0.100300,0.024307,0.408390
2020-11-30,0.077218,0.077148,0.150683,0.103834,0.001726,0.261034
2020-12-31,0.077297,0.077148,0.145692,0.076003,0.014975,0.268927
2021-01-31,0.077366,0.077366,0.131609,0.086595,0.059959,0.215740
2021-02-28,0.077366,0.077366,0.129997,0.087494,0.038693,0.147669
2021-03-31,0.077987,0.077366,0.111376,0.117374,0.023698,0.140331
2021-04-30,0.078317,0.078317,0.108014,0.085715,0.021354,-0.011777
2021-05-31,0.078596,0.078317,0.077891,0.058424,-0.044497,-0.017117
2021-06-30,0.078879,0.078317,0.068571,0.062487,-0.013031,-0.119167
2021-07-31,0.079123,0.079123,0.087675,0.072866,-0.012421,-0.060285
2021-08-31,0.079318,0.079123,0.099738,0.080443,-0.018967,-0.125519
2021-09-30,0.079503,0.079123,0.122065,0.077989,0.014894,-0.167594
2021-10-31,0.079805,0.079805,0.133424,0.080902,-0.022192,-0.159249
2021-11-30,0.079971,0.079805,0.139901,0.076222,0.012197,-0.106610
2021-12-31,0.080144,0.079805,0.144087,0.076446,0.029841,-0.194428
2022-01-31,0.080268,0.080268,0.133393,0.084206,0.022923,-0.097208
2022-02-28,0.080330,0.080268,0.130580,0.080111,0.009906,-0.092317
2022-03-31,0.080385,0.080268,0.093521,0.075505,-0.002839,-0.092950
2022-04-30,0.080301,0.080301,0.113221,0.069933,-0.007368,0.009088
2022-05-31,0.080212,0.080301,0.168212,0.072566,-0.037565,0.011539
2022-06-30,0.080030,0.080301,0.118882,0.061869,-0.020699,0.175676
2022-07-31,0.079903,0.079903,0.152227,0.056764,-0.044737,0.111050
2022-08-31,0.079716,0.079903,0.040873,0.044977,-0.045982,0.139737
2022-09-30,0.079491,0.079903,0.063769,0.049044,-0.057492,0.195902
2022-10-31,0.079275,0.079275,0.107867,0.049760,-0.108082,0.083115
2022-11-30,0.079106,0.079275,0.085615,0.038138,-0.069337,0.119529
2022-12-31,0.078858,0.079275,0.028086,0.032739,-0.003231,0.242305
2023-01-31,0.078699,0.078699,0.059490,0.034836,0.008805,0.188650
2023-02-28,0.078544,0.078699,0.019703,0.039207,0.063791,0.283647
2023-03-31,0.078389,0.078699,0.022553,0.042206,0.040246,0.278645
2023-04-30,0.078327,0.078327,-0.000974,0.026326,-0.067602,0.207750
2023-05-31,0.078267,0.078327,-0.028980,0.035345,-0.043089,0.262613
2023-06-30,0.078354,0.078327,-0.016007,0.037541,-0.024508,0.226969
2023-07-31,0.078384,0.078384,-0.044109,0.044512,-0.010719,0.203388
2023-08-31,0.078439,0.078384,-0.036975,0.050441,0.043696,0.253067
2023-09-30,0.078545,0.078384,-0.039106,0.045269,0.057775,0.343846
2023-10-31,0.078549,0.078549,-0.019107,0.049860,0.014169,0.360449
2023-11-30,0.078585,0.078549,-0.011164,0.054010,0.000984,0.320631
2023-12-31,0.078732,0.078549,-0.019883,0.055130,0.043597,0.233090
2024-01-31,0.078830,0.078830,-0.040436,0.053156,0.074136,0.246588
2024-02-29,0.079014,0.078830,-0.045010,0.060256,0.118308,0.168404
2024-03-31,0.079192,0.078830,-0.004721,0.062232,0.147071,0.068039
2024-04-30,0.079307,0.079307,-0.002596,0.056700,0.190418,0.105918
2024-05-31,0.079470,0.079307,0.011060,0.059020,0.232403,0.120167
2024-06-30,0.079602,0.079307,0.016806,0.060961,0.215375,0.136338
2024-07-31,0.079712,0.079712,0.023287,0.074204,0.242689,0.147962
2024-08-31,0.079866,0.079712,0.021309,0.070595,0.220363,0.143733
2024-09-30,0.080101,0.079712,0.020216,0.071994,0.185521,0.160691
2024-10-31,0.080350,0.080350,0.077890,0.073515,0.131453,0.198889
2024-11-30,0.080563,0.080350,0.100953,0.073772,0.156656,0.135388
2024-12-31,0.080698,0.080350,0.107901,0.068978,0.155633,0.163878
2025-01-31,0.080845,0.080845,0.115068,0.074169,0.118358,0.148745
2025-02-28,0.080845,0.080845,0.124612,0.074390,0.068705,0.155241
2025-03-31,0.080911,0.080845,0.065321,0.072668,0.070368,0.163345
2025-04-30,0.080933,0.080933,0.043615,0.075191,0.057900,0.294475
2025-05-31,0.080968,0.080933,0.023423,0.075111,0.052696,0.282215
2025-06-30,0.081017,0.080933,0.031700,0.076628,0.062846,0.197666
2025-07-31,0.081076,0.081076,0.073145,0.070094,0.060449,
2025-08-31,0.081131,0.081076,0.071966,0.071206,0.063758,
2025-09-30,0.081201,0.081076,0.090816,0.068766,0.065619,
2025-10-31,0.081304,0.081304,0.116346,0.068611,0.073505,
2025-11-30,0.081352,0.081304,0.158001,0.067437,0.070778,
2025-12-31,0.081424,0.081304,0.109947,0.066169,0.076215,
2026-01-31,0.081483,0.081483,0.165888,0.078144,0.077311,
2026-02-28,0.081548,0.081483,0.177080,0.079519,0.080626,
2026-03-31,0.081619,0.081483,0.088328,0.071235,0.073788,
2026-04-30,0.081806,0.081806,0.056481,0.072657,0.053832,
2026-05-31,0.081981,0.081806,0.150936,0.065884,0.056549,
2026-06-30,0.082082,0.081806,0.189036,0.063154,0.064785,
