,ret_1m,ret_3m,ret_6m,ret_12m
1871-01-31,0.013514,0.067568,0.065315,0.094595
1871-02-28,0.024444,0.080000,0.064444,0.084444
1871-03-31,0.028200,0.045553,0.049892,0.093275
1871-04-30,0.025316,-0.002110,-0.031646,0.092827
1871-05-31,-0.008230,-0.014403,-0.045267,0.065844
1871-06-30,-0.018672,0.004149,-0.016598,0.064315
1871-07-31,0.012685,-0.029598,0.027484,0.078224
1871-08-31,0.010438,-0.031315,0.018789,0.052192
1871-09-30,-0.051653,-0.020661,0.041322,0.022727
1871-10-31,0.010893,0.058824,0.128540,0.082789
1871-11-30,0.021552,0.051724,0.116379,0.066810
1871-12-31,0.025316,0.063291,0.082278,0.069620
1872-01-31,0.004115,0.065844,0.049383,0.051440
1872-02-29,0.032787,0.061475,0.032787,0.055328
1872-03-31,0.027778,0.017857,-0.017857,0.013889
1872-04-30,0.000000,-0.015444,-0.040541,-0.027027
1872-05-31,-0.009653,-0.027027,-0.044402,-0.025097
1872-06-30,-0.005848,-0.035088,-0.011696,-0.029240
1872-07-31,-0.011765,-0.025490,0.001961,-0.025490
1872-08-31,-0.017857,-0.017857,0.021825,-0.013889
1872-09-30,0.004040,0.024242,0.032323,-0.072727
1872-10-31,-0.004024,0.028169,0.014085,-0.156942
1872-11-30,0.024242,0.040404,0.020202,-0.183838
1872-12-31,0.007890,0.007890,-0.017751,-0.128205
1873-01-31,0.007828,-0.013699,-0.027397,-0.088063
1873-02-28,-0.007767,-0.019417,-0.034951,-0.067961
1873-03-31,-0.013699,-0.025440,-0.101761,-0.074364
1873-04-30,0.001984,-0.013889,-0.168651,-0.087302
1873-05-31,-0.013861,-0.015842,-0.200000,-0.112871
1873-06-30,-0.002008,-0.078313,-0.112450,-0.104418
1873-07-31,0.000000,-0.156942,-0.062374,-0.102616
1873-08-31,-0.076459,-0.187123,-0.034205,-0.100604
1873-09-30,-0.087146,-0.037037,0.030501,-0.010893
1873-10-31,-0.035800,0.112172,0.097852,0.081146
1873-11-30,0.094059,0.188119,0.108911,0.131188
1873-12-31,0.054299,0.070136,0.009050,0.027149
1874-01-31,0.030043,-0.012876,-0.042918,-0.025751
1874-02-28,-0.014583,-0.066667,-0.068750,-0.056250
1874-03-31,-0.027484,-0.057082,-0.040169,-0.029598
1874-04-30,-0.026087,-0.030435,-0.015217,0.010870
1874-05-31,-0.004464,-0.002232,0.020089,-0.002232
1874-06-30,0.000000,0.017937,0.017937,-0.017937
1874-07-31,0.002242,0.015695,0.017937,-0.015695
1874-08-31,0.015660,0.022371,0.013423,-0.013423
1874-09-30,-0.002203,0.000000,0.011013,-0.037445
1874-10-31,0.008830,0.002208,0.026490,-0.050773
1874-11-30,-0.006565,-0.008753,-0.021882,-0.043764
1874-12-31,0.000000,0.011013,-0.035242,-0.037445
1875-01-31,-0.002203,0.024229,-0.033040,-0.017621
1875-02-28,0.013245,-0.013245,-0.026490,-0.002208
1875-03-31,0.013072,-0.045752,-0.047930,-0.017429
1875-04-30,-0.038710,-0.055914,-0.075269,-0.066667
1875-05-31,-0.020134,-0.013423,-0.022371,-0.064877
1875-06-30,0.002283,-0.002283,-0.002283,-0.052511
1875-07-31,0.004556,-0.020501,0.015945,-0.066059
1875-08-31,-0.009070,-0.009070,0.024943,-0.108844
1875-09-30,-0.016018,0.000000,0.032037,-0.155606
1875-10-31,0.016279,0.037209,0.009302,-0.146512
1875-11-30,0.000000,0.034325,-0.043478,-0.176201
1875-12-31,0.020595,0.032037,-0.050343,-0.180778
1876-01-31,0.013453,-0.026906,-0.080717,-0.204036
1876-02-29,-0.002212,-0.075221,-0.130531,-0.261062
1876-03-31,-0.037694,-0.079823,-0.181818,-0.297118
1876-04-30,-0.036866,-0.055300,-0.154378,-0.322581
1876-05-31,-0.007177,-0.059809,-0.138756,-0.296651
1876-06-30,-0.012048,-0.110843,-0.137349,-0.342169
1876-07-31,-0.041463,-0.104878,-0.134146,-0.304878
1876-08-31,-0.061069,-0.083969,-0.150127,-0.223919
1876-09-30,-0.005420,-0.029810,-0.140921,-0.121951
1876-10-31,-0.019074,-0.032698,-0.198910,-0.098093
1876-11-30,-0.005556,-0.072222,-0.183333,-0.094444
1876-12-31,-0.008380,-0.114525,-0.237430,-0.092179
1877-01-31,-0.059155,-0.171831,-0.197183,-0.084507
1877-02-28,-0.050898,-0.119760,-0.086826,-0.047904
1877-03-31,-0.072555,-0.138801,0.022082,0.022082
1877-04-30,0.000000,-0.030612,0.125850,0.132653
1877-05-31,-0.071429,0.037415,0.108844,0.136054
1877-06-30,0.043956,0.186813,0.190476,0.249084
1877-07-31,0.070175,0.161404,0.140351,0.221053
1877-08-31,0.062295,0.068852,0.042623,0.131148
1877-09-30,0.021605,0.003086,0.000000,0.086420
1877-10-31,-0.015106,-0.018127,0.006042,0.051360
1877-11-30,-0.003067,-0.024540,0.024540,0.064417
1877-12-31,0.000000,-0.003077,0.049231,0.061538
1878-01-31,-0.021538,0.024615,0.070769,0.101538
1878-02-28,0.018868,0.050314,0.084906,0.166667
1878-03-31,0.027778,0.052469,0.086420,0.126543
1878-04-30,0.003003,0.045045,0.045045,0.132132
1878-05-31,0.020958,0.032934,0.038922,0.179641
1878-06-30,0.020528,0.032258,0.011730,0.161290
1878-07-31,-0.008621,0.000000,0.028736,0.160920
1878-08-31,0.020290,0.005797,0.075362,0.179710
1878-09-30,-0.011364,-0.019886,0.036932,0.198864
1878-10-31,-0.002874,0.028736,0.083333,0.344828
1878-11-30,-0.005764,0.069164,0.135447,0.420749
1878-12-31,0.037681,0.057971,0.147826,0.426087
1879-01-31,0.036313,0.053073,0.128492,0.427374
1879-02-28,-0.016173,0.061995,0.097035,0.401617
1879-03-31,0.032877,0.084932,0.156164,0.452055
1879-04-30,0.045093,0.071618,0.241379,0.374005
1879-05-31,0.005076,0.032995,0.251269,0.210660
1879-06-30,0.020202,0.065657,0.242424,0.209596
1879-07-31,0.007426,0.158416,0.264851,0.240099
1879-08-31,0.036855,0.211302,0.277641,0.275184
1879-09-30,0.109005,0.165877,0.255924,0.227488
1879-10-31,0.053419,0.091880,0.106838,0.138889
1879-11-30,-0.002028,0.054767,-0.032454,0.137931
1879-12-31,0.038618,0.077236,-0.026423,0.186992
1880-01-31,0.017613,0.013699,-0.019569,0.211350
1880-02-29,0.019231,-0.082692,-0.001923,0.186538
1880-03-31,-0.022642,-0.096226,-0.022642,0.177358
1880-04-30,-0.079151,-0.032819,0.028958,0.200772
1880-05-31,0.004193,0.088050,0.176101,0.362683
1880-06-30,0.045929,0.081420,0.219207,0.373695
1880-07-31,0.035928,0.063872,0.235529,0.267465
1880-08-31,-0.001927,0.080925,0.188825,0.194605
1880-09-30,0.028958,0.127413,0.204633,0.206564
1880-10-31,0.052533,0.161351,0.166979,0.153846
1880-11-30,0.040998,0.099822,0.158645,0.103387
1880-12-31,0.059932,0.068493,0.126712,0.029110
1881-01-31,-0.003231,0.004847,0.025848,-0.043619
1881-02-28,0.011345,0.053485,0.004862,-0.061588
1881-03-31,-0.003205,0.054487,0.001603,-0.073718
1881-04-30,0.045016,0.020900,-0.011254,-0.070740
1881-05-31,0.012308,-0.046154,-0.047692,-0.121538
1881-06-30,-0.034954,-0.050152,-0.086626,-0.136778
1881-07-31,-0.023622,-0.031496,-0.067717,-0.055118
1881-08-31,0.008065,-0.001613,-0.066129,-0.003226
1881-09-30,-0.016000,-0.038400,-0.075200,-0.001600
1881-10-31,0.006504,-0.037398,-0.060163,-0.013008
1881-11-30,-0.029079,-0.064620,-0.077544,-0.061389
1881-12-31,-0.014975,-0.038270,-0.054908,-0.028286
1882-01-31,-0.021959,-0.023649,0.013514,-0.018581
1882-02-28,-0.001727,-0.013817,0.067358,-0.018998
1882-03-31,0.000000,-0.017301,0.079585,-0.005190
1882-04-30,-0.012111,0.038062,0.050173,0.015571
1882-05-31,-0.005254,0.082312,0.017513,0.010508
1882-06-30,0.056338,0.098592,0.028169,0.024648
1882-07-31,0.030000,0.011667,-0.031667,-0.045000
1882-08-31,0.009709,-0.059871,-0.080906,-0.114887
1882-09-30,-0.027244,-0.064103,-0.078526,-0.113782
1882-10-31,-0.042834,-0.042834,-0.032949,-0.113674
1882-11-30,0.005164,-0.022375,-0.006885,-0.060241
1882-12-31,-0.005137,-0.015411,-0.003425,-0.085616
1883-01-31,-0.022375,0.010327,-0.013769,-0.108434
1883-02-28,0.012324,0.015845,-0.036972,-0.063380
1883-03-31,0.020870,0.012174,-0.038261,-0.078261
1883-04-30,-0.017036,-0.023850,-0.083475,-0.137990
1883-05-31,0.008666,-0.051993,-0.053726,-0.194107
1883-06-30,-0.015464,-0.049828,-0.082474,-0.233677
1883-07-31,-0.045375,-0.061082,-0.095986,-0.221640
1883-08-31,0.010969,-0.001828,-0.027422,-0.133455
1883-09-30,-0.027125,-0.034358,-0.041591,-0.169982
1883-10-31,0.014870,-0.037175,-0.059480,-0.174721
1883-11-30,-0.021978,-0.025641,-0.148352,-0.203297
1883-12-31,-0.029963,-0.007491,-0.164794,-0.187266
1884-01-31,0.027027,-0.023166,-0.138996,-0.181467
1884-02-29,-0.003759,-0.125940,-0.109023,-0.178571
1884-03-31,-0.045283,-0.158491,-0.133962,-0.173585
1884-04-30,-0.081028,-0.118577,-0.122530,-0.136364
1884-05-31,-0.040860,0.019355,-0.064516,-0.070968
1884-06-30,0.000000,0.029148,-0.026906,-0.035874
1884-07-31,0.062780,-0.004484,-0.049327,0.000000
1884-08-31,-0.031646,-0.082278,-0.078059,-0.006329
1884-09-30,-0.032680,-0.054466,-0.045752,0.013072
1884-10-31,-0.020270,-0.045045,-0.015766,0.108108
1884-11-30,-0.002299,0.004598,-0.006897,0.204598
1884-12-31,-0.023041,0.009217,-0.009217,0.198157
1885-01-31,0.030660,0.030660,0.051887,0.226415
1885-02-28,0.002288,-0.011442,0.077803,0.212815
1885-03-31,-0.002283,-0.018265,0.061644,0.184932
1885-04-30,-0.011442,0.020595,0.125858,0.171625
1885-05-31,-0.004630,0.090278,0.212963,0.162037
1885-06-30,0.037209,0.081395,0.209302,0.220930
1885-07-31,0.056054,0.103139,0.165919,0.195067
1885-08-31,-0.012739,0.112527,0.125265,0.140127
1885-09-30,0.058065,0.118280,0.116129,0.184946
1885-10-31,0.065041,0.056911,0.040650,0.148374
1885-11-30,-0.007634,0.011450,-0.041985,0.104962
1885-12-31,0.000000,-0.001923,0.009615,0.084615
1886-01-31,0.019231,-0.015385,0.025000,0.073077
1886-02-28,-0.020755,-0.052830,0.013208,0.045283
1886-03-31,-0.013487,0.011561,0.061657,0.092486
1886-04-30,-0.019531,0.041016,0.103516,0.132812
1886-05-31,0.045817,0.069721,0.153386,0.175299
1886-06-30,0.015238,0.049524,0.074286,0.091429
1886-07-31,0.007505,0.060038,0.046904,0.048780
1886-08-31,0.026071,0.078212,0.031657,0.014898
1886-09-30,0.025408,0.023593,0.029038,-0.023593
1886-10-31,0.024779,-0.012389,0.026549,-0.079646
1886-11-30,-0.025907,-0.043178,0.018998,-0.084629
1886-12-31,-0.010638,0.005319,0.015957,-0.065603
1887-01-31,-0.007168,0.039427,0.001792,-0.048387
1887-02-28,0.023466,0.064982,-0.016245,-0.046931
1887-03-31,0.022928,0.010582,-0.051146,-0.104056
1887-04-30,0.017241,-0.036207,-0.103448,-0.120690
1887-05-31,-0.028814,-0.076271,-0.101695,-0.123729
1887-06-30,-0.024433,-0.061082,-0.080279,-0.125654
1887-07-31,-0.025045,-0.069767,-0.050089,-0.080501
1887-08-31,-0.012844,-0.027523,-0.031193,-0.036697
1887-09-30,-0.033457,-0.020446,-0.055762,0.000000
1887-10-31,0.019231,0.021154,-0.019231,0.028846
1887-11-30,-0.005660,-0.003774,-0.024528,-0.011321
1887-12-31,0.007590,-0.036053,-0.049336,-0.024668
1888-01-31,-0.005650,-0.039548,-0.032015,-0.013183
1888-02-29,-0.037879,-0.020833,-0.005682,0.003788
1888-03-31,0.003937,-0.013780,0.059055,0.021654
1888-04-30,0.013725,0.007843,0.049020,0.015686
1888-05-31,-0.030948,0.015474,0.013540,0.029014
1888-06-30,0.025948,0.073852,0.025948,0.079840
1888-07-31,0.021401,0.040856,0.019455,0.031128
1888-08-31,0.024762,-0.001905,0.009524,0.022857
1888-09-30,-0.005576,-0.044610,-0.035316,0.022305
1888-10-31,-0.020561,-0.020561,-0.031776,0.009346
1888-11-30,-0.019084,0.011450,0.015267,0.020992
1888-12-31,0.019455,0.009728,0.052529,0.035019
1889-01-31,0.011450,-0.011450,0.011450,0.026718
1889-02-28,-0.020755,0.003774,0.013208,0.003774
1889-03-31,-0.001927,0.042389,0.059730,0.017341
1889-04-30,0.027027,0.023166,0.042471,0.040541
1889-05-31,0.016917,0.009398,0.005639,0.056391
1889-06-30,-0.020333,0.016636,-0.016636,0.031423
1889-07-31,0.013208,0.018868,0.015094,0.045283
1889-08-31,0.024209,-0.003724,-0.009311,0.007449
1889-09-30,-0.018182,-0.032727,-0.040000,-0.032727
1889-10-31,-0.009259,-0.003704,-0.001852,-0.059259
1889-11-30,-0.005607,-0.005607,0.050467,-0.119626
1889-12-31,0.011278,-0.007519,0.048872,-0.135338
1890-01-31,-0.011152,0.001859,0.029740,-0.100372
1890-02-28,-0.007519,0.056391,0.016917,-0.078947
1890-03-31,0.020833,0.056818,0.007576,-0.089015
1890-04-30,0.042672,0.027829,-0.057514,-0.077922
1890-05-31,-0.007117,-0.037367,-0.161922,-0.119217
1890-06-30,-0.007168,-0.046595,-0.175627,-0.130824
1890-07-31,-0.023466,-0.083032,-0.126354,-0.138989
1890-08-31,-0.016636,-0.129390,-0.094270,-0.088725
1890-09-30,-0.045113,-0.135338,-0.095865,0.001880
1890-10-31,-0.072835,-0.047244,-0.021654,0.049213
1890-11-30,-0.023355,0.040340,0.050955,0.114650
1890-12-31,0.052174,0.045652,0.054348,0.176087
1891-01-31,0.012397,0.026860,-0.014463,0.138430
1891-02-28,-0.018367,0.010204,0.006122,0.126531
1891-03-31,0.033264,0.008316,0.108108,0.160083
1891-04-30,-0.004024,-0.040241,0.072435,0.120724
1891-05-31,-0.020202,-0.004040,0.060606,0.125253
1891-06-30,-0.016495,0.098969,0.115464,0.142268
1891-07-31,0.033543,0.117400,0.155136,0.161426
1891-08-31,0.081136,0.064909,0.119675,0.139959
1891-09-30,0.000000,0.015009,0.046904,0.028143
1891-10-31,-0.015009,0.033771,0.045028,0.048780
1891-11-30,0.030476,0.051429,0.060952,0.060952
1891-12-31,0.018484,0.031423,0.024030,0.018484
1892-01-31,0.001815,0.010889,0.005445,0.018149
1892-02-29,0.010870,0.009058,0.018116,-0.001812
1892-03-31,-0.001792,-0.007168,-0.017921,-0.048387
1892-04-30,0.000000,-0.005386,0.003591,-0.046679
1892-05-31,-0.005386,0.008977,0.000000,-0.131059
1892-06-30,0.000000,-0.010830,-0.005415,-0.167870
1892-07-31,0.014440,0.009025,0.012635,-0.245487
1892-08-31,-0.024911,-0.008897,-0.019573,-0.274021
1892-09-30,0.020073,0.005474,-0.031022,-0.202555
1892-10-31,-0.003578,0.003578,-0.050089,-0.194991
1892-11-30,-0.010772,-0.010772,-0.131059,-0.179533
1892-12-31,0.018149,-0.036298,-0.163339,-0.199637
1893-01-31,-0.017825,-0.053476,-0.254902,-0.229947
1893-02-28,-0.036298,-0.121597,-0.259528,-0.205082
1893-03-31,0.000000,-0.131827,-0.177024,-0.150659
1893-04-30,-0.088512,-0.212806,-0.152542,-0.139360
1893-05-31,-0.047521,-0.157025,-0.055785,-0.090909
1893-06-30,-0.093275,-0.052061,-0.043384,-0.058568
1893-07-31,-0.023923,0.076555,0.033493,0.016746
1893-08-31,0.071078,0.120098,0.073529,0.080882
1893-09-30,0.029748,0.009153,0.032037,0.025172
1893-10-31,0.015556,-0.040000,0.015556,-0.035556
1893-11-30,-0.035011,-0.041575,-0.037199,-0.050328
1893-12-31,-0.020408,0.022676,-0.015873,-0.024943
1894-01-31,0.013889,0.057870,-0.016204,-0.016204
1894-02-28,0.029680,0.004566,0.006849,-0.043379
1894-03-31,0.013304,-0.037694,-0.006652,-0.070953
1894-04-30,-0.037199,-0.070022,-0.050328,-0.043764
1894-05-31,-0.013636,0.002273,-0.013636,0.047727
1894-06-30,-0.020737,0.032258,-0.009217,0.082949
1894-07-31,0.037647,0.021176,0.000000,0.110588
1894-08-31,0.015873,-0.015873,-0.049887,0.086168
1894-09-30,-0.031250,-0.040179,-0.064732,0.075893
1894-10-31,0.000000,-0.020737,0.006912,0.094470
1894-11-30,-0.009217,-0.034562,0.062212,0.057604
1894-12-31,-0.011628,-0.025581,0.093023,0.004651
1895-01-31,-0.014118,0.028235,0.110588,0.004706
1895-02-28,0.000000,0.100239,0.143198,0.062053
1895-03-31,0.042959,0.121718,0.150358,0.045346
1895-04-30,0.054920,0.080092,0.086957,0.011442
1895-05-31,0.019523,0.039046,-0.004338,-0.045553
1895-06-30,0.004255,0.025532,-0.080851,-0.080851
1895-07-31,0.014831,0.006356,-0.095339,-0.144068
1895-08-31,0.006263,-0.041754,-0.070981,-0.204593
1895-09-30,-0.014523,-0.103734,-0.091286,-0.168050
1895-10-31,-0.033684,-0.101053,-0.069474,-0.136842
1895-11-30,-0.058824,-0.030501,-0.041394,-0.045752
1895-12-31,-0.011574,0.013889,0.000000,-0.023148
1896-01-31,0.042155,0.035129,-0.053864,-0.011710
1896-02-29,-0.015730,-0.011236,-0.143820,-0.060674
1896-03-31,0.009132,-0.013699,-0.084475,-0.043379
1896-04-30,-0.004525,-0.085973,-0.072398,-0.081448
1896-05-31,-0.018182,-0.134091,-0.004545,-0.072727
1896-06-30,-0.064815,-0.071759,-0.023148,-0.011574
1896-07-31,-0.056931,0.014851,0.044554,0.103960
1896-08-31,0.052493,0.149606,0.097113,0.246719
1896-09-30,0.022444,0.052369,0.044888,0.241895
1896-10-31,0.068293,0.029268,-0.009756,0.175610
1896-11-30,-0.036530,-0.045662,-0.068493,0.061644
1896-12-31,0.000000,-0.007109,0.011848,0.125592
1897-01-31,-0.009479,-0.037915,0.056872,0.156398
1897-02-28,0.002392,-0.023923,0.136364,0.165072
1897-03-31,-0.031026,0.019093,0.188544,0.109785
1897-04-30,0.004926,0.098522,0.187192,0.125616
1897-05-31,0.046569,0.164216,0.139706,0.193627
1897-06-30,0.044496,0.166276,0.112412,0.185012
1897-07-31,0.065022,0.080717,0.094170,0.139013
1897-08-31,0.048421,-0.021053,0.025263,0.109474
1897-09-30,-0.032129,-0.046185,-0.066265,0.056225
1897-10-31,-0.035270,0.012448,-0.051867,0.068465
1897-11-30,0.021505,0.047312,0.047312,0.144086
1897-12-31,0.027368,-0.021053,0.065263,0.189474
1898-01-31,-0.002049,-0.063525,0.040984,0.245902
1898-02-28,-0.045175,0.000000,0.082136,0.295688
1898-03-31,-0.017204,0.088172,0.131183,0.376344
1898-04-30,0.065646,0.111597,0.126915,0.417943
1898-05-31,0.039014,0.082136,0.092402,0.275154
1898-06-30,0.003953,0.039526,0.116601,0.199605
1898-07-31,0.037402,0.013780,0.196850,0.236220
1898-08-31,-0.001898,0.009488,0.197343,0.222011
1898-09-30,-0.020913,0.074144,0.216730,0.211027
1898-10-31,0.033010,0.180583,0.258252,0.231068
1898-11-30,0.062030,0.186090,0.167293,0.214286
1898-12-31,0.076106,0.132743,0.074336,0.065487
1899-01-31,0.037829,0.065789,0.032895,0.003289
1899-02-28,0.014263,-0.015848,0.020602,-0.015848
1899-03-31,0.012500,-0.051563,-0.004688,-0.021875
1899-04-30,-0.041667,-0.030864,-0.021605,-0.021605
1899-05-31,-0.022544,0.037037,0.040258,-0.027375
1899-06-30,0.034596,0.049423,-0.008237,-0.034596
1899-07-31,0.025478,0.009554,-0.028662,-0.066879
1899-08-31,-0.010870,0.003106,-0.035714,-0.077640
1899-09-30,-0.004710,-0.054945,-0.017268,-0.089482
1899-10-31,0.018927,-0.037855,0.000000,-0.052050
1899-11-30,-0.068111,-0.038700,-0.065015,0.003096
1899-12-31,0.013289,0.039867,-0.026578,0.141196
1900-01-31,0.018033,0.039344,-0.039344,0.159016
1900-02-28,0.008052,-0.027375,-0.043478,0.167472
1900-03-31,0.012780,-0.063898,-0.073482,0.199681
1900-04-30,-0.047319,-0.075710,-0.052050,0.283912
1900-05-31,-0.029801,-0.016556,0.072848,0.279801
1900-06-30,0.000000,-0.010239,0.172355,0.450512
1900-07-31,0.013652,0.025597,0.206485,0.353242
1900-08-31,-0.023569,0.090909,0.220539,0.353535
1900-09-30,0.036207,0.184483,0.294828,0.379310
1900-10-31,0.078203,0.176373,0.354409,0.316140
1900-11-30,0.060185,0.118827,0.192901,0.246914
1900-12-31,0.029112,0.093159,0.237263,0.157205
1901-01-31,0.025460,0.151344,0.121641,0.148515
1901-02-28,0.035862,0.066207,0.108966,0.129655
1901-03-31,0.083888,0.131824,0.065246,0.091877
1901-04-30,-0.050369,-0.025799,-0.028256,0.041769
1901-05-31,0.099612,0.040103,0.045278,0.094437
1901-06-30,-0.067059,-0.058824,-0.064706,-0.010588
1901-07-31,0.013871,-0.002522,0.023960,0.084489
1901-08-31,-0.004975,0.004975,0.018657,0.098259
1901-09-30,-0.011250,-0.006250,0.025000,0.106250
1901-10-31,0.021492,0.026549,0.072061,0.083439
1901-11-30,-0.016089,0.013614,0.047030,0.019802
1901-12-31,0.021384,0.031447,0.057862,0.012579
1902-01-31,0.008621,0.044335,0.059113,0.041872
1902-02-28,0.001221,0.032967,0.078144,0.026862
1902-03-31,0.034146,0.025610,0.079268,-0.014634
1902-04-30,-0.002358,0.014151,0.010613,-0.086085
1902-05-31,-0.005910,0.043735,-0.026005,-0.101655
1902-06-30,0.022592,0.052319,-0.042806,-0.146254
1902-07-31,0.026744,-0.003488,-0.016279,-0.203488
1902-08-31,0.002265,-0.066818,-0.047565,-0.249151
1902-09-30,-0.031638,-0.090395,-0.087006,-0.268927
1902-10-31,-0.038506,-0.012835,-0.095683,-0.269545
1902-11-30,-0.023058,0.020631,-0.077670,-0.237864
1902-12-31,0.050932,0.003727,-0.108075,-0.183851
1903-01-31,-0.005910,-0.083924,-0.190307,-0.210402
1903-02-28,-0.039239,-0.096314,-0.211653,-0.227111
1903-03-31,-0.040842,-0.111386,-0.199257,-0.198020
1903-04-30,-0.019355,-0.116129,-0.192258,-0.143226
1903-05-31,-0.055263,-0.127632,-0.173684,-0.144737
1903-06-30,-0.045961,-0.098886,-0.084958,-0.093315
1903-07-31,-0.032117,-0.086131,-0.024818,-0.010219
1903-08-31,-0.024133,-0.052790,-0.019608,0.057315
1903-09-30,-0.032457,0.015456,0.001546,0.131376
1903-10-31,0.003195,0.067093,0.060703,0.238019
1903-11-30,0.046178,0.035032,0.035032,0.300955
1903-12-31,0.016743,-0.013699,-0.009132,0.255708
1904-01-31,-0.026946,-0.005988,0.014970,0.261976
1904-02-29,-0.003077,0.000000,0.078462,0.353846
1904-03-31,0.024691,0.004630,0.129630,0.396605
1904-04-30,-0.021084,0.021084,0.167169,0.346386
1904-05-31,0.001538,0.078462,0.256923,0.307692
1904-06-30,0.041475,0.124424,0.267281,0.321045
1904-07-31,0.033923,0.143068,0.243363,0.308260
1904-08-31,0.044223,0.165478,0.255350,0.312411
1904-09-30,0.058743,0.127049,0.236339,0.260929
1904-10-31,0.054194,0.087742,0.153548,0.207742
1904-11-30,0.009792,0.077111,0.040392,0.139535
1904-12-31,0.021818,0.096970,0.042424,0.156364
1905-01-31,0.043891,0.060498,0.052195,0.170819
1905-02-28,0.028409,-0.034091,0.045455,0.113636
1905-03-31,-0.012155,-0.049724,0.019890,0.056354
1905-04-30,-0.049217,-0.007830,0.046980,0.054810
1905-05-31,0.011765,0.082353,0.095294,0.080000
1905-06-30,0.031395,0.073256,0.109302,0.081395
1905-07-31,0.037204,0.055242,0.112740,0.021421
1905-08-31,0.003261,0.011957,0.065217,0.057609
1905-09-30,0.014085,0.033586,0.035753,0.086674
1905-10-31,-0.005342,0.054487,0.007479,0.039530
1905-11-30,0.024705,0.052632,-0.013963,0.066595
1905-12-31,0.034591,0.002096,-0.025157,0.031447
1906-01-31,-0.007092,-0.044580,-0.082067,-0.031408
1906-02-28,-0.024490,-0.063265,-0.007143,-0.055102
1906-03-31,-0.013598,-0.027197,0.049163,-0.126569
1906-04-30,-0.026511,-0.039236,0.031813,-0.110286
1906-05-31,0.013072,0.059913,0.081699,-0.117647
1906-06-30,-0.025806,0.078495,0.058065,-0.156989
1906-07-31,0.073951,0.073951,0.055188,-0.101545
1906-08-31,0.030832,0.020555,-0.048304,-0.226105
1906-09-30,-0.029910,-0.018943,-0.167498,-0.257228
1906-10-31,0.020555,-0.017472,-0.137718,-0.317575
1906-11-30,-0.009063,-0.067472,-0.184290,-0.370594
1906-12-31,-0.028455,-0.151423,-0.203252,-0.332317
1907-01-31,-0.031381,-0.122385,-0.148536,-0.283473
1907-02-28,-0.098272,-0.125270,-0.186825,-0.287257
1907-03-31,0.004790,-0.061078,-0.107784,-0.177246
1907-04-30,-0.034565,-0.029797,-0.208582,-0.137068
1907-05-31,-0.032099,-0.070370,-0.228395,-0.058025
1907-06-30,0.038265,-0.049745,-0.161990,-0.025510
1907-07-31,-0.074939,-0.184275,-0.158477,-0.027027
1907-08-31,-0.010624,-0.169987,-0.123506,0.096946
1907-09-30,-0.108725,-0.118121,-0.077852,0.096644
1907-10-31,-0.058735,0.031627,0.090361,0.245482
1907-11-30,0.051200,0.056000,0.220800,0.412800
1907-12-31,0.042618,0.045662,0.162861,0.374429
1908-01-31,-0.036496,0.056934,0.156204,0.322628
1908-02-29,0.040909,0.156061,0.251515,0.333333
1908-03-31,0.053857,0.112082,0.189229,0.298399
1908-04-30,0.053867,0.093923,0.142265,0.287293
1908-05-31,0.001311,0.082569,0.157274,0.262123
1908-06-30,0.036649,0.069372,0.181937,0.282723
1908-07-31,0.042929,0.044192,0.143939,0.255051
1908-08-31,-0.010896,0.069007,0.065375,0.232446
1908-09-30,0.012240,0.105263,0.091799,0.247246
1908-10-31,0.067715,0.095526,0.126965,0.237001
1908-11-30,0.022650,-0.003398,0.090600,0.152888
1908-12-31,0.003322,-0.012182,0.085271,0.140642
1909-01-31,-0.028698,0.028698,0.097130,0.112583
1909-02-28,0.013636,0.094318,0.156818,0.104545
1909-03-31,0.044843,0.098655,0.142377,0.116592
1909-04-30,0.033262,0.066524,0.097639,0.042918
1909-05-31,0.017653,0.057113,0.057113,-0.007269
1909-06-30,0.014286,0.039796,0.051020,-0.071429
1909-07-31,0.024145,0.029175,0.014085,-0.130785
1909-08-31,0.000982,0.000000,-0.045187,-0.130648
1909-09-30,0.003925,0.010795,-0.022571,-0.125613
1909-10-31,-0.004888,-0.014663,-0.049853,-0.088954
1909-11-30,0.011788,-0.045187,-0.060904,-0.085462
1909-12-31,-0.021359,-0.033010,-0.116505,-0.121359
1910-01-31,-0.035714,-0.035714,-0.142857,-0.080357
1910-02-28,0.024691,-0.016461,-0.089506,-0.029835
1910-03-31,-0.024096,-0.086345,-0.105422,-0.064257
1910-04-30,-0.016461,-0.111111,-0.041152,-0.045267
1910-05-31,-0.048117,-0.074268,-0.026151,-0.008368
1910-06-30,-0.050549,-0.020879,-0.005495,0.062637
1910-07-31,0.024306,0.078704,0.072917,0.114583
1910-08-31,0.006780,0.051977,0.065537,0.036158
1910-09-30,0.046016,0.015713,0.046016,-0.026936
1910-10-31,-0.001073,-0.005365,-0.004292,-0.064378
1910-11-30,-0.027927,0.012889,0.018260,-0.025779
1910-12-31,0.024309,0.029834,0.068508,0.006630
1911-01-31,0.017260,0.001079,0.038835,-0.016181
1911-02-28,-0.011665,0.005302,-0.027572,-0.041357
1911-03-31,-0.004292,0.037554,-0.069742,-0.002146
1911-04-30,0.021552,0.037716,-0.060345,0.033405
1911-05-31,0.020042,-0.032700,-0.043249,0.010549
1911-06-30,-0.004137,-0.103413,-0.057911,-0.009307
1911-07-31,-0.047767,-0.094496,-0.052960,-0.004154
1911-08-31,-0.054526,-0.010905,-0.014177,0.069793
1911-09-30,0.005767,0.050750,0.072664,0.137255
1911-10-31,0.040138,0.045872,0.099771,0.128440
1911-11-30,0.004410,-0.003308,0.056229,0.072767
1911-12-31,0.001098,0.020856,0.051592,0.029638
1912-01-31,-0.008772,0.051535,0.051535,0.019737
1912-02-29,0.028761,0.059735,0.085177,-0.007743
1912-03-31,0.031183,0.030108,0.060215,-0.053763
1912-04-30,-0.001043,0.000000,0.026069,-0.083420
1912-05-31,0.000000,0.024008,0.015658,-0.107516
1912-06-30,0.001044,0.029228,-0.020877,-0.152401
1912-07-31,0.022941,0.026069,-0.030240,-0.141814
1912-08-31,0.005097,-0.008155,-0.085627,-0.138634
1912-09-30,-0.002028,-0.048682,-0.107505,-0.134888
1912-10-31,-0.011179,-0.054878,-0.106707,-0.160569
1912-11-30,-0.035971,-0.078109,-0.121274,-0.172662
1912-12-31,-0.008529,-0.061834,-0.134328,-0.142857
1913-01-31,-0.035484,-0.054839,-0.115054,-0.100000
1913-02-28,-0.018952,-0.046823,-0.057971,-0.054627
1913-03-31,-0.001136,-0.077273,-0.030682,-0.054545
1913-04-30,-0.027304,-0.063709,-0.060296,-0.076223
1913-05-31,-0.050292,-0.011696,-0.058480,-0.044444
1913-06-30,0.013547,0.050493,-0.009852,0.001232
1913-07-31,0.026731,0.003645,0.017011,-0.066829
1913-08-31,0.009467,-0.047337,0.003550,-0.091124
1913-09-30,-0.031653,-0.057444,-0.024619,-0.099648
1913-10-31,-0.025424,0.013317,-0.016949,-0.070218
1913-11-30,-0.001242,0.053416,0.014907,-0.045963
1913-12-31,0.041045,0.034826,0.011194,-0.085821
1914-01-31,0.013142,-0.029869,-0.082437,-0.106332
1914-02-28,-0.018868,-0.036557,-0.094340,-0.129717
1914-03-31,-0.024038,-0.022837,-0.076923,-0.090144
1914-04-30,0.006158,-0.054187,-0.054187,0.002463
1914-05-31,-0.004896,-0.059976,-0.059976,-0.026928
1914-06-30,-0.055351,-0.055351,-0.095941,-0.011070
1914-07-31,0.000000,0.000000,-0.026042,0.042969
1914-08-31,0.000000,0.000000,-0.039062,0.087240
1914-09-30,0.000000,-0.042969,-0.014323,0.127604
1914-10-31,0.000000,-0.026042,0.059896,0.190104
1914-11-30,-0.042969,-0.039062,0.035156,0.231771
1914-12-31,0.017687,0.029932,0.093878,0.289796
1915-01-31,-0.013369,0.088235,0.070856,0.247326
1915-02-28,0.025745,0.077236,0.131436,0.246612
1915-03-31,0.075297,0.062087,0.143989,0.211361
1915-04-30,-0.023342,-0.015971,0.122850,0.114251
1915-05-31,0.011321,0.050314,0.189937,0.166038
1915-06-30,-0.003731,0.077114,0.179104,0.164179
1915-07-31,0.042447,0.141074,0.164794,0.152310
1915-08-31,0.037126,0.132934,0.101796,0.113772
1915-09-30,0.055427,0.094688,0.058891,0.117783
1915-10-31,0.035011,0.020788,-0.007659,0.091904
1915-11-30,0.002114,-0.027484,-0.020085,0.079281
1915-12-31,-0.015823,-0.032700,-0.012658,0.033755
1916-01-31,-0.013934,-0.027867,-0.010718,0.025723
1916-02-29,-0.003261,0.007609,0.010870,-0.018478
1916-03-31,-0.010905,0.020720,0.055616,0.015267
1916-04-30,0.022051,0.017641,0.100331,0.011025
1916-05-31,0.009709,0.003236,0.101402,-0.044229
1916-06-30,-0.013889,0.034188,0.047009,-0.034188
1916-07-31,0.007584,0.081257,0.036836,-0.047671
1916-08-31,0.040860,0.097849,-0.029032,-0.082796
1916-09-30,0.030992,0.012397,-0.038223,-0.161157
1916-10-31,0.023046,-0.041082,-0.081162,-0.230461
1916-11-30,-0.040157,-0.115573,-0.132223,-0.310480
1916-12-31,-0.023469,-0.050000,-0.077551,-0.306122
1917-01-31,-0.056426,-0.041797,-0.081505,-0.246604
1917-02-28,0.031008,-0.018826,-0.055371,-0.177187
1917-03-31,-0.015038,-0.029001,-0.127820,-0.218045
1917-04-30,-0.033806,-0.041439,-0.162486,-0.213740
1917-05-31,0.020316,-0.037246,-0.205418,-0.160271
1917-06-30,-0.027655,-0.101770,-0.247788,-0.175885
1917-07-31,-0.029579,-0.126280,-0.179750,-0.145620
1917-08-31,-0.048066,-0.174678,-0.128957,-0.111372
1917-09-30,-0.054187,-0.162562,-0.103448,-0.071429
1917-10-31,-0.083333,-0.061198,-0.061198,0.023438
1917-11-30,-0.034091,0.055398,0.056818,0.144886
1917-12-31,0.060294,0.070588,0.095588,0.161765
1918-01-31,0.030513,0.000000,0.041609,0.088766
1918-02-28,-0.020188,0.001346,0.020188,0.060565
1918-03-31,-0.009615,0.023352,0.035714,0.115385
1918-04-30,0.031900,0.041609,0.090153,0.163662
1918-05-31,0.001344,0.018817,0.083333,0.205645
1918-06-30,0.008054,0.012081,0.060403,0.236242
1918-07-31,0.009321,0.046605,0.045273,0.266312
1918-08-31,-0.005277,0.063325,0.039578,0.170185
1918-09-30,0.042440,0.047745,0.076923,0.194960
1918-10-31,0.025445,-0.001272,0.067430,0.204835
1918-11-30,-0.019851,-0.022333,0.112903,0.140199
1918-12-31,-0.006329,0.027848,0.165823,0.129114
1919-01-31,0.003822,0.068790,0.211465,0.124841
1919-02-28,0.030457,0.138325,0.125635,0.027919
1919-03-31,0.033251,0.134236,0.109606,0.067734
1919-04-30,0.069130,0.133492,0.128725,0.025030
1919-05-31,0.026756,-0.011148,0.024526,-0.101449
1919-06-30,0.032573,-0.021716,-0.031488,-0.140065
1919-07-31,-0.067298,-0.004206,-0.071504,-0.168244
1919-08-31,0.015784,0.036077,-0.086809,-0.143179
1919-09-30,0.051054,-0.009989,-0.037736,-0.126526
1919-10-31,-0.029567,-0.067582,-0.091869,-0.167899
1919-11-30,-0.029380,-0.118607,-0.122960,-0.186072
1919-12-31,-0.010090,-0.028027,-0.112108,-0.236547
1920-01-31,-0.082673,-0.026048,-0.104190,-0.194790
1920-02-29,0.070370,-0.004938,-0.061728,-0.128395
1920-03-31,-0.008074,-0.086505,-0.092272,-0.206459
1920-04-30,-0.062791,-0.080233,-0.083721,-0.196512
1920-05-31,-0.017370,-0.057072,-0.071960,-0.116625
1920-06-30,-0.001263,-0.006313,-0.140152,-0.172980
1920-07-31,-0.039191,-0.003793,-0.101138,-0.174463
1920-08-31,0.035526,-0.015789,-0.071053,-0.151316
1920-09-30,0.001271,-0.134689,-0.125794,-0.160102
1920-10-31,-0.050761,-0.097716,-0.123096,-0.149746
1920-11-30,-0.089572,-0.056150,-0.048128,-0.056150
1920-12-31,0.044053,0.010279,-0.038179,0.073421
1921-01-31,-0.007032,-0.028129,-0.081575,0.026723
1921-02-28,-0.025496,0.008499,-0.086402,0.056657
1921-03-31,0.004360,-0.047965,-0.039244,0.125000
1921-04-30,0.030391,-0.054993,-0.030391,0.188133
1921-05-31,-0.080056,-0.094101,-0.008427,0.198034
1921-06-30,-0.003053,0.009160,0.116031,0.290076
1921-07-31,-0.012251,0.026034,0.117917,0.303216
1921-08-31,0.024806,0.094574,0.156589,0.368992
1921-09-30,0.013616,0.105900,0.170953,0.370651
1921-10-31,0.053731,0.089552,0.225373,0.382090
1921-11-30,0.035411,0.056657,0.208215,0.246459
1921-12-31,-0.001368,0.058824,0.155951,0.201094
1922-01-31,0.021918,0.124658,0.165753,0.219178
1922-02-28,0.037534,0.143432,0.183646,0.243968
1922-03-31,0.060724,0.091731,0.170543,0.218346
1922-04-30,0.038977,0.036541,0.127893,0.108404
1922-05-31,-0.009379,0.035170,0.031653,0.016413
1922-06-30,0.007101,0.072189,0.039053,-0.013018
1922-07-31,0.037603,0.088132,0.045828,-0.052879
1922-08-31,0.026048,-0.003398,0.050963,-0.082673
1922-09-30,0.022075,-0.030905,0.040839,-0.100442
1922-10-31,-0.049676,-0.038877,-0.017279,-0.132829
1922-11-30,-0.002273,0.054545,-0.014773,-0.060227
1922-12-31,0.013667,0.074032,-0.050114,-0.026196
1923-01-31,0.042697,0.022472,-0.094382,-0.007865
1923-02-28,0.016164,-0.065733,-0.127155,-0.044181
1923-03-31,-0.034995,-0.115589,-0.135737,-0.077413
1923-04-30,-0.047253,-0.114286,-0.117582,-0.065934
1923-05-31,-0.038062,-0.065744,-0.046136,-0.023068
1923-06-30,-0.033573,-0.022782,0.025180,0.034772
1923-07-31,0.004963,-0.003722,0.095533,0.120347
1923-08-31,0.006173,0.020988,0.095062,0.153086
1923-09-30,-0.014724,0.049080,0.067485,0.134969
1923-10-31,0.029888,0.099626,0.058531,0.136986
1923-11-30,0.033857,0.072551,0.024184,0.165659
1923-12-31,0.032749,0.017544,0.009357,0.188304
1924-01-31,0.004530,-0.037373,0.022650,0.198188
1924-02-29,-0.019166,-0.045096,0.052988,0.202931
1924-03-31,-0.022989,-0.008046,0.063218,0.194253
1924-04-30,-0.003529,0.062353,0.074118,0.209412
1924-05-31,0.018890,0.102715,0.138135,0.252656
1924-06-30,0.046350,0.071842,0.177289,0.251448
1924-07-31,0.034330,0.011074,0.171650,0.229236
1924-08-31,-0.009636,0.032120,0.142398,0.204497
1924-09-30,-0.012973,0.098378,0.123243,0.244324
1924-10-31,0.055860,0.158817,0.125958,0.302300
1924-11-30,0.053942,0.106846,0.100622,0.271784
1924-12-31,0.041339,0.022638,0.062992,0.226378
1925-01-31,0.008507,-0.028355,0.049149,0.195652
1925-02-28,-0.026242,-0.005623,0.054358,0.187441
1925-03-31,-0.010587,0.039461,0.107796,0.136670
1925-04-30,0.032101,0.079767,0.156615,0.116732
1925-05-31,0.017908,0.060320,0.155514,0.089538
1925-06-30,0.027778,0.065741,0.153704,0.121296
1925-07-31,0.013514,0.071171,0.139640,0.136937
1925-08-31,0.023111,0.089778,0.126222,0.166222
1925-09-30,0.033015,0.082537,0.026064,0.157255
1925-10-31,0.031119,0.063919,-0.034483,0.095038
1925-11-30,0.016313,0.033442,-0.057096,0.075856
1925-12-31,0.015249,-0.052167,-0.028090,0.082665
1926-01-31,0.001581,-0.092490,-0.002372,0.059289
1926-02-28,-0.067877,-0.087609,0.035517,0.078137
1926-03-31,-0.027942,0.025402,0.127858,0.174428
1926-04-30,0.006969,0.099303,0.134146,0.237805
1926-05-31,0.047578,0.134948,0.141003,0.271626
1926-06-30,0.042114,0.099917,0.113955,0.229562
1926-07-31,0.039620,0.031696,0.061807,0.206022
1926-08-31,0.015244,0.005335,0.041159,0.221799
1926-09-30,-0.022523,0.012763,0.041291,0.271772
1926-10-31,0.013057,0.029186,0.091398,0.281106
1926-11-30,0.022745,0.035633,0.114481,0.293404
1926-12-31,-0.006672,0.028169,0.103781,0.294292
1927-01-31,0.019403,0.060448,0.135821,0.296345
1927-02-28,0.015373,0.076135,0.173499,0.249234
1927-03-31,0.024513,0.073540,0.221341,0.374308
1927-04-30,0.034483,0.071077,0.173821,0.374126
1927-05-31,0.012925,0.090476,0.160544,0.345136
1927-06-30,0.022163,0.137676,0.172599,0.270869
1927-07-31,0.053219,0.095926,0.141328,0.262152
1927-08-31,0.056769,0.064255,0.064537,0.287189
1927-09-30,-0.015348,0.030697,0.125245,0.233801
1927-10-31,0.022782,0.041428,0.170643,0.285040
1927-11-30,0.023447,0.000266,0.159056,0.407094
1927-12-31,-0.005096,0.091733,0.083805,0.378822
1928-01-31,-0.017644,0.124075,0.105862,0.464997
1928-02-29,0.117034,0.158749,0.209154,0.482619
1928-03-31,0.024378,-0.007261,0.096473,0.324170
1928-04-30,0.012658,-0.016203,0.097722,0.313418
1928-05-31,-0.043000,0.043500,0.214000,0.241500
1928-06-30,0.015152,0.104493,0.272205,0.432079
1928-07-31,0.074112,0.115800,0.324756,0.486361
1928-08-31,0.012937,0.163392,0.226162,0.519406
1928-09-30,0.025544,0.151845,0.207663,0.426679
1928-10-31,0.119926,0.187269,0.196494,0.113930
1928-11-30,0.002883,0.053954,0.022652,-0.138386
1928-12-31,0.057084,0.048460,0.125667,-0.119096
1929-01-31,-0.005827,0.007770,0.121989,-0.114608
1929-02-28,-0.002345,-0.029699,0.239156,-0.090270
1929-03-31,0.016060,0.073639,0.181355,-0.054054
1929-04-30,-0.042791,0.113338,-0.069005,-0.040093
1929-05-31,0.103907,0.277084,-0.157471,-0.013693
1929-06-30,0.053630,0.100328,-0.217439,-0.253557
1929-07-31,0.097992,-0.163781,-0.210873,-0.265582
1929-08-31,-0.048880,-0.340271,-0.265847,-0.326080
1929-09-30,-0.199271,-0.288793,-0.199271,-0.383621
1929-10-31,-0.133747,-0.056315,0.031056,-0.298551
1929-11-30,0.025335,0.112811,0.170650,-0.217017
1929-12-31,0.062471,0.125874,-0.046154,-0.284849
1930-01-31,0.021501,0.092584,-0.069329,-0.289601
1930-02-28,0.037371,0.051976,-0.082045,-0.225515
1930-03-31,0.031056,-0.152795,-0.230228,-0.308903
1930-04-30,-0.016466,-0.148193,-0.319679,-0.393976
1930-05-31,-0.164557,-0.127399,-0.331156,-0.468354
1930-06-30,0.036657,-0.091398,-0.250244,-0.275171
1930-07-31,0.007544,-0.201320,-0.236681,-0.352664
1930-08-31,-0.130089,-0.233505,-0.156294,-0.351427
1930-09-30,-0.088757,-0.174825,-0.102205,-0.477676
1930-10-31,-0.033058,-0.044274,-0.109209,-0.384298
1930-11-30,-0.063492,0.100733,-0.205128,-0.420024
1930-12-31,0.055411,0.088005,-0.033246,-0.470665
1931-01-31,0.113650,-0.067943,-0.151946,-0.509574
1931-02-28,-0.074321,-0.277870,-0.231281,-0.540211
1931-03-31,-0.095866,-0.111444,-0.418215,-0.562013
1931-04-30,-0.137177,-0.090126,-0.308814,-0.613651
1931-05-31,0.139017,0.064516,-0.270353,-0.656682
1931-06-30,-0.074174,-0.345246,-0.452461,-0.701281
1931-07-31,0.009468,-0.240350,-0.421704,-0.560816
1931-08-31,-0.299423,-0.314574,-0.401876,-0.394661
1931-09-30,0.074150,-0.163749,-0.247168,-0.167868
1931-10-31,-0.089166,-0.238734,-0.441035,-0.332694
1931-11-30,-0.145263,-0.127368,-0.529474,-0.310526
1931-12-31,-0.022167,-0.099754,-0.454434,-0.147783
1932-01-31,0.044081,-0.265743,-0.240554,-0.125945
1932-02-29,-0.118215,-0.460796,0.012063,-0.317250
1932-03-31,-0.202462,-0.393981,0.105335,-0.199726
1932-04-30,-0.233276,0.034305,0.193825,0.343053
1932-05-31,-0.008949,0.876958,0.465324,1.156600
1932-06-30,0.361174,0.823928,0.562077,1.462754
1932-07-31,0.391376,0.154229,0.150912,0.650083
1932-08-31,-0.036949,-0.219309,-0.325387,0.321812
1932-09-30,-0.138614,-0.143564,-0.275990,0.202970
1932-10-31,-0.058908,-0.002874,0.125000,0.287356
1932-11-30,0.056489,-0.135878,0.471756,0.508397
1932-12-31,0.002890,-0.154624,0.576590,0.440751
1933-01-31,-0.184438,0.128242,0.433718,0.609510
1933-02-28,0.033569,0.703180,0.959364,0.901060
1933-03-31,0.338462,0.864957,0.661539,0.815385
1933-04-30,0.231162,0.270754,0.144317,0.335888
1933-05-31,0.131743,0.150415,0.024896,-0.003112
1933-06-30,-0.087993,-0.109074,-0.086159,-0.100825
1933-07-31,0.114573,-0.099497,0.122613,-0.127638
1933-08-31,-0.123535,-0.109107,-0.029757,-0.174932
1933-09-30,-0.078189,0.025720,0.092593,-0.065844
1933-10-31,0.102679,0.246652,0.167411,-0.016741
1933-11-30,0.009109,0.089069,-0.027328,-0.034413
1933-12-31,0.120361,0.065196,-0.016048,-0.047141
1934-01-31,-0.036705,-0.063563,-0.222919,-0.185318
1934-02-28,-0.013011,-0.106877,-0.149628,-0.187732
1934-03-31,-0.015066,-0.076271,-0.145009,-0.204331
1934-04-30,-0.081262,-0.170172,-0.157744,-0.112811
1934-05-31,0.020812,-0.047867,-0.007284,-0.003122
1934-06-30,-0.115189,-0.074414,-0.031600,0.043833
1934-07-31,0.054147,0.014977,0.048387,0.276498
1934-08-31,-0.007650,0.042623,-0.044809,0.228415
1934-09-30,-0.029736,0.046256,-0.069383,0.276432
1934-10-31,0.082860,0.032917,0.053348,0.414302
1934-11-30,-0.004193,-0.083857,0.004193,0.356394
1934-12-31,-0.042105,-0.110526,0.077895,0.413684
1935-01-31,-0.039561,0.019780,0.217582,0.572527
1935-02-28,-0.033181,0.096110,0.286041,0.670481
1935-03-31,0.098225,0.211834,0.371598,0.765681
1935-04-30,0.032328,0.193966,0.342672,0.483836
1935-05-31,0.068894,0.173278,0.350731,0.503131
1935-06-30,0.082031,0.131836,0.311523,0.449219
1935-07-31,0.014440,0.124549,0.291516,0.430505
1935-08-31,0.031139,0.151246,0.298932,0.422598
1935-09-30,0.075065,0.158758,0.287317,0.381363
1935-10-31,0.038523,0.148475,0.105136,0.382825
1935-11-30,0.037867,0.128284,0.112828,0.335394
1935-12-31,0.065525,0.110946,0.104989,0.279226
1936-01-31,0.020266,-0.037736,0.107617,0.241789
1936-02-29,0.021918,-0.013699,0.095205,0.236986
1936-03-31,-0.077078,-0.005362,0.073056,0.201072
1936-04-30,0.045752,0.151053,0.251271,0.193174
1936-05-31,0.030556,0.110417,0.200000,0.129167
1936-06-30,0.068059,0.078841,0.157682,0.037736
1936-07-31,0.008833,0.087066,0.121136,0.058044
1936-08-31,0.001251,0.080675,0.129456,0.003127
1936-09-30,0.076202,0.073079,0.119300,-0.140537
1936-10-31,0.002902,0.031341,-0.046431,-0.283227
1936-11-30,-0.005787,0.045139,-0.059028,-0.357060
1936-12-31,0.034342,0.043073,-0.103609,-0.385914
1937-01-31,0.016320,-0.075408,-0.056275,-0.398424
1937-02-28,-0.007752,-0.099668,-0.111849,-0.372093
1937-03-31,-0.083147,-0.140625,-0.232143,-0.525670
1937-04-30,-0.010347,0.020694,-0.248326,-0.404747
1937-05-31,-0.052891,-0.013530,-0.316728,-0.429889
1937-06-30,0.088961,-0.106493,-0.314935,-0.249351
1937-07-31,-0.043530,-0.263566,-0.362552,-0.264759
1937-08-31,-0.142145,-0.307357,-0.293017,-0.248130
1937-09-30,-0.102471,-0.233285,-0.382267,-0.110465
1937-10-31,-0.100405,-0.134413,-0.208097,0.066397
1937-11-30,-0.050405,0.020702,-0.165616,0.145815
1937-12-31,0.013270,-0.194313,0.095735,0.245498
1938-01-31,0.060805,-0.085126,0.153414,0.150608
1938-02-28,-0.250441,-0.182540,0.063492,0.119929
1938-03-31,0.150588,0.360000,0.440000,0.291765
1938-04-30,-0.052147,0.260736,0.346626,0.117587
1938-05-31,0.247033,0.300971,0.373247,0.251348
1938-06-30,0.066609,0.058823,0.136678,-0.060554
1938-07-31,-0.021898,0.068127,-0.002433,-0.023520
1938-08-31,0.014925,0.055555,0.053068,-0.072968
1938-09-30,0.075980,0.073529,-0.102941,0.044935
1938-10-31,-0.033409,-0.066059,-0.170084,-0.025816
1938-11-30,0.032207,-0.002357,-0.088767,-0.041634
1938-12-31,-0.063927,-0.164384,-0.173516,-0.051750
1939-01-31,0.032520,-0.111382,-0.021138,-0.020325
1939-02-28,-0.135433,-0.086614,-0.119685,-0.044882
1939-03-31,-0.004554,-0.010929,0.164845,0.109290
1939-04-30,0.061299,0.101555,0.173833,0.115279
1939-05-31,-0.063793,-0.036207,0.051724,-0.200862
1939-06-30,0.108656,0.177716,0.147330,-0.081031
1939-07-31,-0.071429,0.065615,0.000831,-0.145349
1939-08-31,0.144007,0.091234,0.084973,-0.060823
1939-09-30,0.003127,-0.025801,-0.047693,-0.166536
1939-10-31,-0.049104,-0.060795,-0.049883,-0.136399
1939-11-30,0.021311,-0.005738,-0.240164,-0.133607
1939-12-31,-0.032905,-0.022472,-0.199037,-0.150883
1940-01-31,0.006639,0.011618,-0.146058,-0.164315
1940-02-29,0.004122,-0.235779,-0.134378,-0.182193
1940-03-31,0.000821,-0.180624,-0.124795,-0.182266
1940-04-30,-0.239541,-0.155865,-0.091058,-0.236259
1940-05-31,0.076591,0.132686,0.140237,0.011866
1940-06-30,0.031062,0.068136,0.060120,-0.013026
1940-07-31,0.020408,0.076774,-0.021380,0.009718
1940-08-31,0.015238,0.006667,-0.055238,-0.020952
1940-09-30,0.039400,-0.007505,-0.065666,-0.043152
1940-10-31,-0.046029,-0.091155,-0.159747,-0.142599
1940-11-30,0.000946,-0.061495,-0.112583,-0.137181
1940-12-31,-0.048204,-0.058601,-0.068998,-0.178639
1941-01-31,-0.014896,-0.075472,0.031778,-0.121152
1941-02-28,0.004032,-0.054435,0.036290,-0.134073
1941-03-31,-0.065261,-0.011044,0.024096,-0.195783
1941-04-30,0.007519,0.116004,0.020408,-0.177229
1941-05-31,0.050107,0.095949,-0.027719,-0.131130
1941-06-30,0.054822,0.035533,-0.117767,-0.157360
1941-07-31,-0.010587,-0.085659,-0.148219,-0.176131
1941-08-31,-0.007782,-0.112840,-0.164397,-0.161479
1941-09-30,-0.068627,-0.148039,-0.214706,-0.132353
1941-10-31,-0.040000,-0.068421,-0.193684,-0.014737
1941-11-30,-0.047149,-0.058114,-0.106360,0.018640
1941-12-31,0.018412,-0.078251,-0.044879,0.124281
1942-01-31,-0.029379,-0.134463,-0.032768,0.179661
1942-02-28,-0.067520,-0.051222,0.003492,0.277066
1942-03-31,-0.043695,0.036205,0.104869,0.445693
1942-04-30,0.063969,0.117494,0.221932,0.513055
1942-05-31,0.018405,0.057669,0.139877,0.478528
1942-06-30,0.031325,0.066265,0.177108,0.487952
1942-07-31,0.007009,0.093458,0.219626,0.384346
1942-08-31,0.026682,0.077726,0.272622,0.368910
1942-09-30,0.057627,0.103955,0.308475,0.364972
1942-10-31,-0.007479,0.115385,0.238248,0.272436
1942-11-30,0.051669,0.180840,0.297094,0.186222
1942-12-31,0.068577,0.185261,0.264074,0.194473
1943-01-31,0.050766,0.110153,0.135058,0.135058
1943-02-28,0.055606,0.098450,0.075661,0.077484
1943-03-31,0.000864,0.066494,0.043178,0.037997
1943-04-30,0.039689,0.022433,0.027610,0.024159
1943-05-31,0.024896,-0.020747,-0.085477,0.024896
1943-06-30,-0.040486,-0.021862,-0.055061,0.051012
1943-07-31,-0.004219,0.005063,0.000000,0.072574
1943-08-31,0.023729,-0.066102,0.001695,0.086441
1943-09-30,-0.014073,-0.033940,-0.004967,0.054636
1943-10-31,-0.074727,-0.005038,-0.003359,0.073048
1943-11-30,0.058984,0.072595,0.120690,0.164247
1943-12-31,0.015424,0.029991,0.112254,0.137961
1944-01-31,-0.002532,0.001688,0.072574,0.136709
1944-02-29,0.016921,0.044839,0.084602,0.209814
1944-03-31,-0.012479,0.079867,0.059900,0.132279
1944-04-30,0.040438,0.070767,0.076664,0.250211
1944-05-31,0.051012,0.038057,0.038866,0.215385
1944-06-30,-0.020801,-0.018490,0.023112,0.145609
1944-07-31,0.008655,0.005507,0.059795,0.153422
1944-08-31,-0.006240,0.000780,0.115445,0.209828
1944-09-30,0.003140,0.042386,0.068289,0.259812
1944-10-31,0.003912,0.053991,0.161189,0.302817
1944-11-30,0.035074,0.114575,0.169914,0.339829
1944-12-31,0.014307,0.024849,0.119729,0.307229
1945-01-31,0.061618,0.101707,0.088344,0.378619
1945-02-28,-0.048252,0.049650,0.084615,0.208392
1945-03-31,0.090375,0.092579,0.179280,0.325496
1945-04-30,0.011456,-0.012129,0.121968,0.264151
1945-05-31,-0.009327,0.033311,0.145237,0.277815
1945-06-30,-0.014122,0.079354,0.167451,0.239408
1945-07-31,0.057981,0.135744,0.266712,0.225102
1945-08-31,0.034816,0.108317,0.114120,0.073501
1945-09-30,0.037383,0.081620,0.123988,-0.067913
1945-10-31,0.032432,0.115315,0.126727,-0.108709
1945-11-30,0.009889,0.005236,0.115765,-0.146015
1945-12-31,0.069700,0.039171,0.061636,-0.118664
1946-01-31,-0.069467,0.010232,-0.032849,-0.156704
1946-02-28,0.043981,0.109954,-0.036458,-0.107060
1946-03-31,0.039911,0.021619,-0.170732,-0.159091
1946-04-30,0.022388,-0.042644,-0.208955,-0.222815
1946-05-31,-0.039103,-0.131908,-0.234619,-0.246611
1946-06-30,-0.025502,-0.188280,-0.169832,-0.174715
1946-07-31,-0.072940,-0.173719,-0.128062,-0.122494
1946-08-31,-0.101501,-0.118318,-0.073273,-0.079880
1946-09-30,-0.008021,0.022727,0.014037,0.010027
1946-10-31,-0.010782,0.055256,-0.017520,0.039757
1946-11-30,0.042234,0.051090,-0.015668,0.020436
1946-12-31,0.023529,-0.008497,-0.005882,0.000000
1947-01-31,-0.014687,-0.068966,0.006386,-0.062580
1947-02-28,-0.016850,-0.063513,-0.007129,-0.097213
1947-03-31,-0.038893,0.002637,-0.003955,-0.005933
1947-04-30,-0.008916,0.080933,0.058299,0.061728
1947-05-31,0.052595,0.060208,0.036678,0.155017
1947-06-30,0.036160,-0.006575,0.005917,0.100592
1947-07-31,-0.027919,-0.020939,-0.068528,0.005711
1947-08-31,-0.013708,-0.022193,-0.090731,0.042428
1947-09-30,0.021178,0.012574,-0.001985,0.025149
1947-10-31,-0.029164,-0.048607,0.003240,0.069345
1947-11-30,0.021362,-0.070093,0.114152,-0.015354
1947-12-31,-0.040523,-0.014379,0.094118,-0.006536
1948-01-31,-0.051090,0.054496,0.079700,0.036785
1948-02-29,0.082556,0.198134,0.146447,0.049533
1948-03-31,0.026525,0.110080,0.027188,-0.001326
1948-04-30,0.078165,0.023902,0.065892,-0.049742
1948-05-31,0.002996,-0.043140,-0.116237,-0.149790
1948-06-30,-0.053166,-0.074671,-0.091995,-0.154122
1948-07-31,0.007571,0.041009,-0.039748,-0.051104
1948-08-31,-0.030056,-0.076393,-0.084534,-0.046963
1948-09-30,0.065203,-0.018722,-0.027760,0.005810
1948-10-31,-0.106061,-0.077576,-0.108485,-0.027879
1948-11-30,0.030508,-0.008814,-0.037966,0.088814
1948-12-31,0.001316,-0.009210,-0.068421,0.104605
1949-01-31,-0.039422,-0.033509,-0.011827,0.120236
1949-02-28,0.030096,-0.029412,0.041040,0.177839
1949-03-31,-0.023240,-0.059761,0.034529,0.148074
1949-04-30,-0.035350,0.022434,0.090415,0.220938
1949-05-31,-0.002114,0.072586,0.131783,0.323467
1949-06-30,0.062147,0.100282,0.185735,0.249294
1949-07-31,0.011968,0.066489,0.133644,0.186170
1949-08-31,0.023653,0.055190,0.131406,0.210250
1949-09-30,0.029525,0.077664,0.109756,0.248395
1949-10-31,0.001247,0.062967,0.119701,0.217581
1949-11-30,0.045455,0.072229,0.169365,0.214819
1949-12-31,0.015485,0.029780,0.053603,0.216796
1950-01-31,0.009971,0.053372,0.046334,0.270381
1950-02-28,0.004065,0.090592,0.069686,0.265970
1950-03-31,0.038751,0.023135,0.124928,0.242337
1950-04-30,0.045657,-0.006681,0.087417,0.248886
1950-05-31,-0.058040,-0.019169,0.038871,0.145900
1950-06-30,0.008479,0.099491,0.154890,0.184850
1950-07-31,0.032511,0.094731,0.214126,0.255605
1950-08-31,0.055918,0.059175,0.183496,0.263844
1950-09-30,0.004113,0.050386,0.104370,0.195887
1950-10-31,-0.001024,0.109063,0.148489,0.174603
1950-11-30,0.047155,0.117376,0.103024,0.172732
1950-12-31,0.060206,0.051395,0.025942,0.163485
1951-01-31,0.006463,0.035549,0.034164,0.114497
1951-02-28,-0.014679,-0.012844,0.067890,0.066973
1951-03-31,0.044227,-0.024209,0.082868,0.134544
1951-04-30,-0.040571,-0.001338,0.022737,0.039679
1951-05-31,-0.026022,0.081784,0.063197,0.108736
1951-06-30,0.068702,0.109733,0.134065,0.190840
1951-07-31,0.039286,0.024107,0.077679,0.133929
1951-08-31,-0.000859,-0.017182,-0.000859,0.075172
1951-09-30,-0.013758,0.021926,0.047721,0.055030
1951-10-31,-0.002616,0.052310,0.016565,0.068875
1951-11-30,0.038899,0.016608,0.042832,0.121504
1951-12-31,0.015566,0.025242,0.050063,0.117796
1952-01-31,-0.036454,-0.033969,0.052196,0.092792
1952-02-29,0.047721,0.025795,0.076096,0.113500
1952-03-31,-0.043086,0.024210,0.006976,0.037751
1952-04-30,0.023156,0.089194,0.051458,0.055746
1952-05-31,0.046102,0.049036,0.075440,0.028500
1952-06-30,0.017628,-0.016827,0.064503,-0.032853
1952-07-31,-0.014567,-0.034646,0.038583,-0.025591
1952-08-31,-0.019576,0.025170,0.034758,-0.068318
1952-09-30,-0.000815,0.082722,0.030562,-0.048492
1952-10-31,0.046493,0.075856,0.004078,0.000816
1952-11-30,0.035464,0.009353,-0.043648,-0.035074
1952-12-31,-0.007151,-0.048175,-0.091457,-0.066240
1953-01-31,-0.018196,-0.066717,-0.061789,-0.011372
1953-02-28,-0.023552,-0.052510,-0.099614,0.009653
1953-03-31,-0.026493,-0.045473,-0.076710,0.065243
1953-04-30,-0.003249,0.005280,-0.003249,0.147847
1953-05-31,-0.016300,-0.049715,0.008965,0.189487
1953-06-30,0.025269,-0.032726,0.027755,0.210025
1953-07-31,-0.057778,-0.008485,0.053737,0.247677
1953-08-31,0.001286,0.061750,0.121355,0.279160
1953-09-30,0.050964,0.062527,0.153747,0.383726
1953-10-31,0.008965,0.062755,0.151589,0.290954
1953-11-30,0.002019,0.056139,0.178918,0.382876
1953-12-31,0.051189,0.085853,0.177348,0.450222
1954-01-31,0.002684,0.083589,0.184049,0.404525
1954-02-28,0.030210,0.116252,0.140727,0.405736
1954-03-31,0.048998,0.084261,0.199332,0.357832
1954-04-30,0.032909,0.092711,0.121019,0.343241
1954-05-31,0.000685,0.021925,0.173004,0.298732
1954-06-30,0.057172,0.106128,0.231770,0.404656
1954-07-31,-0.034003,0.025907,0.186205,0.409326
1954-08-31,0.083138,0.147838,0.232316,0.447536
1954-09-30,-0.019499,0.113587,0.132157,0.351594
1954-10-31,0.080808,0.156250,0.198232,0.336490
1954-11-30,0.050818,0.073598,0.107185,0.329147
1954-12-31,0.018066,0.016676,0.140356,0.264036
1955-01-31,0.003549,0.036309,0.188097,0.196287
1955-02-28,-0.004897,0.031284,0.174646,0.233406
1955-03-31,0.037725,0.121651,0.193822,0.325314
1955-04-30,-0.001317,0.146470,0.115385,0.274500
1955-05-31,0.082300,0.139013,0.200475,0.192298
1955-06-30,0.060687,0.064343,0.108457,0.144772
1955-07-31,-0.007813,-0.027114,0.006893,0.134880
1955-08-31,0.011348,0.053960,0.050023,0.100278
1955-09-30,-0.030456,0.041447,0.110144,0.038470
1955-10-31,0.074870,0.034955,0.142655,0.076523
1955-11-30,-0.000659,-0.003735,-0.006812,-0.009448
1955-12-31,-0.036500,0.065963,0.032762,0.026165
1956-01-31,0.034687,0.104062,0.127111,0.020539
1956-02-29,0.069255,-0.003088,0.047861,-0.045876
1956-03-31,-0.002063,-0.031147,-0.064563,-0.090140
1956-04-30,-0.065730,0.020876,-0.057875,-0.054568
1956-05-31,0.039159,0.051106,-0.002655,0.049336
1956-06-30,0.051522,-0.034490,-0.006387,0.008516
1956-07-31,-0.038064,-0.077141,-0.094554,-0.029966
1956-08-31,-0.045464,-0.051147,-0.089455,-0.048200
1956-09-30,0.005072,0.029107,-0.027343,-0.064609
1956-10-31,-0.010970,-0.018868,0.003510,-0.099166
1956-11-30,0.035271,-0.040373,0.052130,-0.074534
1956-12-31,-0.041783,-0.054853,0.014999,-0.143133
1957-01-31,-0.032648,0.022809,0.071333,-0.067531
1957-02-28,0.019649,0.096394,0.045308,-0.055941
1957-03-31,0.036953,0.073906,-0.038313,-0.045568
1957-04-30,0.036948,0.047442,-0.102317,-0.050284
1957-05-31,-0.001265,-0.046595,-0.120388,-0.070420
1957-06-30,0.011400,-0.104497,-0.155795,-0.044965
1957-07-31,-0.056147,-0.142976,-0.129618,-0.015028
1957-08-31,-0.061920,-0.077399,-0.096860,0.055949
1957-09-30,-0.032060,-0.057284,-0.007544,0.180104
1957-10-31,0.016074,0.015587,0.057964,0.250122
1957-11-30,-0.041467,-0.021093,0.056807,0.257910
1957-12-31,0.042761,0.052763,0.131283,0.380595
1958-01-31,-0.020624,0.041727,0.131655,0.329736
1958-02-28,0.030852,0.079579,0.169197,0.356758
1958-03-31,0.031829,0.074584,0.189074,0.316865
1958-04-30,0.014963,0.086326,0.181630,0.325737
1958-05-31,0.026083,0.083012,0.190293,0.330914
1958-06-30,0.043103,0.106543,0.220380,0.292440
1958-07-31,0.011867,0.087731,0.175037,0.282263
1958-08-31,0.048377,0.099058,0.160419,0.248168
1958-09-30,0.025370,0.102876,0.107471,0.136237
1958-10-31,0.022404,0.080265,0.121956,0.120592
1958-11-30,0.052020,0.055831,0.118140,0.110518
1958-12-31,0.004347,0.004166,0.059047,0.084767
1959-01-31,-0.000721,0.038593,0.091253,0.002885
1959-02-28,0.000541,0.059015,0.075618,0.012814
1959-03-31,0.038781,0.054654,0.025974,-0.001804
1959-04-30,0.018927,0.050703,-0.001215,-0.055913
1959-05-31,-0.003579,0.015678,-0.006817,-0.048568
1959-06-30,0.034890,-0.027193,0.024286,-0.026509
1959-07-31,-0.015039,-0.049413,-0.080978,-0.082631
1959-08-31,-0.045638,-0.022148,-0.058389,-0.044295
1959-09-30,0.011252,0.052918,-0.027075,-0.059072
1959-10-31,0.013213,-0.033206,-0.054764,-0.071801
1959-11-30,0.027625,-0.037062,-0.042038,-0.047014
1959-12-31,-0.071464,-0.075973,-0.049591,-0.029721
1960-01-31,0.009171,-0.022298,-0.001798,0.110951
1960-02-29,-0.013899,-0.005167,0.014968,0.130435
1960-03-31,-0.017528,0.028551,-0.032888,0.175641
1960-04-30,0.026853,0.020967,-0.018025,0.201214
1960-05-31,0.019523,0.020240,-0.005194,0.192190
1960-06-30,-0.024772,-0.059733,0.020907,0.135629
1960-07-31,0.026121,-0.038191,0.112953,0.202666
1960-08-31,-0.060393,-0.024930,0.113764,0.195049
1960-09-30,-0.002429,0.085762,0.215620,0.246824
1960-10-31,0.040270,0.157146,0.223263,0.285259
1960-11-30,0.046273,0.142240,0.198415,0.284120
1960-12-31,0.063156,0.119601,0.112373,0.231286
1961-01-31,0.026870,0.057138,0.080609,0.114276
1961-02-28,0.025536,0.049180,0.072982,0.102774
1961-03-31,0.003843,-0.006456,0.025669,0.069013
1961-04-30,0.019139,0.022202,0.050681,-0.001072
1961-05-31,-0.028846,0.022686,0.071514,-0.104117
1961-06-30,0.032797,0.032333,0.106900,-0.153001
1961-07-31,0.019622,0.027861,0.031156,-0.127771
1961-08-31,-0.019686,0.047745,0.027766,-0.131482
1961-09-30,0.028323,0.072231,0.042260,-0.156751
1961-10-31,0.039347,0.003206,-0.049257,-0.176333
1961-11-30,0.003225,-0.019069,-0.163909,-0.127033
1961-12-31,-0.037876,-0.027952,-0.234801,-0.118099
1962-01-31,0.016270,-0.052295,-0.154125,-0.038350
1962-02-28,-0.005860,-0.147656,-0.154946,-0.081046
1962-03-31,-0.061970,-0.212797,-0.190942,-0.042847
1962-04-30,-0.085990,-0.107449,-0.133660,0.069896
1962-05-31,-0.081838,-0.008553,0.044105,0.187322
1962-06-30,0.063562,0.027763,0.152511,0.267032
1962-07-31,0.015284,-0.029366,0.136871,0.187189
1962-08-31,-0.048207,0.053112,0.087449,0.226319
1962-09-30,0.004443,0.121379,0.183046,0.274214
1962-10-31,0.101557,0.171267,0.234961,0.309448
1962-11-30,0.013492,0.032605,0.137167,0.176197
1962-12-31,0.049128,0.054992,0.099366,0.188906
1963-01-31,-0.028852,0.054381,0.044260,0.163746
1963-02-28,0.035464,0.101260,0.127703,0.210142
1963-03-31,0.048520,0.042061,0.077062,0.186420
1963-04-30,0.014327,-0.009599,0.060315,0.138395
1963-05-31,-0.020198,0.024011,0.034322,0.135169
1963-06-30,-0.003460,0.033588,0.081447,0.177598
1963-07-31,0.048749,0.070592,0.114422,0.203240
1963-08-31,-0.011035,0.010069,0.073103,0.128690
1963-09-30,0.032218,0.046304,0.101534,0.174059
1963-10-31,-0.010539,0.040940,0.073639,0.146602
1963-11-30,0.024443,0.062406,0.097501,0.152806
1963-12-31,0.026926,0.052786,0.088910,0.129699
1964-01-31,0.009865,0.031412,0.079699,0.136552
1964-02-29,0.015167,0.033033,0.051799,0.123779
1964-03-31,0.006077,0.034312,0.065839,0.090909
1964-04-30,0.011452,0.046816,0.067959,0.121445
1964-05-31,0.016424,0.018166,0.050392,0.100162
1964-06-30,0.018240,0.030481,0.037459,0.029747
1964-07-31,-0.016230,0.020197,0.052657,0.024886
1964-08-31,0.028718,0.031651,0.068435,0.065257
1964-09-30,0.008078,0.006771,0.023521,0.068662
1964-10-31,-0.005185,0.031817,0.050082,0.089088
1964-11-30,0.003909,0.035655,0.047382,0.085169
1964-12-31,0.033156,0.016637,-0.007434,0.090619
1965-01-31,-0.001485,0.017702,-0.026382,0.060758
1965-02-28,-0.014526,0.011323,-0.002974,0.043349
1965-03-31,0.034239,-0.023677,0.044104,0.035631
1965-04-30,-0.007743,-0.043317,0.037145,0.021883
1965-05-31,-0.048631,-0.014137,0.036078,-0.025899
1965-06-30,0.013433,0.069425,0.098787,0.007370
1965-07-31,0.022522,0.084106,0.089501,-0.019355
1965-08-31,0.032006,0.050935,0.046461,-0.115521
1965-09-30,0.027345,0.027457,-0.008115,-0.148955
1965-10-31,-0.008764,0.004977,-0.014715,-0.132222
1965-11-30,0.008951,-0.004257,-0.059819,-0.121821
1965-12-31,0.004869,-0.034621,-0.083198,-0.130910
1966-01-31,-0.017872,-0.019595,-0.099914,-0.067506
1966-02-28,-0.021815,-0.055799,-0.154791,-0.048674
1966-03-31,0.020509,-0.050319,-0.141993,0.010871
1966-04-30,-0.054140,-0.081924,-0.119262,0.032396
1966-05-31,-0.016138,-0.104842,-0.065947,0.034251
1966-06-30,-0.013453,-0.096531,-0.052041,0.069625
1966-07-31,-0.077751,-0.040670,0.036005,0.133373
1966-08-31,-0.007004,0.043450,0.125551,0.214527
1966-09-30,0.047544,0.049242,0.178161,0.263192
1966-10-31,0.003117,0.079925,0.172195,0.163342
1966-11-30,-0.001492,0.078682,0.107272,0.168428
1966-12-31,0.078178,0.122868,0.128346,0.200921
1967-01-31,0.001963,0.085440,0.093985,0.065004
1967-02-28,0.039410,0.026504,0.079050,0.029730
1967-03-31,0.042240,0.004878,0.072173,0.000000
1967-04-30,-0.052441,0.007871,-0.007552,0.036698
1967-05-31,0.017512,0.051190,0.055231,0.107768
1967-06-30,0.045344,0.066968,0.064320,0.098632
1967-07-31,-0.011715,-0.015303,-0.026491,0.031557
1967-08-31,0.032785,0.003845,-0.045707,0.055745
1967-09-30,-0.035260,-0.002482,-0.067315,0.061628
1967-10-31,0.007503,-0.011361,0.044587,0.108360
1967-11-30,0.026277,-0.049362,0.049787,0.152872
1967-12-31,-0.043848,-0.064994,0.032238,0.076604
1968-01-31,-0.031223,0.056592,0.059627,0.116761
1968-02-29,0.009400,0.104297,0.106312,0.098142
1968-03-31,0.080488,0.103991,0.138248,0.125388
1968-04-30,0.012518,0.002873,0.061051,0.063924
1968-05-31,0.009120,0.001824,0.098196,0.048439
1968-06-30,-0.018478,0.031030,0.042981,-0.018779
1968-07-31,0.011459,0.058011,0.053919,-0.060467
1968-08-31,0.038539,0.096197,-0.007384,-0.033886
1968-09-30,0.007208,0.011591,-0.011298,-0.093016
1968-10-31,0.047964,-0.003868,0.002708,-0.060826
1968-11-30,-0.041617,-0.094491,-0.045308,-0.134355
1968-12-31,-0.008184,-0.022627,-0.059214,-0.113615
1969-01-31,-0.047374,0.006601,-0.108533,-0.174643
1969-02-28,0.034444,0.054316,-0.026699,-0.087945
1969-03-31,0.021476,-0.037435,-0.082652,-0.117033
1969-04-30,-0.002218,-0.114379,-0.063362,-0.213810
1969-05-31,-0.055577,-0.076841,-0.093273,-0.260100
1969-06-30,-0.060178,-0.046976,-0.057824,-0.255757
1969-07-31,0.040074,0.057606,-0.074159,-0.150060
1969-08-31,-0.025024,-0.017799,-0.062925,-0.146477
1969-09-30,0.042955,-0.011383,-0.037479,-0.094716
1969-10-31,-0.034082,-0.124588,-0.160626,-0.142813
1969-11-30,-0.018655,-0.045944,-0.183989,-0.070462
1969-12-31,-0.076472,-0.026396,-0.210080,0.000978
1970-01-31,0.052694,-0.041167,-0.081981,0.127735
1970-02-28,0.001452,-0.144693,-0.089162,0.081006
1970-03-31,-0.090483,-0.188664,-0.059467,0.119157
1970-04-30,-0.060967,-0.042566,0.021222,0.275147
1970-05-31,-0.050033,0.064925,0.139125,0.301502
1970-06-30,0.073295,0.159241,0.267189,0.357261
1970-07-31,0.044459,0.066624,0.228443,0.224600
1970-08-31,0.034102,0.069676,0.186825,0.214794
1970-09-30,-0.012456,0.093120,0.189917,0.166548
1970-10-31,0.047447,0.151712,0.248649,0.131892
1970-11-30,0.056766,0.109518,0.142546,0.077867
1970-12-31,0.040477,0.088551,0.071080,0.107868
1971-01-31,0.009074,0.084168,-0.003129,0.084063
1971-02-28,0.036796,0.029767,0.023566,0.101499
1971-03-31,0.036288,-0.016050,-0.019639,0.068687
1971-04-30,-0.041558,-0.080519,-0.093506,0.035786
1971-05-31,-0.009335,-0.006022,-0.056609,0.099368
1971-06-30,-0.031611,-0.003647,0.034346,0.085512
1971-07-31,0.036095,-0.014124,0.087466,0.123561
1971-08-31,-0.006968,-0.050894,0.076139,0.121781
1971-09-30,-0.041794,0.038133,0.090096,0.124161
1971-10-31,-0.002547,0.103046,0.142630,0.184124
1971-11-30,0.086179,0.133844,0.165337,0.241302
1971-12-31,0.018121,0.050054,0.049466,0.156333
1972-01-31,0.025303,0.035886,0.033192,0.116317
1972-02-29,0.005912,0.027775,0.042413,0.047950
1972-03-31,0.004384,-0.000560,0.031250,0.040299
1972-04-30,0.017275,-0.002601,0.036315,-0.006501
1972-05-31,-0.021821,0.014243,0.065188,-0.041815
1972-06-30,0.002333,0.031828,0.101829,-0.026881
1972-07-31,0.034454,0.039017,0.080454,0.007729
1972-08-31,-0.004861,0.050230,0.005311,-0.061572
1972-09-30,0.009317,0.067843,0.008774,-0.019177
1972-10-31,0.045617,0.039882,-0.041316,-0.029486
1972-11-30,0.011828,-0.042770,-0.100454,-0.177509
1972-12-31,-0.017111,-0.055316,-0.116815,-0.173655
1973-01-31,-0.037490,-0.078083,-0.067310,-0.167715
1973-02-28,-0.001433,-0.060261,-0.066529,-0.138431
1973-03-31,-0.040800,-0.065100,-0.027708,-0.157281
1973-04-30,-0.018884,0.011686,0.012340,-0.155745
1973-05-31,-0.006575,-0.006670,-0.085660,-0.168366
1973-06-30,0.037982,0.039996,-0.064358,-0.175139
1973-07-31,-0.036685,0.000647,-0.107651,-0.267141
1973-08-31,0.040096,-0.079520,-0.077026,-0.307914
1973-09-30,-0.001291,-0.100341,-0.133266,-0.414000
1973-10-31,-0.113861,-0.108228,-0.166036,-0.317573
1973-11-30,0.016569,0.002709,-0.090454,-0.270842
1973-12-31,-0.010046,-0.036597,-0.118401,-0.297181
1974-01-31,-0.003624,-0.064823,-0.178730,-0.202858
1974-02-28,-0.023280,-0.092912,-0.250156,-0.152047
1974-03-31,-0.039051,-0.084912,-0.323899,-0.113003
1974-04-30,-0.033551,-0.121803,-0.181707,-0.033330
1974-05-31,-0.014665,-0.173350,-0.198327,0.044340
1974-06-30,-0.077791,-0.261163,-0.202791,0.106860
1974-07-31,-0.090279,-0.068213,-0.029378,0.119027
1974-08-31,-0.119335,-0.030215,0.130838,0.204158
1974-09-30,0.163047,0.079005,0.311929,0.319956
1974-10-31,-0.053180,0.041678,0.181326,0.204871
1974-11-30,-0.020152,0.166071,0.302701,0.303987
1974-12-31,0.122812,0.215869,0.388419,0.315490
1975-01-31,0.059886,0.134061,0.152897,0.310210
1975-02-28,0.021694,0.117171,0.064836,0.222086
1975-03-31,0.047265,0.141915,0.006118,0.232845
1975-04-30,0.044101,0.016609,0.019931,0.164261
1975-05-31,0.044323,-0.046846,0.000987,0.099067
1975-06-30,-0.067654,-0.118920,-0.052527,0.095493
1975-07-31,-0.021070,0.003268,0.136451,0.165521
1975-08-31,-0.034645,0.050184,0.147675,0.184507
1975-09-30,0.061643,0.075355,0.225349,0.254799
1975-10-31,0.024708,0.132749,0.141509,0.155660
1975-11-30,-0.011508,0.092832,0.097983,0.119027
1975-12-31,0.118306,0.139483,0.156226,0.191485
1976-01-31,-0.011402,0.007733,0.025580,0.011600
1976-02-29,0.030689,0.004714,0.032093,0.001103
1976-03-31,-0.010995,0.014693,0.024034,-0.042328
1976-04-30,-0.014364,0.017710,0.012397,-0.031484
1976-05-31,0.040926,0.027251,0.019165,-0.040527
1976-06-30,-0.008055,0.009206,0.030495,-0.036440
1976-07-31,-0.005124,-0.005220,-0.013631,-0.044374
1976-08-31,0.022641,-0.007871,-0.030026,-0.059664
1976-09-30,-0.022235,0.021095,-0.064804,-0.082763
1976-10-31,-0.007775,-0.008455,-0.043343,-0.102624
1976-11-30,0.052498,-0.022331,-0.058570,-0.071205
1976-12-31,-0.050530,-0.084124,-0.064954,-0.115020
1977-01-31,-0.021660,-0.035186,-0.031167,-0.125257
1977-02-28,-0.014025,-0.037067,-0.030555,-0.128030
1977-03-31,0.000203,0.020931,-0.019203,-0.093579
1977-04-30,-0.023568,0.004165,-0.061967,-0.016355
1977-05-31,0.045360,0.006762,-0.013421,0.011652
1977-06-30,-0.016222,-0.039311,-0.053543,-0.049264
1977-07-31,-0.021042,-0.065857,-0.097117,0.018513
1977-08-31,-0.002480,-0.020047,-0.100548,0.067376
1977-09-30,-0.043406,-0.014814,-0.075831,0.062260
1977-10-31,0.026966,-0.033463,0.048625,0.008772
1977-11-30,0.002847,-0.082147,0.025414,-0.001371
1977-12-31,-0.061514,-0.061935,0.004522,0.010620
1978-01-31,-0.024762,0.084930,0.128067,0.119664
1978-02-28,0.024931,0.117187,0.186696,0.106158
1978-03-31,0.085416,0.070844,0.149423,0.138774
1978-04-30,0.004234,0.039760,-0.038005,0.050914
1978-05-31,-0.017585,0.062217,-0.026121,0.018922
1978-06-30,0.053910,0.073380,0.006071,0.077253
1978-07-31,0.025924,-0.074791,-0.007449,0.031089
1978-08-31,-0.007261,-0.083164,-0.067867,0.058379
1978-09-30,-0.091574,-0.062707,-0.009265,0.066121
1978-10-31,0.016640,0.072786,0.092432,0.093076
1978-11-30,0.014889,0.016684,0.046251,0.121014
1978-12-31,0.039746,0.057018,0.070752,0.123088
1979-01-31,-0.036526,0.018313,0.038827,0.142400
1979-02-28,0.055152,0.029082,0.135438,0.180515
1979-03-31,0.001673,0.012993,0.076090,0.004922
1979-04-30,-0.026336,0.020145,0.000590,0.044516
1979-05-31,0.038656,0.103351,0.071457,0.122729
1979-06-30,0.008745,0.062287,0.048878,0.110096
1979-07-31,0.053078,-0.019170,0.099701,0.172045
1979-08-31,0.000000,-0.028906,0.039700,0.119466
1979-09-30,-0.068606,-0.012623,-0.066136,0.147640
1979-10-31,0.042624,0.121194,0.043901,0.251915
1979-11-30,0.016767,0.070648,0.047852,0.323662
1979-12-31,0.057625,-0.054197,0.058366,0.257736
1980-01-31,-0.004380,-0.068938,0.065785,0.134811
1980-02-29,-0.101795,-0.021292,0.076720,0.154936
1980-03-31,0.041140,0.119013,0.228916,0.332158
1980-04-30,0.046571,0.144698,0.199266,0.249506
1980-05-31,0.026969,0.100144,0.263215,0.191927
1980-06-30,0.065039,0.098214,0.188375,0.148547
1980-07-31,0.005835,0.047670,0.064765,0.076025
1980-08-31,0.025168,0.148227,0.072643,0.003350
1980-09-30,0.016021,0.082098,0.084011,-0.073968
1980-10-31,0.102377,0.016318,0.041892,-0.043775
1980-11-30,-0.033874,-0.065827,-0.056433,-0.100840
1980-12-31,-0.045742,0.001768,-0.033515,-0.097304
1981-01-31,0.013277,0.025164,0.010575,-0.070629
1981-02-28,0.036033,0.010056,-0.064600,-0.138341
1981-03-31,-0.023456,-0.035221,-0.145735,-0.176765
1981-04-30,-0.001657,-0.014231,-0.082223,-0.123259
1981-05-31,-0.010408,-0.073912,-0.047062,-0.156196
1981-06-30,-0.002210,-0.114549,-0.066001,-0.164622
1981-07-31,-0.062099,-0.068973,-0.080354,-0.182020
1981-08-31,-0.053832,0.028993,-0.078834,-0.026712
1981-09-30,0.049148,0.054829,-0.036323,0.036495
1981-10-31,0.036590,-0.012224,-0.044712,0.097055
1981-11-30,-0.030075,-0.104788,-0.114523,0.096399
1981-12-31,-0.017544,-0.086414,-0.105590,0.147613
1982-01-31,-0.060548,-0.032890,-0.110548,0.206811
1982-02-28,-0.010167,-0.010874,0.056582,0.308991
1982-03-31,0.040014,-0.020990,0.075563,0.366202
1982-04-30,-0.039162,-0.080299,0.148403,0.412144
1982-05-31,-0.020290,0.068198,0.238202,0.451466
1982-06-30,-0.022991,0.098622,0.283095,0.529422
1982-07-31,0.115977,0.248669,0.356803,0.517976
1982-08-31,0.007614,0.159150,0.238892,0.375617
1982-09-30,0.110447,0.167912,0.270221,0.379090
1982-10-31,0.035971,0.086599,0.229659,0.223078
1982-11-30,0.015231,0.068794,0.172237,0.201184
1982-12-31,0.033134,0.087600,0.191980,0.172710
1983-01-31,0.018995,0.131659,0.118789,0.124639
1983-02-28,0.033095,0.096785,0.110361,0.060786
1983-03-31,0.074987,0.095973,0.085709,0.040664
1983-04-30,-0.012406,-0.011373,-0.005352,-0.026637
1983-05-31,0.032330,0.012378,0.024694,-0.072911
1983-06-30,-0.030303,-0.009365,-0.016166,-0.086256
1983-07-31,0.011319,0.006090,0.005229,-0.073204
1983-08-31,0.010158,0.012165,-0.044647,0.013869
1983-09-30,-0.015174,-0.006865,-0.041489,0.000181
1983-10-31,0.017426,-0.000856,-0.021400,0.015530
1983-11-30,-0.008834,-0.056130,-0.095252,-0.016947
1983-12-31,-0.009216,-0.034863,-0.071242,0.014006
1984-01-31,-0.038859,-0.020562,-0.078025,0.099260
1984-02-29,0.013498,-0.041449,0.061250,0.153572
1984-03-31,0.005466,-0.037693,0.043473,0.134942
1984-04-30,-0.059356,-0.058669,0.037738,0.123586
1984-05-31,0.017469,0.107140,0.086549,0.259050
1984-06-30,-0.016451,0.084345,0.091788,0.252448
1984-07-31,0.106332,0.102416,0.192287,0.267224
1984-08-31,-0.003480,-0.018598,0.086993,0.131690
1984-09-30,-0.000060,0.006863,0.087658,0.096207
1984-10-31,-0.015112,0.081522,0.082726,0.142874
1984-11-30,0.022374,0.107593,0.158760,0.235909
1984-12-31,0.074085,0.080244,0.147154,0.263334
1985-01-31,0.008629,0.001113,0.062851,0.178979
1985-02-28,-0.002870,0.046197,0.041119,0.252456
1985-03-31,-0.004594,0.061940,0.007860,0.322373
1985-04-30,0.054051,0.061669,0.055552,0.309681
1985-05-31,0.012134,-0.004854,0.066579,0.304933
1985-06-30,-0.004848,-0.050925,0.101277,0.307480
1985-07-31,-0.011995,-0.005762,0.109260,0.236748
1985-08-31,-0.034724,0.071781,0.202990,0.340879
1985-09-30,0.042509,0.160369,0.312061,0.270431
1985-10-31,0.065062,0.115688,0.240754,0.285323
1985-11-30,0.045061,0.122422,0.223475,0.232725
1985-12-31,0.002367,0.130727,0.187240,0.146204
1986-01-31,0.071489,0.112097,0.114931,0.294173
1986-02-28,0.052794,0.090032,0.114622,0.252424
1986-03-31,-0.014148,0.049979,-0.031729,0.221013
1986-04-30,0.050229,0.002548,0.035920,0.224355
1986-05-31,0.014110,0.022559,0.007560,0.172832
1986-06-30,-0.058683,-0.077818,-0.034564,0.211928
1986-07-31,0.071193,0.033288,0.160766,0.349568
1986-08-31,-0.085439,-0.014668,0.123631,0.303918
1986-09-30,0.054729,0.046905,0.261024,0.391276
1986-10-31,0.021477,0.123371,0.181900,0.032011
1986-11-30,-0.028288,0.140358,0.164032,-0.075917
1986-12-31,0.131767,0.204526,0.255317,0.020275
1987-01-31,0.036924,0.052102,0.162653,-0.062062
1987-02-28,0.026390,0.020760,0.160450,-0.057635
1987-03-31,-0.011450,0.042167,0.103291,-0.112479
1987-04-30,0.006034,0.105077,-0.126821,-0.093737
1987-05-31,0.047914,0.136849,-0.206136,-0.096312
1987-06-30,0.048224,0.058651,-0.187237,-0.100329
1987-07-31,0.034959,-0.209848,-0.193278,-0.146363
1987-08-31,-0.024166,-0.301698,-0.187932,-0.207035
1987-09-30,-0.217630,-0.232265,-0.195569,-0.155113
1987-10-31,-0.085349,0.020970,0.037889,0.107947
1987-11-30,0.072861,0.162918,0.138341,0.188450
1987-12-31,0.040432,0.047798,0.106929,0.124008
1988-01-31,0.041817,0.016571,0.058155,0.157156
1988-02-29,-0.033343,-0.021134,-0.023523,0.078560
1988-03-31,0.009425,0.056433,0.050292,0.138978
1988-04-30,0.003176,0.040906,0.067501,0.184862
1988-05-31,0.043256,-0.002441,0.044019,0.222612
1988-06-30,-0.005411,-0.005814,0.015430,0.162633
1988-07-31,-0.038600,0.025550,0.093559,0.272259
1988-08-31,0.039729,0.046574,0.104543,0.343874
1988-09-30,0.025964,0.021367,0.084440,0.284065
1988-10-31,-0.018891,0.066315,0.109940,0.220059
1988-11-30,0.014688,0.055389,0.171063,0.264121
1988-12-31,0.071115,0.061753,0.144966,0.272505
1989-01-31,-0.028944,0.040912,0.163411,0.106263
1989-02-28,0.020806,0.109603,0.216679,0.148965
1989-03-31,0.050090,0.078374,0.184081,0.152847
1989-04-30,0.035137,0.117685,0.099212,0.068337
1989-05-31,-0.007925,0.096500,0.079465,0.127012
1989-06-30,0.088370,0.098025,0.111391,0.125920
1989-07-31,0.015517,-0.016528,-0.049122,0.029097
1989-08-31,-0.006544,-0.015536,-0.055655,-0.082202
1989-09-30,-0.025175,0.012172,-0.026378,-0.123443
1989-10-31,0.016541,-0.033141,-0.028088,-0.106828
1989-11-30,0.021417,-0.040753,0.044048,-0.068701
1989-12-31,-0.068817,-0.038087,0.013073,-0.065591
1990-01-31,0.008539,0.005227,0.082260,0.045126
1990-02-28,0.024255,0.088403,-0.028112,0.105999
1990-03-31,-0.026887,0.053186,-0.099694,0.103783
1990-04-30,0.091989,0.076632,-0.081016,0.134643
1990-05-31,-0.008886,-0.107051,-0.107992,0.079174
1990-06-30,-0.005223,-0.145159,-0.077649,0.036702
1990-07-31,-0.094314,-0.146427,-0.034311,0.088895
1990-08-31,-0.051184,-0.001054,0.137990,0.225911
1990-09-30,-0.006698,0.078974,0.226009,0.267309
1990-10-31,0.059934,0.131349,0.234671,0.290954
1990-11-30,0.024828,0.139191,0.209826,0.164484
1990-12-31,0.041518,0.136273,0.123978,0.263067
1991-01-31,0.067281,0.091327,0.127584,0.188556
1991-02-28,0.022203,0.062004,0.077260,0.124309
1991-03-31,0.000320,-0.010820,0.033687,0.075875
1991-04-30,0.038605,0.033223,0.045585,0.105531
1991-05-31,-0.047893,0.014365,-0.037478,0.065464
1991-06-30,0.044859,0.044994,0.123747,0.099634
1991-07-31,0.019649,0.011965,0.054073,0.093860
1991-08-31,-0.019144,-0.051109,0.043674,0.047037
1991-09-30,0.011834,0.075362,0.040814,0.077193
1991-10-31,-0.043904,0.041610,0.057332,0.066836
1991-11-30,0.111588,0.099888,0.106951,0.149592
1991-12-31,-0.019924,-0.032127,-0.021458,0.044643
1992-01-31,0.009590,0.015094,0.037746,0.073389
1992-02-29,-0.021832,0.006421,0.003223,0.074340
1992-03-31,0.027893,0.011023,0.034953,0.118854
1992-04-30,0.000964,0.022316,0.008989,0.060827
1992-05-31,-0.017359,-0.003178,0.038522,0.083881
1992-06-30,0.039374,0.023668,0.067550,0.103861
1992-07-31,-0.023998,-0.013036,0.034346,0.056387
1992-08-31,0.009106,0.041833,0.070889,0.119629
1992-09-30,0.002106,0.042867,0.081068,0.098444
1992-10-31,0.030262,0.048008,0.051376,0.117393
1992-11-30,0.010108,0.027889,0.043677,0.070569
1992-12-31,0.007046,0.036630,0.034013,0.070552
1993-01-31,0.010484,0.003213,0.021309,0.097612
1993-02-28,0.018697,0.015359,0.045514,0.053588
1993-03-31,-0.025417,-0.002524,0.016074,-0.013063
1993-04-30,0.022717,0.018038,0.062791,0.024353
1993-05-31,0.000755,0.029699,0.025767,0.014016
1993-06-30,-0.005327,0.018645,0.035336,-0.013895
1993-07-31,0.034432,0.043960,0.074710,0.022605
1993-08-31,-0.009988,-0.003818,0.007723,0.025736
1993-09-30,0.019393,0.016386,-0.028675,0.008237
1993-10-31,-0.012911,0.029455,-0.036167,0.009662
1993-11-30,0.010091,0.011585,-0.011455,-0.017540
1993-12-31,0.032501,-0.044335,-0.047551,-0.015393
1994-01-31,-0.030045,-0.063744,-0.048483,-0.023235
1994-02-28,-0.045747,-0.022777,0.017875,0.043349
1994-03-31,0.011531,-0.003365,0.038002,0.123247
1994-04-30,0.012397,0.016300,0.047548,0.141492
1994-05-31,-0.026791,0.041599,-0.006156,0.168456
1994-06-30,0.031490,0.041506,0.033763,0.226169
1994-07-31,0.037599,0.030747,0.026535,0.226509
1994-08-31,-0.026878,-0.045847,0.025027,0.181686
1994-09-30,0.020834,-0.007434,0.082125,0.263016
1994-10-31,-0.039505,-0.004086,0.089679,0.231079
1994-11-30,0.012299,0.074280,0.175693,0.334325
1994-12-31,0.024278,0.090230,0.186121,0.341107
1995-01-31,0.036074,0.094150,0.194805,0.352026
1995-02-28,0.027329,0.094401,0.152834,0.313999
1995-03-31,0.027960,0.087955,0.167163,0.289169
1995-04-30,0.036312,0.091993,0.129762,0.270949
1995-05-31,0.021279,0.053393,0.134927,0.254443
1995-06-30,0.031776,0.072804,0.130665,0.231078
1995-07-31,-0.000320,0.034587,0.131587,0.138580
1995-08-31,0.040097,0.077401,0.139799,0.160372
1995-09-30,-0.004979,0.053935,0.104533,0.176109
1995-10-31,0.041049,0.093758,0.124970,0.212846
1995-11-30,0.017444,0.057915,0.105307,0.250508
1995-12-31,0.032617,0.048009,0.088809,0.202637
1996-01-31,0.006934,0.028537,0.006179,0.236062
1996-02-29,0.007917,0.044798,0.018050,0.234827
1996-03-31,0.013431,0.038931,0.064803,0.172920
1996-04-30,0.022853,-0.021737,0.078114,0.224972
1996-05-31,0.002257,-0.025601,0.131367,0.267755
1996-06-30,-0.045748,0.024902,0.104543,0.319863
1996-07-31,0.018814,0.102070,0.228471,0.491226
1996-08-31,0.054203,0.161091,0.212933,0.379576
1996-09-30,0.026101,0.077706,0.101538,0.378203
1996-10-31,0.073376,0.114694,0.136217,0.296837
1996-11-30,-0.021505,0.044649,0.120552,0.262054
1996-12-31,0.061317,0.022113,0.194940,0.310082
1997-01-31,0.005928,0.019309,0.213888,0.246922
1997-02-28,-0.042614,0.072659,0.137389,0.326901
1997-03-31,0.058406,0.169088,0.251162,0.455185
1997-04-30,0.058577,0.190893,0.141363,0.387364
1997-05-31,0.043453,0.060346,0.126279,0.285920
1997-06-30,0.078146,0.070204,0.096358,0.280972
1997-07-31,-0.057466,-0.041590,0.027213,0.174325
1997-08-31,0.053154,0.062181,0.166620,0.064271
1997-09-30,-0.034478,0.024438,0.163067,0.073611
1997-10-31,0.044587,0.071789,0.215532,0.201231
1997-11-30,0.015732,0.098325,0.141742,0.217951
1997-12-31,0.010150,0.135321,0.168389,0.266686
1998-01-31,0.070449,0.134115,0.143214,0.305382
1998-02-28,0.049946,0.039530,-0.087731,0.180104
1998-03-31,0.009076,0.029126,-0.076914,0.167570
1998-04-30,-0.018826,0.008023,-0.011765,0.200971
1998-05-31,0.039438,-0.122422,0.066748,0.193451
1998-06-30,-0.011615,-0.103039,0.084130,0.210673
1998-07-31,-0.145797,-0.019631,0.141853,0.185648
1998-08-31,0.062396,0.215559,0.293592,0.379335
1998-09-30,0.080294,0.208670,0.264855,0.261256
1998-10-31,0.059126,0.164717,0.215269,0.240527
1998-11-30,0.056375,0.064196,0.118775,0.193601
1998-12-31,0.041009,0.046484,0.116723,0.195260
1999-01-31,-0.032283,0.043403,0.038355,0.089728
1999-02-28,0.038794,0.051287,0.066283,0.103438
1999-03-31,0.037944,0.067119,-0.002845,0.164968
1999-04-30,-0.024970,-0.004838,0.020784,0.087816
1999-05-31,0.054438,0.014264,0.066882,0.091225
1999-06-30,-0.032046,-0.065564,0.070328,0.059656
1999-07-31,-0.006254,0.025747,0.049476,0.076848
1999-08-31,-0.028552,0.051878,0.034845,0.149401
1999-09-30,0.062540,0.145427,0.168292,0.119902
1999-10-31,0.019062,0.023134,0.065667,0.048770
1999-11-30,0.057844,-0.016193,0.022816,-0.053250
1999-12-31,-0.050904,0.019963,-0.009971,-0.101392
2000-01-31,-0.020108,0.041572,0.026082,-0.020402
2000-02-29,0.096720,0.039651,0.110698,-0.092563
2000-03-31,-0.030796,-0.029348,-0.041419,-0.225714
2000-04-30,-0.021915,-0.014872,-0.015856,-0.139745
2000-05-31,0.023934,0.068337,-0.074370,-0.115993
2000-06-30,-0.016341,-0.012436,-0.092342,-0.158270
2000-07-31,0.060699,-0.000999,-0.045302,-0.153477
2000-08-31,-0.053483,-0.133579,-0.183003,-0.253084
2000-09-30,-0.004949,-0.080911,-0.192258,-0.275369
2000-10-31,-0.080069,-0.044347,-0.125885,-0.258584
2000-11-30,0.004053,-0.057044,-0.044967,-0.133465
2000-12-31,0.034637,-0.121149,-0.072636,-0.130427
2001-01-31,-0.092291,-0.085322,-0.113308,-0.172627
2001-02-28,-0.064205,0.012807,-0.085778,-0.107433
2001-03-31,0.076814,0.055200,-0.102893,-0.011152
2001-04-30,0.005090,-0.030597,-0.151810,-0.138092
2001-05-31,-0.025035,-0.097339,-0.092665,-0.150244
2001-06-30,-0.010740,-0.149823,-0.062317,-0.191575
2001-07-31,-0.064108,-0.125038,-0.066899,-0.247360
2001-08-31,-0.081723,0.005178,-0.023686,-0.191879
2001-09-30,0.018099,0.102926,0.102263,-0.216785
2001-10-31,0.075176,0.066448,0.016173,-0.164204
2001-11-30,0.007574,-0.028716,-0.063460,-0.178279
2001-12-31,-0.015574,-0.000601,-0.137847,-0.233660
2002-01-31,-0.020766,-0.047142,-0.193399,-0.242877
2002-02-28,0.036739,-0.035772,-0.172273,-0.239968
2002-03-31,-0.061418,-0.137329,-0.289448,-0.260774
2002-04-30,-0.009081,-0.153493,-0.177506,-0.148572
2002-05-31,-0.072455,-0.141565,-0.122599,-0.097035
2002-06-30,-0.079004,-0.176335,-0.111131,-0.015478
2002-07-31,0.004881,-0.028367,-0.061341,0.086319
2002-08-31,-0.110024,0.022094,-0.081784,0.100364
2002-09-30,0.086449,0.079163,0.040354,0.221629
2002-10-31,0.057070,-0.033937,0.035179,0.186224
2002-11-30,-0.060333,-0.101633,0.029136,0.130181
2002-12-31,-0.027415,-0.035962,0.107613,0.263804
2003-01-31,-0.017004,0.071544,0.157310,0.321877
2003-02-28,0.008358,0.145563,0.198371,0.361160
2003-03-31,0.081044,0.148931,0.174244,0.327796
2003-04-30,0.050899,0.080040,0.145912,0.207630
2003-05-31,0.011322,0.046098,0.098185,0.163026
2003-06-30,0.016224,0.022032,0.141016,0.170693
2003-07-31,0.017873,0.060991,0.142198,0.112500
2003-08-31,-0.011944,0.049791,0.135842,0.095465
2003-09-30,0.054961,0.116419,0.130767,0.119090
2003-10-31,0.007129,0.076539,0.053859,0.075654
2003-11-30,0.050766,0.081969,0.059044,0.109261
2003-12-31,0.017276,0.012852,0.026009,0.089935
2004-01-31,0.012209,-0.021067,-0.026001,0.044327
2004-02-29,-0.016359,-0.021189,-0.035548,0.051234
2004-03-31,-0.016791,0.012990,-0.010327,0.048286
2004-04-30,0.012083,-0.005039,0.020681,0.044748
2004-05-31,0.017989,-0.014670,0.047418,0.063194
2004-06-30,-0.034291,-0.023018,0.062305,0.044257
2004-07-31,0.002287,0.025850,0.072205,0.120230
2004-08-31,0.009364,0.063012,0.089980,0.105131
2004-09-30,0.014014,0.087333,0.059224,0.102487
2004-10-31,0.038595,0.045187,0.023580,0.067961
2004-11-30,0.032458,0.025370,0.015062,0.064456
2004-12-31,-0.025290,-0.025852,-0.016990,0.030010
2005-01-31,0.018903,-0.020673,0.044791,0.083647
2005-02-28,-0.019118,-0.010053,0.013900,0.064025
2005-03-31,-0.020109,0.009097,0.040844,0.096799
2005-04-30,0.029952,0.066845,0.043359,0.132913
2005-05-31,-0.000143,0.024196,0.048661,0.065959
2005-06-30,0.035968,0.031461,0.047812,0.066203
2005-07-31,-0.011222,-0.022015,0.037191,0.034420
2005-08-31,0.006949,0.023887,0.049438,0.068416
2005-09-30,-0.017741,0.015853,0.053759,0.087109
2005-10-31,0.035186,0.060538,0.085832,0.141614
2005-11-30,-0.000952,0.024954,0.016495,0.120970
2005-12-31,0.025467,0.037315,0.017552,0.136194
2006-01-31,0.000453,0.023850,-0.002672,0.123555
2006-02-28,0.011096,-0.008254,0.018084,0.098512
2006-03-31,0.012156,-0.019052,0.031648,0.097299
2006-04-30,-0.030917,-0.025904,0.051373,0.131053
2006-05-31,0.000087,0.026557,0.102780,0.205127
2006-06-30,0.005086,0.051685,0.116596,0.183554
2006-07-31,0.021274,0.079332,0.126565,0.139904
2006-08-31,0.024566,0.074251,0.078999,0.130517
2006-09-30,0.031508,0.061721,0.063637,0.142905
2006-10-31,0.016467,0.043761,0.075787,0.124418
2006-11-30,0.012616,0.004419,0.092808,0.057481
2006-12-31,0.014059,0.001805,0.059966,0.035296
2007-01-31,-0.021846,0.030683,0.011841,-0.041502
2007-02-28,0.009980,0.088000,0.047746,-0.054158
2007-03-31,0.043291,0.058056,0.074525,-0.069085
2007-04-30,0.032549,-0.018282,0.045205,-0.065287
2007-05-31,-0.017816,-0.036998,-0.032327,-0.085090
2007-06-30,-0.031982,0.015565,-0.023275,-0.148568
2007-07-31,0.012864,0.064668,-0.052719,-0.129110
2007-08-31,0.035794,0.004851,-0.097260,-0.129689
2007-09-30,0.014822,-0.038245,-0.133650,-0.236050
2007-10-31,-0.044043,-0.110257,-0.105713,-0.374750
2007-11-30,-0.008629,-0.101618,-0.054526,-0.394899
2007-12-31,-0.061163,-0.099199,-0.128279,-0.384858
2008-01-31,-0.034761,0.005107,-0.080643,-0.400907
2008-02-29,-0.005960,0.052419,-0.035923,-0.447562
2008-03-31,0.047547,-0.032282,-0.118198,-0.396787
2008-04-30,0.010674,-0.085314,-0.300839,-0.370081
2008-05-31,-0.085962,-0.083942,-0.360002,-0.343650
2008-06-30,-0.009859,-0.088781,-0.294336,-0.281781
2008-07-31,0.012190,-0.235628,-0.348356,-0.220849
2008-08-31,-0.090791,-0.301357,-0.426978,-0.204400
2008-09-30,-0.169425,-0.225582,-0.315932,-0.093693
2008-10-31,-0.074849,-0.147479,-0.099035,0.069615
2008-11-30,0.007822,-0.179807,0.025551,0.222474
2008-12-31,-0.085657,-0.116668,0.017791,0.234542
2009-01-31,-0.109931,0.056824,0.195670,0.300274
2009-02-28,0.085404,0.250377,0.388429,0.502523
2009-03-31,0.093925,0.152218,0.324877,0.465690
2009-04-30,0.053081,0.131380,0.187188,0.359620
2009-05-31,0.000196,0.110408,0.192016,0.185249
2009-06-30,0.074142,0.149850,0.212962,0.121166
2009-07-31,0.033560,0.049328,0.087485,0.115567
2009-08-31,0.035723,0.073495,0.082176,0.028130
2009-09-30,-0.019762,0.054887,0.106283,0.079578
2009-10-31,0.057364,0.036364,0.145244,0.141934
2009-11-30,0.017771,0.008087,-0.005677,0.077508
2009-12-31,-0.036974,0.048722,-0.075679,0.127827
2010-01-31,0.028514,0.105059,0.025822,0.197650
2010-02-28,0.058796,-0.013653,-0.049942,0.201659
2010-03-31,0.014759,-0.118622,-0.024140,0.133740
2010-04-30,-0.081976,-0.071704,-0.002890,0.149087
2010-05-31,-0.053882,-0.036791,0.083660,0.234797
2010-06-30,0.068778,0.107198,0.220169,0.281292
2010-07-31,-0.047449,0.074129,0.167502,0.173094
2010-08-31,0.087551,0.125051,0.264826,0.161589
2010-09-30,0.036856,0.102033,0.161786,-0.008570
2010-10-31,-0.002290,0.086929,0.152418,0.059192
2010-11-30,0.065300,0.124239,0.139469,0.056253
2010-12-31,0.022646,0.054221,0.050094,-0.000032
2011-01-31,0.031957,0.060251,0.004790,0.020441
2011-02-28,-0.001047,0.013547,-0.081622,0.028978
2011-03-31,0.028495,-0.003914,-0.146633,0.062331
2011-04-30,-0.013501,-0.052310,-0.080896,0.025154
2011-05-31,-0.018257,-0.093897,-0.073030,-0.025922
2011-06-30,-0.021474,-0.143279,-0.047734,0.031439
2011-07-31,-0.056791,-0.030164,0.015577,0.067354
2011-08-31,-0.071762,0.023029,0.120429,0.153984
2011-09-30,0.107723,0.111524,0.244869,0.273329
2011-10-31,-0.005059,0.047163,0.115383,0.126753
2011-11-30,0.008533,0.095208,0.050820,0.135706
2011-12-31,0.043583,0.119967,0.083143,0.134057
2012-01-31,0.040589,0.065147,0.050982,0.141495
2012-02-29,0.031332,-0.040529,0.029948,0.109103
2012-03-31,-0.007497,-0.032880,0.022862,0.114110
2012-04-30,-0.062651,-0.013298,0.010194,0.142827
2012-05-31,0.039555,0.073455,0.080781,0.244526
2012-06-30,0.012598,0.057636,0.047006,0.179215
2012-07-31,0.019763,0.023809,0.086122,0.222146
2012-08-31,0.024236,0.006825,0.076853,0.160951
2012-09-30,-0.019789,-0.010051,0.089208,0.167200
2012-10-31,0.002847,0.060864,0.131295,0.243868
2012-11-30,0.007068,0.069553,0.151506,0.275127
2012-12-31,0.050428,0.100267,0.126274,0.296012
2013-01-31,0.011061,0.066390,0.125238,0.189893
2013-02-28,0.035988,0.076623,0.078096,0.227619
2013-03-31,0.018086,0.023636,0.071604,0.193189
2013-04-30,0.020763,0.055184,0.099507,0.179260
2013-05-31,-0.014999,0.001367,0.107356,0.179569
2013-06-30,0.049462,0.046860,0.150708,0.220354
2013-07-31,-0.031298,0.042006,0.057459,0.145302
2013-08-31,0.029750,0.105844,0.138692,0.226826
2013-09-30,0.044596,0.099200,0.113461,0.172900
2013-10-31,0.028049,0.014830,0.072535,0.148878
2013-11-30,0.023563,0.029704,0.065212,0.144949
2013-12-31,-0.035583,0.012974,0.060524,0.113906
2014-01-31,0.043117,0.056861,0.083070,0.119152
2014-02-28,0.006932,0.034483,0.077399,0.131786
2014-03-31,0.006201,0.046941,0.053382,0.104441
2014-04-30,0.021030,0.024799,0.071180,0.106988
2014-05-31,0.019058,0.041485,0.074856,0.095562
2014-06-30,-0.015080,0.006152,0.050336,0.052484
2014-07-31,0.037655,0.045259,0.033315,0.089694
2014-08-31,-0.015514,0.032041,0.050480,-0.015569
2014-09-30,0.023201,0.043913,0.048471,-0.026497
2014-10-31,0.024534,-0.011427,0.033428,0.030381
2014-11-30,-0.004189,0.017866,0.019264,0.006215
2014-12-31,-0.031041,0.004366,0.002045,-0.007266
2015-01-31,0.054893,0.045374,0.054562,-0.027444
2015-02-28,-0.017396,0.001373,-0.062875,-0.081858
2015-03-31,0.008521,-0.002311,-0.071503,-0.003941
2015-04-30,0.010491,0.008789,-0.002949,-0.009691
2015-05-31,-0.021012,-0.064160,-0.012803,-0.004954
2015-06-30,0.019742,-0.069352,-0.009292,0.017328
2015-07-31,-0.062581,-0.011636,-0.077763,0.033158
2015-08-31,-0.026443,0.054878,-0.020257,0.100787
2015-09-30,0.082983,0.064535,0.072764,0.129290
2015-10-31,0.000505,-0.066905,-0.006762,0.022502
2015-11-30,-0.017530,-0.071226,0.007950,0.056912
2015-12-31,-0.050735,0.007730,0.026870,0.095350
2016-01-31,-0.004128,0.064456,0.120274,0.174530
2016-02-29,0.065991,0.085249,0.123546,0.223270
2016-03-31,0.002699,0.018993,0.052691,0.147096
2016-04-30,0.015325,0.052438,0.029463,0.154409
2016-05-31,0.000911,0.035289,0.048575,0.150147
2016-06-30,0.035610,0.033070,0.066689,0.154631
2016-07-31,-0.001219,-0.021830,0.048431,0.136502
2016-08-31,-0.001234,0.012833,0.088758,0.138511
2016-09-30,-0.019426,0.032542,0.089680,0.161922
2016-10-31,0.034175,0.071829,0.121370,0.211232
2016-11-30,0.018201,0.074963,0.096866,0.204097
2016-12-31,0.017884,0.055337,0.082445,0.194200
2017-01-31,0.037198,0.046220,0.084002,0.239127
2017-02-28,-0.000389,0.020375,0.045696,0.148157
2017-03-31,0.009091,0.025686,0.066297,0.117725
2017-04-30,0.011576,0.036113,0.080136,0.110666
2017-05-31,0.004814,0.024815,0.097761,0.121681
2017-06-30,0.019349,0.039593,0.103243,0.121713
2017-07-31,0.000546,0.042489,0.143104,0.140060
2017-08-31,0.019303,0.071179,0.097983,0.173920
2017-09-30,0.022188,0.061226,0.048231,0.156635
2017-10-31,0.028083,0.096515,0.028265,0.052997
2017-11-30,0.009832,0.025023,0.021790,0.042526
2017-12-31,0.056179,-0.012246,0.016741,-0.062373
2018-01-31,-0.038947,-0.062242,-0.002663,-0.042393
2018-02-28,-0.026884,-0.003154,0.069161,0.026037
2018-03-31,0.002719,0.029346,0.103417,0.073283
2018-04-30,0.021608,0.063534,0.024052,0.112453
2018-05-31,0.004842,0.072544,0.020294,0.017296
2018-06-30,0.036022,0.071959,-0.077811,0.082178
2018-07-31,0.030263,-0.037123,-0.039836,0.058265
2018-08-31,0.004294,-0.048716,-0.040334,0.008595
2018-09-30,-0.069403,-0.139716,-0.027310,0.021538
2018-10-31,0.017859,-0.002817,0.086325,0.120152
2018-11-30,-0.091777,0.008811,-0.002938,0.137966
2018-12-31,0.078684,0.130662,0.173489,0.288781
2019-01-31,0.029729,0.089394,0.102171,0.192826
2019-02-28,0.017924,-0.011647,0.050986,0.060956
2019-03-31,0.039313,0.037878,0.050219,-0.088135
2019-04-30,-0.065778,0.011728,0.031139,-0.011338
2019-05-31,0.068930,0.063371,0.141320,0.106193
2019-06-30,0.013128,0.011891,0.098247,0.053890
2019-07-31,-0.018092,0.019186,0.082251,0.097551
2019-08-31,0.017181,0.073304,0.009486,0.196090
2019-09-30,0.020432,0.085342,-0.131738,0.129759
2019-10-31,0.034047,0.061879,-0.041194,0.076509
2019-11-30,0.028590,-0.059459,-0.030777,0.153025
2019-12-31,-0.001628,-0.200011,-0.040390,0.162589
2020-01-31,-0.084110,-0.097067,0.014137,0.151517
2020-02-29,-0.125119,0.030495,0.184851,0.290070
2020-03-31,0.126844,0.199529,0.301173,0.537145
2020-04-30,0.045282,0.123158,0.122760,0.435629
2020-05-31,0.018388,0.149788,0.189639,0.380973
2020-06-30,0.055101,0.084737,0.211522,0.386161
2020-07-31,0.070065,-0.000355,0.135464,0.343656
2020-08-31,-0.039228,0.034660,0.088804,0.292080
2020-09-30,-0.027666,0.116881,0.181353,0.280862
2020-10-31,0.107546,0.135867,0.278661,0.408390
2020-11-30,0.037121,0.052330,0.160834,0.261034
2020-12-31,-0.011137,0.057725,0.144148,0.268927
2021-01-31,0.026091,0.125713,0.183354,0.215740
2021-02-28,0.042439,0.103108,0.186697,0.147669
2021-03-31,0.052425,0.081706,0.084233,0.140331
2021-04-30,0.005486,0.051203,0.101457,-0.011777
2021-05-31,0.022214,0.075776,0.086318,-0.017117
2021-06-30,0.022748,0.002336,0.109059,-0.119167
2021-07-31,0.028990,0.047806,0.027368,-0.060285
2021-08-31,-0.047569,0.009799,-0.032888,-0.125519
2021-09-30,0.069144,0.106474,0.051740,-0.167594
2021-10-31,-0.008334,-0.019505,-0.102804,-0.159249
2021-11-30,0.043613,-0.042273,-0.095216,-0.106610
2021-12-31,-0.052585,-0.049467,-0.205783,-0.194428
2022-01-31,-0.031360,-0.084955,-0.085318,-0.097208
2022-02-28,0.035773,-0.055280,-0.095781,-0.092317
2022-03-31,-0.087957,-0.164451,-0.208544,-0.092950
2022-04-30,0.000053,-0.000397,-0.062913,0.009088
2022-05-31,-0.083920,-0.042871,-0.012594,0.011539
2022-06-30,0.091116,-0.052771,0.014297,0.175676
2022-07-31,-0.042440,-0.062540,-0.012999,0.111050
2022-08-31,-0.093396,0.031633,0.003831,0.139737
2022-09-30,0.079863,0.070805,0.146053,0.195902
2022-10-31,0.053753,0.052846,0.076834,0.083115
2022-11-30,-0.058971,-0.026950,0.024441,0.119529
2022-12-31,0.061753,0.070272,0.159104,0.242305
2023-01-31,-0.026112,0.022784,0.125683,0.188650
2023-02-28,0.035052,0.052814,0.135388,0.283647
2023-03-31,0.014642,0.082999,0.043496,0.278645
2023-04-30,0.002482,0.100607,0.005833,0.207750
2023-05-31,0.064727,0.078431,0.092819,0.262613
2023-06-30,0.031139,-0.036476,0.071780,0.226969
2023-07-31,-0.017716,-0.086111,0.055936,0.203388
2023-08-31,-0.048719,0.013342,0.130580,0.253067
2023-09-30,-0.021980,0.112354,0.225347,0.343846
2023-10-31,0.089179,0.155432,0.200746,0.360449
2023-11-30,0.044229,0.115695,0.155372,0.320631
2023-12-31,0.015896,0.101580,0.144795,0.233090
2024-01-31,0.051721,0.039219,0.139641,0.246588
2024-02-29,0.031019,0.035563,0.108340,0.168404
2024-03-31,-0.041615,0.039230,0.096707,0.068039
2024-04-30,0.048021,0.096632,0.133003,0.105918
2024-05-31,0.034670,0.070277,0.143035,0.120167
2024-06-30,0.011321,0.055306,0.077127,0.136338
2024-07-31,0.022835,0.033166,0.093843,0.147962
2024-08-31,0.020197,0.067980,0.054192,0.143733
2024-09-30,-0.009897,0.020677,-0.026140,0.160691
2024-10-31,0.057301,0.058730,-0.023905,0.198889
2024-11-30,-0.024990,-0.012910,-0.020007,0.135388
2024-12-31,0.027016,-0.045868,0.054971,0.163878
2025-01-31,-0.014242,-0.078051,0.049476,0.148745
2025-02-28,-0.057545,-0.007190,0.084937,0.155241
2025-03-31,-0.007625,0.105687,0.191846,0.163345
2025-04-30,0.061524,0.138323,0.228250,0.294475
2025-05-31,0.049607,0.092794,0.158567,0.282215
2025-06-30,0.021667,0.077923,0.103232,0.197666
2025-07-31,0.019066,0.079000,0.094589,
2025-08-31,0.035324,0.060188,0.064799,
2025-09-30,0.022687,0.023479,-0.023913,
2025-10-31,0.001300,0.014448,0.053918,
2025-11-30,-0.000524,0.004349,0.106725,
2025-12-31,0.013663,-0.046305,0.085598,
2026-01-31,-0.008668,0.038907,,
2026-02-28,-0.050933,0.101932,,
2026-03-31,0.104233,0.138307,,
2026-04-30,0.051470,,,
2026-05-31,-0.019604,,,
2026-06-30,,,,
