date,mdd_12m,mdd_6m,y_bear,y_corr
1871-01-31,-0.055556,-0.026749,0.000000,0.000000
1871-02-28,-0.055556,-0.026749,0.000000,0.000000
1871-03-31,-0.055556,-0.026749,0.000000,0.000000
1871-04-30,-0.055556,-0.026749,0.000000,0.000000
1871-05-31,-0.051653,-0.051653,0.000000,0.000000
1871-06-30,-0.051653,-0.051653,0.000000,0.000000
1871-07-31,-0.051653,-0.051653,0.000000,0.000000
1871-08-31,-0.051653,-0.051653,0.000000,0.000000
1871-09-30,-0.044402,0.000000,0.000000,0.000000
1871-10-31,-0.044402,0.000000,0.000000,0.000000
1871-11-30,-0.044402,0.000000,0.000000,0.000000
1871-12-31,-0.044402,-0.009653,0.000000,0.000000
1872-01-31,-0.044402,-0.015444,0.000000,0.000000
1872-02-29,-0.044402,-0.015444,0.000000,0.000000
1872-03-31,-0.044402,-0.044402,0.000000,0.000000
1872-04-30,-0.044402,-0.044402,0.000000,0.000000
1872-05-31,-0.035088,-0.035088,0.000000,0.000000
1872-06-30,-0.033010,-0.029412,0.000000,0.000000
1872-07-31,-0.034951,-0.017857,0.000000,0.000000
1872-08-31,-0.034951,-0.004024,0.000000,0.000000
1872-09-30,-0.108738,-0.004024,0.000000,0.000000
1872-10-31,-0.186408,-0.021359,0.000000,0.000000
1872-11-30,-0.215534,-0.021359,1.000000,0.000000
1872-12-31,-0.215534,-0.033010,1.000000,0.000000
1873-01-31,-0.215534,-0.034951,1.000000,0.000000
1873-02-28,-0.209393,-0.027397,1.000000,0.000000
1873-03-31,-0.200000,-0.091089,0.000000,0.000000
1873-04-30,-0.200000,-0.091089,0.000000,0.000000
1873-05-31,-0.188755,-0.188755,0.000000,1.000000
1873-06-30,-0.187123,-0.187123,0.000000,1.000000
1873-07-31,-0.187123,-0.187123,0.000000,1.000000
1873-08-31,-0.119826,-0.119826,0.000000,1.000000
1873-09-30,-0.070833,-0.035800,0.000000,0.000000
1873-10-31,-0.070833,-0.041667,0.000000,0.000000
1873-11-30,-0.070833,-0.041667,0.000000,0.000000
1873-12-31,-0.070833,-0.070833,0.000000,0.000000
1874-01-31,-0.070833,-0.070833,0.000000,0.000000
1874-02-28,-0.057082,-0.057082,0.000000,0.000000
1874-03-31,-0.030435,-0.030435,0.000000,0.000000
1874-04-30,-0.008753,-0.004464,0.000000,0.000000
1874-05-31,-0.038710,-0.002203,0.000000,0.000000
1874-06-30,-0.058065,-0.002203,0.000000,0.000000
1874-07-31,-0.058065,-0.006565,0.000000,0.000000
1874-08-31,-0.058065,-0.008753,0.000000,0.000000
1874-09-30,-0.060215,-0.008753,0.000000,0.000000
1874-10-31,-0.075269,-0.008753,0.000000,0.000000
1874-11-30,-0.075269,-0.002203,0.000000,0.000000
1874-12-31,-0.075269,-0.058065,0.000000,0.000000
1875-01-31,-0.075269,-0.058065,0.000000,0.000000
1875-02-28,-0.075269,-0.058065,0.000000,0.000000
1875-03-31,-0.075269,-0.060215,0.000000,0.000000
1875-04-30,-0.039823,-0.022371,0.000000,0.000000
1875-05-31,-0.075221,-0.024943,0.000000,0.000000
1875-06-30,-0.081858,-0.024943,0.000000,0.000000
1875-07-31,-0.092920,-0.024943,0.000000,0.000000
1875-08-31,-0.130531,-0.016018,0.000000,0.000000
1875-09-30,-0.183628,0.000000,0.000000,0.000000
1875-10-31,-0.188053,-0.039823,0.000000,0.000000
1875-11-30,-0.203540,-0.039823,1.000000,0.000000
1875-12-31,-0.207965,-0.081858,1.000000,0.000000
1876-01-31,-0.214602,-0.092920,1.000000,0.000000
1876-02-29,-0.259424,-0.090909,1.000000,0.000000
1876-03-31,-0.269585,-0.149770,1.000000,1.000000
1876-04-30,-0.296651,-0.117225,1.000000,1.000000
1876-05-31,-0.291566,-0.132530,1.000000,1.000000
1876-06-30,-0.334146,-0.121951,1.000000,1.000000
1876-07-31,-0.305344,-0.096692,1.000000,0.000000
1876-08-31,-0.260163,-0.094851,1.000000,0.000000
1876-09-30,-0.256131,-0.089918,1.000000,0.000000
1876-10-31,-0.241667,-0.183333,1.000000,1.000000
1876-11-30,-0.237430,-0.178771,1.000000,1.000000
1876-12-31,-0.230986,-0.230986,1.000000,0.000000
1877-01-31,-0.182635,-0.182635,0.000000,1.000000
1877-02-28,-0.138801,-0.138801,0.000000,1.000000
1877-03-31,-0.071429,-0.071429,0.000000,0.000000
1877-04-30,-0.071429,-0.071429,0.000000,0.000000
1877-05-31,-0.039275,-0.015106,0.000000,0.000000
1877-06-30,-0.039275,-0.015106,0.000000,0.000000
1877-07-31,-0.039275,-0.018127,0.000000,0.000000
1877-08-31,-0.039275,-0.039275,0.000000,0.000000
1877-09-30,-0.039275,-0.039275,0.000000,0.000000
1877-10-31,-0.024540,-0.024540,0.000000,0.000000
1877-11-30,-0.021538,-0.021538,0.000000,0.000000
1877-12-31,-0.021538,-0.021538,0.000000,0.000000
1878-01-31,-0.019886,0.000000,0.000000,0.000000
1878-02-28,-0.019886,0.000000,0.000000,0.000000
1878-03-31,-0.019886,-0.008621,0.000000,0.000000
1878-04-30,-0.019886,-0.008621,0.000000,0.000000
1878-05-31,-0.019886,-0.014205,0.000000,0.000000
1878-06-30,-0.019886,-0.014205,0.000000,0.000000
1878-07-31,-0.019886,-0.019886,0.000000,0.000000
1878-08-31,-0.019886,-0.019886,0.000000,0.000000
1878-09-30,-0.016173,-0.008621,0.000000,0.000000
1878-10-31,-0.016173,-0.016173,0.000000,0.000000
1878-11-30,-0.016173,-0.016173,0.000000,0.000000
1878-12-31,-0.016173,-0.016173,0.000000,0.000000
1879-01-31,-0.016173,-0.016173,0.000000,0.000000
1879-02-28,-0.002028,0.000000,0.000000,0.000000
1879-03-31,-0.002028,0.000000,0.000000,0.000000
1879-04-30,-0.022642,0.000000,0.000000,0.000000
1879-05-31,-0.100000,0.000000,0.000000,0.000000
1879-06-30,-0.100000,0.000000,0.000000,0.000000
1879-07-31,-0.100000,-0.002028,0.000000,0.000000
1879-08-31,-0.100000,-0.002028,0.000000,0.000000
1879-09-30,-0.100000,-0.002028,0.000000,0.000000
1879-10-31,-0.100000,-0.022642,0.000000,0.000000
1879-11-30,-0.100000,-0.022642,0.000000,0.000000
1879-12-31,-0.100000,-0.100000,0.000000,1.000000
1880-01-31,-0.100000,-0.100000,0.000000,1.000000
1880-02-29,-0.100000,-0.100000,0.000000,1.000000
1880-03-31,-0.079151,-0.079151,0.000000,0.000000
1880-04-30,-0.003231,-0.001927,0.000000,0.000000
1880-05-31,-0.003231,-0.001927,0.000000,0.000000
1880-06-30,-0.003231,-0.001927,0.000000,0.000000
1880-07-31,-0.034954,-0.001927,0.000000,0.000000
1880-08-31,-0.057751,-0.003231,0.000000,0.000000
1880-09-30,-0.057751,-0.003231,0.000000,0.000000
1880-10-31,-0.065350,-0.003231,0.000000,0.000000
1880-11-30,-0.065350,-0.003231,0.000000,0.000000
1880-12-31,-0.086626,-0.003231,0.000000,0.000000
1881-01-31,-0.100304,-0.034954,0.000000,0.000000
1881-02-28,-0.120061,-0.034954,0.000000,0.000000
1881-03-31,-0.121581,-0.057751,0.000000,0.000000
1881-04-30,-0.121581,-0.057751,0.000000,0.000000
1881-05-31,-0.132219,-0.065350,0.000000,0.000000
1881-06-30,-0.105512,-0.031496,0.000000,0.000000
1881-07-31,-0.091200,-0.052800,0.000000,0.000000
1881-08-31,-0.091200,-0.073600,0.000000,0.000000
1881-09-30,-0.082391,-0.064620,0.000000,0.000000
1881-10-31,-0.082391,-0.066236,0.000000,0.000000
1881-11-30,-0.068910,-0.038270,0.000000,0.000000
1881-12-31,-0.068910,-0.040541,0.000000,0.000000
1882-01-31,-0.068910,-0.018998,0.000000,0.000000
1882-02-28,-0.089744,-0.017301,0.000000,0.000000
1882-03-31,-0.089744,-0.017301,0.000000,0.000000
1882-04-30,-0.089744,-0.005254,0.000000,0.000000
1882-05-31,-0.089744,-0.068910,0.000000,0.000000
1882-06-30,-0.089744,-0.068910,0.000000,0.000000
1882-07-31,-0.089744,-0.068910,0.000000,0.000000
1882-08-31,-0.123397,-0.089744,0.000000,0.000000
1882-09-30,-0.098847,-0.064250,0.000000,0.000000
1882-10-31,-0.083475,-0.027397,0.000000,0.000000
1882-11-30,-0.083475,-0.027397,0.000000,0.000000
1882-12-31,-0.090290,-0.022375,0.000000,0.000000
1883-01-31,-0.117547,-0.023850,0.000000,0.000000
1883-02-28,-0.117547,-0.023850,0.000000,0.000000
1883-03-31,-0.117547,-0.068143,0.000000,0.000000
1883-04-30,-0.130584,-0.060137,0.000000,0.000000
1883-05-31,-0.201031,-0.075601,1.000000,0.000000
1883-06-30,-0.221640,-0.061082,1.000000,0.000000
1883-07-31,-0.193490,-0.063291,0.000000,0.000000
1883-08-31,-0.193490,-0.063291,0.000000,0.000000
1883-09-30,-0.183150,-0.051282,0.000000,0.000000
1883-10-31,-0.186813,-0.073260,0.000000,0.000000
1883-11-30,-0.185393,-0.052434,0.000000,0.000000
1883-12-31,-0.184211,-0.161654,0.000000,1.000000
1884-01-31,-0.203008,-0.161654,1.000000,1.000000
1884-02-29,-0.200000,-0.158491,0.000000,1.000000
1884-03-31,-0.162055,-0.118577,0.000000,1.000000
1884-04-30,-0.105485,-0.040860,0.000000,0.000000
1884-05-31,-0.105485,-0.082278,0.000000,0.000000
1884-06-30,-0.105485,-0.082278,0.000000,0.000000
1884-07-31,-0.105485,-0.105485,0.000000,1.000000
1884-08-31,-0.076253,-0.076253,0.000000,0.000000
1884-09-30,-0.045045,-0.045045,0.000000,0.000000
1884-10-31,-0.025287,-0.025287,0.000000,0.000000
1884-11-30,-0.023041,-0.023041,0.000000,0.000000
1884-12-31,-0.018265,-0.018265,0.000000,0.000000
1885-01-31,-0.018265,-0.018265,0.000000,0.000000
1885-02-28,-0.018265,-0.018265,0.000000,0.000000
1885-03-31,-0.020755,-0.016018,0.000000,0.000000
1885-04-30,-0.033962,-0.012739,0.000000,0.000000
1885-05-31,-0.052830,-0.012739,0.000000,0.000000
1885-06-30,-0.052830,-0.012739,0.000000,0.000000
1885-07-31,-0.052830,-0.012739,0.000000,0.000000
1885-08-31,-0.052830,-0.007634,0.000000,0.000000
1885-09-30,-0.052830,-0.007634,0.000000,0.000000
1885-10-31,-0.052830,-0.033962,0.000000,0.000000
1885-11-30,-0.052830,-0.033962,0.000000,0.000000
1885-12-31,-0.052830,-0.052830,0.000000,0.000000
1886-01-31,-0.052830,-0.052830,0.000000,0.000000
1886-02-28,-0.043178,-0.032755,0.000000,0.000000
1886-03-31,-0.043178,-0.019531,0.000000,0.000000
1886-04-30,-0.043178,0.000000,0.000000,0.000000
1886-05-31,-0.043178,0.000000,0.000000,0.000000
1886-06-30,-0.043178,0.000000,0.000000,0.000000
1886-07-31,-0.052542,-0.036269,0.000000,0.000000
1886-08-31,-0.076271,-0.043178,0.000000,0.000000
1886-09-30,-0.088136,-0.043178,0.000000,0.000000
1886-10-31,-0.118644,-0.043178,0.000000,0.000000
1886-11-30,-0.118644,-0.017730,0.000000,0.000000
1886-12-31,-0.118644,-0.028814,0.000000,0.000000
1887-01-31,-0.118644,-0.052542,0.000000,0.000000
1887-02-28,-0.118644,-0.052542,0.000000,0.000000
1887-03-31,-0.138983,-0.088136,0.000000,0.000000
1887-04-30,-0.138983,-0.088136,0.000000,0.000000
1887-05-31,-0.113438,-0.092496,0.000000,0.000000
1887-06-30,-0.103757,-0.069767,0.000000,0.000000
1887-07-31,-0.080734,-0.045872,0.000000,0.000000
1887-08-31,-0.068773,-0.033457,0.000000,0.000000
1887-09-30,-0.056497,-0.005660,0.000000,0.000000
1887-10-31,-0.056497,-0.043315,0.000000,0.000000
1887-11-30,-0.056497,-0.043315,0.000000,0.000000
1887-12-31,-0.056497,-0.056497,0.000000,0.000000
1888-01-31,-0.051136,-0.051136,0.000000,0.000000
1888-02-29,-0.044610,-0.030948,0.000000,0.000000
1888-03-31,-0.044610,-0.030948,0.000000,0.000000
1888-04-30,-0.044610,-0.030948,0.000000,0.000000
1888-05-31,-0.044610,-0.026022,0.000000,0.000000
1888-06-30,-0.044610,-0.026022,0.000000,0.000000
1888-07-31,-0.044610,-0.044610,0.000000,0.000000
1888-08-31,-0.044610,-0.044610,0.000000,0.000000
1888-09-30,-0.039252,-0.039252,0.000000,0.000000
1888-10-31,-0.022642,-0.022642,0.000000,0.000000
1888-11-30,-0.027273,-0.022642,0.000000,0.000000
1888-12-31,-0.032727,-0.022642,0.000000,0.000000
1889-01-31,-0.032727,-0.022642,0.000000,0.000000
1889-02-28,-0.032727,-0.020333,0.000000,0.000000
1889-03-31,-0.040000,-0.020333,0.000000,0.000000
1889-04-30,-0.040000,-0.020333,0.000000,0.000000
1889-05-31,-0.040000,-0.027273,0.000000,0.000000
1889-06-30,-0.040000,-0.027273,0.000000,0.000000
1889-07-31,-0.040000,-0.032727,0.000000,0.000000
1889-08-31,-0.040000,-0.032727,0.000000,0.000000
1889-09-30,-0.053381,-0.014815,0.000000,0.000000
1889-10-31,-0.096085,-0.018587,0.000000,0.000000
1889-11-30,-0.161922,-0.018587,0.000000,0.000000
1889-12-31,-0.181495,-0.018587,0.000000,0.000000
1890-01-31,-0.181495,-0.014235,0.000000,0.000000
1890-02-28,-0.181495,-0.014235,0.000000,0.000000
1890-03-31,-0.181495,-0.053381,0.000000,0.000000
1890-04-30,-0.181495,-0.053381,0.000000,0.000000
1890-05-31,-0.175627,-0.155914,0.000000,1.000000
1890-06-30,-0.169675,-0.149819,0.000000,1.000000
1890-07-31,-0.149723,-0.149723,0.000000,1.000000
1890-08-31,-0.135338,-0.135338,0.000000,1.000000
1890-09-30,-0.094488,-0.094488,0.000000,0.000000
1890-10-31,-0.040241,-0.023355,0.000000,0.000000
1890-11-30,-0.040241,-0.018367,0.000000,0.000000
1890-12-31,-0.040241,-0.024145,0.000000,0.000000
1891-01-31,-0.040241,-0.040241,0.000000,0.000000
1891-02-28,-0.040241,-0.040241,0.000000,0.000000
1891-03-31,-0.040241,-0.040241,0.000000,0.000000
1891-04-30,-0.036364,-0.036364,0.000000,0.000000
1891-05-31,-0.016495,-0.016495,0.000000,0.000000
1891-06-30,-0.015009,-0.015009,0.000000,0.000000
1891-07-31,-0.015009,-0.015009,0.000000,0.000000
1891-08-31,-0.015009,-0.015009,0.000000,0.000000
1891-09-30,-0.024911,-0.015009,0.000000,0.000000
1891-10-31,-0.024911,-0.001792,0.000000,0.000000
1891-11-30,-0.024911,-0.001792,0.000000,0.000000
1891-12-31,-0.024911,-0.007168,0.000000,0.000000
1892-01-31,-0.024911,-0.007168,0.000000,0.000000
1892-02-29,-0.024911,-0.007168,0.000000,0.000000
1892-03-31,-0.055160,-0.024911,0.000000,0.000000
1892-04-30,-0.055160,-0.024911,0.000000,0.000000
1892-05-31,-0.138790,-0.024911,0.000000,0.000000
1892-06-30,-0.179715,-0.024911,0.000000,0.000000
1892-07-31,-0.256228,-0.024911,1.000000,0.000000
1892-08-31,-0.272727,-0.017825,1.000000,0.000000
1892-09-30,-0.272727,-0.017825,1.000000,0.000000
1892-10-31,-0.272727,-0.053476,1.000000,0.000000
1892-11-30,-0.272727,-0.053476,1.000000,0.000000
1892-12-31,-0.272727,-0.178253,1.000000,1.000000
1893-01-31,-0.259528,-0.241379,1.000000,0.000000
1893-02-28,-0.231638,-0.212806,1.000000,0.000000
1893-03-31,-0.231638,-0.231638,1.000000,0.000000
1893-04-30,-0.157025,-0.157025,0.000000,1.000000
1893-05-31,-0.114967,-0.114967,0.000000,1.000000
1893-06-30,-0.054705,-0.023923,0.000000,0.000000
1893-07-31,-0.070022,-0.054705,0.000000,0.000000
1893-08-31,-0.070022,-0.054705,0.000000,0.000000
1893-09-30,-0.070022,-0.054705,0.000000,0.000000
1893-10-31,-0.070022,-0.054705,0.000000,0.000000
1893-11-30,-0.070022,-0.020408,0.000000,0.000000
1893-12-31,-0.070022,-0.050328,0.000000,0.000000
1894-01-31,-0.070022,-0.070022,0.000000,0.000000
1894-02-28,-0.083151,-0.070022,0.000000,0.000000
1894-03-31,-0.083151,-0.070022,0.000000,0.000000
1894-04-30,-0.064732,-0.034091,0.000000,0.000000
1894-05-31,-0.064732,-0.031250,0.000000,0.000000
1894-06-30,-0.064732,-0.031250,0.000000,0.000000
1894-07-31,-0.064732,-0.051339,0.000000,0.000000
1894-08-31,-0.064732,-0.064732,0.000000,0.000000
1894-09-30,-0.034562,-0.034562,0.000000,0.000000
1894-10-31,-0.034562,-0.034562,0.000000,0.000000
1894-11-30,-0.047718,-0.025581,0.000000,0.000000
1894-12-31,-0.103734,-0.014118,0.000000,0.000000
1895-01-31,-0.114108,0.000000,0.000000,0.000000
1895-02-28,-0.114108,0.000000,0.000000,0.000000
1895-03-31,-0.114108,0.000000,0.000000,0.000000
1895-04-30,-0.114108,0.000000,0.000000,0.000000
1895-05-31,-0.114108,-0.047718,0.000000,0.000000
1895-06-30,-0.114108,-0.047718,0.000000,0.000000
1895-07-31,-0.161826,-0.114108,0.000000,1.000000
1895-08-31,-0.209544,-0.114108,1.000000,1.000000
1895-09-30,-0.197895,-0.101053,0.000000,1.000000
1895-10-31,-0.169935,-0.069717,0.000000,0.000000
1895-11-30,-0.143820,-0.015730,0.000000,0.000000
1895-12-31,-0.143820,-0.029213,0.000000,0.000000
1896-01-31,-0.143820,-0.092135,0.000000,0.000000
1896-02-29,-0.138009,-0.085973,0.000000,0.000000
1896-03-31,-0.138009,-0.138009,0.000000,1.000000
1896-04-30,-0.134091,-0.134091,0.000000,1.000000
1896-05-31,-0.118056,-0.118056,0.000000,1.000000
1896-06-30,-0.073059,-0.056931,0.000000,0.000000
1896-07-31,-0.073059,-0.036530,0.000000,0.000000
1896-08-31,-0.073059,-0.045662,0.000000,0.000000
1896-09-30,-0.073059,-0.045662,0.000000,0.000000
1896-10-31,-0.073059,-0.073059,0.000000,0.000000
1896-11-30,-0.066265,-0.037915,0.000000,0.000000
1896-12-31,-0.066265,-0.037915,0.000000,0.000000
1897-01-31,-0.066265,-0.031026,0.000000,0.000000
1897-02-28,-0.066265,-0.031026,0.000000,0.000000
1897-03-31,-0.066265,0.000000,0.000000,0.000000
1897-04-30,-0.082329,0.000000,0.000000,0.000000
1897-05-31,-0.082329,-0.066265,0.000000,0.000000
1897-06-30,-0.082329,-0.066265,0.000000,0.000000
1897-07-31,-0.082329,-0.066265,0.000000,0.000000
1897-08-31,-0.082329,-0.066265,0.000000,0.000000
1897-09-30,-0.063525,-0.035270,0.000000,0.000000
1897-10-31,-0.063525,-0.063525,0.000000,0.000000
1897-11-30,-0.063525,-0.063525,0.000000,0.000000
1897-12-31,-0.063525,-0.063525,0.000000,0.000000
1898-01-31,-0.061602,-0.061602,0.000000,0.000000
1898-02-28,-0.022770,-0.017204,0.000000,0.000000
1898-03-31,-0.022770,-0.001898,0.000000,0.000000
1898-04-30,-0.022770,-0.001898,0.000000,0.000000
1898-05-31,-0.041667,-0.022770,0.000000,0.000000
1898-06-30,-0.063272,-0.022770,0.000000,0.000000
1898-07-31,-0.063272,-0.022770,0.000000,0.000000
1898-08-31,-0.063272,-0.020913,0.000000,0.000000
1898-09-30,-0.063272,0.000000,0.000000,0.000000
1898-10-31,-0.063272,0.000000,0.000000,0.000000
1898-11-30,-0.063272,0.000000,0.000000,0.000000
1898-12-31,-0.070988,-0.063272,0.000000,0.000000
1899-01-31,-0.070988,-0.063272,0.000000,0.000000
1899-02-28,-0.070988,-0.063272,0.000000,0.000000
1899-03-31,-0.070988,-0.063272,0.000000,0.000000
1899-04-30,-0.068111,-0.022544,0.000000,0.000000
1899-05-31,-0.068111,-0.015528,0.000000,0.000000
1899-06-30,-0.092879,-0.015528,0.000000,0.000000
1899-07-31,-0.092879,-0.068111,0.000000,0.000000
1899-08-31,-0.092879,-0.068111,0.000000,0.000000
1899-09-30,-0.102167,-0.068111,0.000000,0.000000
1899-10-31,-0.102167,-0.068111,0.000000,0.000000
1899-11-30,-0.085174,0.000000,0.000000,0.000000
1899-12-31,-0.085174,-0.075710,0.000000,0.000000
1900-01-31,-0.085174,-0.075710,0.000000,0.000000
1900-02-28,-0.085174,-0.075710,0.000000,0.000000
1900-03-31,-0.085174,-0.085174,0.000000,0.000000
1900-04-30,-0.039735,-0.039735,0.000000,0.000000
1900-05-31,-0.050369,-0.023569,0.000000,0.000000
1900-06-30,-0.050369,-0.023569,0.000000,0.000000
1900-07-31,-0.067059,-0.023569,0.000000,0.000000
1900-08-31,-0.067059,0.000000,0.000000,0.000000
1900-09-30,-0.067059,0.000000,0.000000,0.000000
1900-10-31,-0.069412,0.000000,0.000000,0.000000
1900-11-30,-0.069412,0.000000,0.000000,0.000000
1900-12-31,-0.069412,-0.050369,0.000000,0.000000
1901-01-31,-0.069412,-0.067059,0.000000,0.000000
1901-02-28,-0.069412,-0.067059,0.000000,0.000000
1901-03-31,-0.069412,-0.067059,0.000000,0.000000
1901-04-30,-0.069412,-0.067059,0.000000,0.000000
1901-05-31,-0.069412,-0.069412,0.000000,0.000000
1901-06-30,-0.016169,-0.016169,0.000000,0.000000
1901-07-31,-0.016169,-0.016169,0.000000,0.000000
1901-08-31,-0.016089,-0.016089,0.000000,0.000000
1901-09-30,-0.016089,-0.016089,0.000000,0.000000
1901-10-31,-0.031638,-0.016089,0.000000,0.000000
1901-11-30,-0.068927,0.000000,0.000000,0.000000
1901-12-31,-0.090395,-0.008255,0.000000,0.000000
1902-01-31,-0.090395,-0.008255,0.000000,0.000000
1902-02-28,-0.090395,-0.008255,0.000000,0.000000
1902-03-31,-0.090395,-0.008255,0.000000,0.000000
1902-04-30,-0.124294,-0.005910,0.000000,0.000000
1902-05-31,-0.141243,-0.068927,0.000000,0.000000
1902-06-30,-0.188701,-0.068927,0.000000,0.000000
1902-07-31,-0.225989,-0.090395,1.000000,0.000000
1902-08-31,-0.250847,-0.090395,1.000000,0.000000
1902-09-30,-0.245041,-0.060677,1.000000,0.000000
1902-10-31,-0.260047,-0.083924,1.000000,0.000000
1902-11-30,-0.260047,-0.083924,1.000000,0.000000
1902-12-31,-0.260047,-0.151300,1.000000,1.000000
1903-01-31,-0.255648,-0.185493,1.000000,1.000000
1903-02-28,-0.225248,-0.152228,1.000000,1.000000
1903-03-31,-0.192258,-0.165161,0.000000,1.000000
1903-04-30,-0.176316,-0.148684,0.000000,1.000000
1903-05-31,-0.128134,-0.128134,0.000000,1.000000
1903-06-30,-0.086131,-0.086131,0.000000,0.000000
1903-07-31,-0.055807,-0.055807,0.000000,0.000000
1903-08-31,-0.032457,-0.032457,0.000000,0.000000
1903-09-30,-0.029940,-0.026946,0.000000,0.000000
1903-10-31,-0.029940,-0.029940,0.000000,0.000000
1903-11-30,-0.029940,-0.029940,0.000000,0.000000
1903-12-31,-0.029940,-0.029940,0.000000,0.000000
1904-01-31,-0.021084,-0.021084,0.000000,0.000000
1904-02-29,-0.021084,-0.021084,0.000000,0.000000
1904-03-31,-0.021084,-0.021084,0.000000,0.000000
1904-04-30,-0.012155,0.000000,0.000000,0.000000
1904-05-31,-0.060773,0.000000,0.000000,0.000000
1904-06-30,-0.060773,0.000000,0.000000,0.000000
1904-07-31,-0.060773,0.000000,0.000000,0.000000
1904-08-31,-0.060773,0.000000,0.000000,0.000000
1904-09-30,-0.060773,0.000000,0.000000,0.000000
1904-10-31,-0.060773,-0.012155,0.000000,0.000000
1904-11-30,-0.060773,-0.012155,0.000000,0.000000
1904-12-31,-0.060773,-0.060773,0.000000,0.000000
1905-01-31,-0.060773,-0.060773,0.000000,0.000000
1905-02-28,-0.060773,-0.060773,0.000000,0.000000
1905-03-31,-0.049217,-0.049217,0.000000,0.000000
1905-04-30,-0.044580,0.000000,0.000000,0.000000
1905-05-31,-0.069909,-0.005342,0.000000,0.000000
1905-06-30,-0.069909,-0.005342,0.000000,0.000000
1905-07-31,-0.082067,-0.005342,0.000000,0.000000
1905-08-31,-0.082067,-0.007092,0.000000,0.000000
1905-09-30,-0.082067,-0.007092,0.000000,0.000000
1905-10-31,-0.082067,-0.044580,0.000000,0.000000
1905-11-30,-0.082067,-0.044580,0.000000,0.000000
1905-12-31,-0.082067,-0.069909,0.000000,0.000000
1906-01-31,-0.075510,-0.075510,0.000000,0.000000
1906-02-28,-0.076770,-0.052301,0.000000,0.000000
1906-03-31,-0.167498,-0.039236,0.000000,0.000000
1906-04-30,-0.167498,-0.025806,0.000000,0.000000
1906-05-31,-0.192423,-0.029910,0.000000,0.000000
1906-06-30,-0.218345,-0.029910,1.000000,0.000000
1906-07-31,-0.218345,-0.046859,1.000000,0.000000
1906-08-31,-0.249252,-0.076770,1.000000,0.000000
1906-09-30,-0.249748,-0.067472,1.000000,0.000000
1906-10-31,-0.331319,-0.159114,1.000000,1.000000
1906-11-30,-0.364837,-0.151423,1.000000,1.000000
1906-12-31,-0.346234,-0.179916,1.000000,1.000000
1907-01-31,-0.325054,-0.153348,1.000000,1.000000
1907-02-28,-0.255066,-0.065554,1.000000,0.000000
1907-03-31,-0.255066,-0.112038,1.000000,1.000000
1907-04-30,-0.232187,-0.084767,1.000000,0.000000
1907-05-31,-0.232187,-0.232187,1.000000,0.000000
1907-06-30,-0.232187,-0.232187,1.000000,0.000000
1907-07-31,-0.169987,-0.169987,0.000000,1.000000
1907-08-31,-0.161074,-0.161074,0.000000,1.000000
1907-09-30,-0.058735,-0.058735,0.000000,0.000000
1907-10-31,-0.036496,-0.036496,0.000000,0.000000
1907-11-30,-0.036496,-0.036496,0.000000,0.000000
1907-12-31,-0.036496,-0.036496,0.000000,0.000000
1908-01-31,-0.010896,0.000000,0.000000,0.000000
1908-02-29,-0.028698,0.000000,0.000000,0.000000
1908-03-31,-0.028698,-0.010896,0.000000,0.000000
1908-04-30,-0.028698,-0.010896,0.000000,0.000000
1908-05-31,-0.028698,-0.010896,0.000000,0.000000
1908-06-30,-0.028698,-0.010896,0.000000,0.000000
1908-07-31,-0.028698,-0.010896,0.000000,0.000000
1908-08-31,-0.028698,-0.028698,0.000000,0.000000
1908-09-30,-0.028698,-0.028698,0.000000,0.000000
1908-10-31,-0.028698,-0.028698,0.000000,0.000000
1908-11-30,-0.028698,-0.028698,0.000000,0.000000
1908-12-31,-0.028698,-0.028698,0.000000,0.000000
1909-01-31,-0.021359,0.000000,0.000000,0.000000
1909-02-28,-0.056311,0.000000,0.000000,0.000000
1909-03-31,-0.056311,0.000000,0.000000,0.000000
1909-04-30,-0.056311,0.000000,0.000000,0.000000
1909-05-31,-0.071845,-0.004888,0.000000,0.000000
1909-06-30,-0.116505,-0.004888,0.000000,0.000000
1909-07-31,-0.161165,-0.021359,0.000000,0.000000
1909-08-31,-0.161165,-0.056311,0.000000,0.000000
1909-09-30,-0.161165,-0.056311,0.000000,0.000000
1909-10-31,-0.161165,-0.056311,0.000000,0.000000
1909-11-30,-0.161165,-0.056311,0.000000,0.000000
1909-12-31,-0.142857,-0.097222,0.000000,0.000000
1910-01-31,-0.132530,-0.132530,0.000000,1.000000
1910-02-28,-0.132530,-0.132530,0.000000,1.000000
1910-03-31,-0.111111,-0.111111,0.000000,1.000000
1910-04-30,-0.096234,-0.096234,0.000000,0.000000
1910-05-31,-0.050549,-0.050549,0.000000,0.000000
1910-06-30,-0.028970,-0.001073,0.000000,0.000000
1910-07-31,-0.028970,-0.028970,0.000000,0.000000
1910-08-31,-0.051706,-0.028970,0.000000,0.000000
1910-09-30,-0.103413,-0.028970,0.000000,0.000000
1910-10-31,-0.103413,-0.027927,0.000000,0.000000
1910-11-30,-0.103413,-0.015907,0.000000,0.000000
1910-12-31,-0.103413,-0.015907,0.000000,0.000000
1911-01-31,-0.103413,-0.015907,0.000000,0.000000
1911-02-28,-0.103413,-0.004292,0.000000,0.000000
1911-03-31,-0.103413,-0.103413,0.000000,1.000000
1911-04-30,-0.103413,-0.103413,0.000000,1.000000
1911-05-31,-0.103413,-0.103413,0.000000,1.000000
1911-06-30,-0.099688,-0.099688,0.000000,0.000000
1911-07-31,-0.054526,-0.054526,0.000000,0.000000
1911-08-31,-0.008772,-0.008772,0.000000,0.000000
1911-09-30,-0.008772,-0.008772,0.000000,0.000000
1911-10-31,-0.008772,-0.008772,0.000000,0.000000
1911-11-30,-0.013185,-0.008772,0.000000,0.000000
1911-12-31,-0.048682,-0.008772,0.000000,0.000000
1912-01-31,-0.056795,-0.001043,0.000000,0.000000
1912-02-29,-0.090264,-0.001043,0.000000,0.000000
1912-03-31,-0.107505,-0.001043,0.000000,0.000000
1912-04-30,-0.108519,0.000000,0.000000,0.000000
1912-05-31,-0.132860,-0.013185,0.000000,0.000000
1912-06-30,-0.176471,-0.013185,0.000000,0.000000
1912-07-31,-0.176471,-0.056795,0.000000,0.000000
1912-08-31,-0.176471,-0.090264,0.000000,0.000000
1912-09-30,-0.174797,-0.088415,0.000000,0.000000
1912-10-31,-0.165468,-0.096608,0.000000,0.000000
1912-11-30,-0.141791,-0.062900,0.000000,0.000000
1912-12-31,-0.135484,-0.126882,0.000000,1.000000
1913-01-31,-0.103679,-0.094760,0.000000,0.000000
1913-02-28,-0.086364,-0.077273,0.000000,0.000000
1913-03-31,-0.085324,-0.076223,0.000000,0.000000
1913-04-30,-0.059649,-0.050292,0.000000,0.000000
1913-05-31,-0.057444,-0.056272,0.000000,0.000000
1913-06-30,-0.057444,-0.056272,0.000000,0.000000
1913-07-31,-0.099648,-0.057444,0.000000,0.000000
1913-08-31,-0.099648,-0.057444,0.000000,0.000000
1913-09-30,-0.094340,-0.026634,0.000000,0.000000
1913-10-31,-0.094340,-0.042453,0.000000,0.000000
1913-11-30,-0.094340,-0.042453,0.000000,0.000000
1913-12-31,-0.133255,-0.042453,0.000000,0.000000
1914-01-31,-0.133255,-0.094340,0.000000,0.000000
1914-02-28,-0.116587,-0.076923,0.000000,0.000000
1914-03-31,-0.100367,-0.059976,0.000000,0.000000
1914-04-30,-0.100367,-0.059976,0.000000,0.000000
1914-05-31,-0.095941,-0.055351,0.000000,0.000000
1914-06-30,-0.042969,0.000000,0.000000,0.000000
1914-07-31,-0.042969,-0.042969,0.000000,0.000000
1914-08-31,-0.042969,-0.042969,0.000000,0.000000
1914-09-30,-0.042969,-0.042969,0.000000,0.000000
1914-10-31,-0.042969,-0.042969,0.000000,0.000000
1914-11-30,-0.023342,-0.013369,0.000000,0.000000
1914-12-31,-0.023342,-0.023342,0.000000,0.000000
1915-01-31,-0.023342,-0.023342,0.000000,0.000000
1915-02-28,-0.023342,-0.023342,0.000000,0.000000
1915-03-31,-0.032700,-0.023342,0.000000,0.000000
1915-04-30,-0.043249,-0.003731,0.000000,0.000000
1915-05-31,-0.043249,-0.003731,0.000000,0.000000
1915-06-30,-0.043249,0.000000,0.000000,0.000000
1915-07-31,-0.043249,-0.015823,0.000000,0.000000
1915-08-31,-0.043249,-0.029536,0.000000,0.000000
1915-09-30,-0.043249,-0.029536,0.000000,0.000000
1915-10-31,-0.043249,-0.043249,0.000000,0.000000
1915-11-30,-0.043249,-0.043249,0.000000,0.000000
1915-12-31,-0.040157,-0.027867,0.000000,0.000000
1916-01-31,-0.062684,-0.014130,0.000000,0.000000
1916-02-29,-0.115573,-0.013889,0.000000,0.000000
1916-03-31,-0.115573,-0.013889,0.000000,0.000000
1916-04-30,-0.115573,-0.013889,0.000000,0.000000
1916-05-31,-0.132223,-0.013889,0.000000,0.000000
1916-06-30,-0.132223,0.000000,0.000000,0.000000
1916-07-31,-0.139079,-0.062684,0.000000,0.000000
1916-08-31,-0.164545,-0.115573,0.000000,1.000000
1916-09-30,-0.204701,-0.115573,1.000000,1.000000
1916-10-31,-0.247796,-0.115573,1.000000,1.000000
1916-11-30,-0.281633,-0.078571,1.000000,0.000000
1916-12-31,-0.289446,-0.074190,1.000000,0.000000
1917-01-31,-0.269603,-0.055854,1.000000,0.000000
1917-02-28,-0.269603,-0.055854,1.000000,0.000000
1917-03-31,-0.258451,-0.114504,1.000000,1.000000
1917-04-30,-0.247788,-0.101770,1.000000,1.000000
1917-05-31,-0.247788,-0.221239,1.000000,0.000000
1917-06-30,-0.226394,-0.199090,1.000000,1.000000
1917-07-31,-0.202814,-0.202814,1.000000,0.000000
1917-08-31,-0.162562,-0.162562,0.000000,1.000000
1917-09-30,-0.114583,-0.114583,0.000000,1.000000
1917-10-31,-0.034091,-0.034091,0.000000,0.000000
1917-11-30,-0.029610,-0.029610,0.000000,0.000000
1917-12-31,-0.029610,-0.029610,0.000000,0.000000
1918-01-31,-0.029610,-0.029610,0.000000,0.000000
1918-02-28,-0.026055,-0.009615,0.000000,0.000000
1918-03-31,-0.026055,-0.005277,0.000000,0.000000
1918-04-30,-0.026055,-0.005277,0.000000,0.000000
1918-05-31,-0.026055,-0.005277,0.000000,0.000000
1918-06-30,-0.026055,-0.005277,0.000000,0.000000
1918-07-31,-0.026055,-0.026055,0.000000,0.000000
1918-08-31,-0.067298,-0.026055,0.000000,0.000000
1918-09-30,-0.067298,-0.026055,0.000000,0.000000
1918-10-31,-0.067298,-0.026055,0.000000,0.000000
1918-11-30,-0.067298,-0.006329,0.000000,0.000000
1918-12-31,-0.067298,0.000000,0.000000,0.000000
1919-01-31,-0.071504,0.000000,0.000000,0.000000
1919-02-28,-0.071504,0.000000,0.000000,0.000000
1919-03-31,-0.148265,-0.067298,0.000000,0.000000
1919-04-30,-0.148265,-0.067298,0.000000,0.000000
1919-05-31,-0.152471,-0.067298,0.000000,0.000000
1919-06-30,-0.167192,-0.067298,0.000000,0.000000
1919-07-31,-0.164731,-0.067582,0.000000,0.000000
1919-08-31,-0.197466,-0.144667,0.000000,1.000000
1919-09-30,-0.197466,-0.144667,0.000000,1.000000
1919-10-31,-0.173014,-0.118607,0.000000,1.000000
1919-11-30,-0.161435,-0.091928,0.000000,0.000000
1919-12-31,-0.228766,-0.103058,1.000000,1.000000
1920-01-31,-0.214533,-0.087659,1.000000,0.000000
1920-02-29,-0.214533,-0.087659,1.000000,0.000000
1920-03-31,-0.208140,-0.116279,1.000000,1.000000
1920-04-30,-0.155087,-0.057072,0.000000,0.000000
1920-05-31,-0.140152,-0.055556,0.000000,0.000000
1920-06-30,-0.171934,-0.054362,0.000000,0.000000
1920-07-31,-0.171320,-0.135787,0.000000,1.000000
1920-08-31,-0.181472,-0.135787,0.000000,1.000000
1920-09-30,-0.181472,-0.135787,0.000000,1.000000
1920-10-31,-0.137701,-0.089572,0.000000,0.000000
1920-11-30,-0.094101,-0.032349,0.000000,0.000000
1920-12-31,-0.094101,-0.080056,0.000000,0.000000
1921-01-31,-0.094101,-0.082865,0.000000,0.000000
1921-02-28,-0.094101,-0.082865,0.000000,0.000000
1921-03-31,-0.094101,-0.094101,0.000000,0.000000
1921-04-30,-0.094101,-0.094101,0.000000,0.000000
1921-05-31,-0.015267,-0.015267,0.000000,0.000000
1921-06-30,-0.012251,-0.012251,0.000000,0.000000
1921-07-31,-0.009379,-0.001368,0.000000,0.000000
1921-08-31,-0.009379,-0.001368,0.000000,0.000000
1921-09-30,-0.009379,-0.001368,0.000000,0.000000
1921-10-31,-0.009379,-0.001368,0.000000,0.000000
1921-11-30,-0.049676,-0.001368,0.000000,0.000000
1921-12-31,-0.051836,-0.009379,0.000000,0.000000
1922-01-31,-0.051836,-0.009379,0.000000,0.000000
1922-02-28,-0.051836,-0.009379,0.000000,0.000000
1922-03-31,-0.051836,-0.009379,0.000000,0.000000
1922-04-30,-0.051836,-0.009379,0.000000,0.000000
1922-05-31,-0.080594,-0.049676,0.000000,0.000000
1922-06-30,-0.115589,-0.049676,0.000000,0.000000
1922-07-31,-0.145281,-0.051836,0.000000,0.000000
1922-08-31,-0.145281,-0.051836,0.000000,0.000000
1922-09-30,-0.145281,-0.051836,0.000000,0.000000
1922-10-31,-0.148462,-0.034995,0.000000,0.000000
1922-11-30,-0.148462,-0.034995,0.000000,0.000000
1922-12-31,-0.148462,-0.115589,0.000000,1.000000
1923-01-31,-0.148462,-0.145281,0.000000,1.000000
1923-02-28,-0.148462,-0.145281,0.000000,1.000000
1923-03-31,-0.117582,-0.114286,0.000000,1.000000
1923-04-30,-0.073818,-0.070358,0.000000,0.000000
1923-05-31,-0.045096,-0.037170,0.000000,0.000000
1923-06-30,-0.045096,-0.014724,0.000000,0.000000
1923-07-31,-0.045096,-0.014724,0.000000,0.000000
1923-08-31,-0.045096,-0.014724,0.000000,0.000000
1923-09-30,-0.045096,0.000000,0.000000,0.000000
1923-10-31,-0.045096,-0.041714,0.000000,0.000000
1923-11-30,-0.045096,-0.041714,0.000000,0.000000
1923-12-31,-0.045096,-0.045096,0.000000,0.000000
1924-01-31,-0.045096,-0.045096,0.000000,0.000000
1924-02-29,-0.026437,-0.026437,0.000000,0.000000
1924-03-31,-0.026242,-0.009636,0.000000,0.000000
1924-04-30,-0.036551,-0.009636,0.000000,0.000000
1924-05-31,-0.036551,-0.022484,0.000000,0.000000
1924-06-30,-0.036551,-0.022484,0.000000,0.000000
1924-07-31,-0.036551,-0.022484,0.000000,0.000000
1924-08-31,-0.036551,-0.012973,0.000000,0.000000
1924-09-30,-0.036551,0.000000,0.000000,0.000000
1924-10-31,-0.036551,-0.036551,0.000000,0.000000
1924-11-30,-0.036551,-0.036551,0.000000,0.000000
1924-12-31,-0.036551,-0.036551,0.000000,0.000000
1925-01-31,-0.036551,-0.036551,0.000000,0.000000
1925-02-28,-0.010587,-0.010587,0.000000,0.000000
1925-03-31,-0.067877,0.000000,0.000000,0.000000
1925-04-30,-0.093923,0.000000,0.000000,0.000000
1925-05-31,-0.093923,0.000000,0.000000,0.000000
1925-06-30,-0.093923,0.000000,0.000000,0.000000
1925-07-31,-0.093923,0.000000,0.000000,0.000000
1925-08-31,-0.093923,0.000000,0.000000,0.000000
1925-09-30,-0.093923,0.000000,0.000000,0.000000
1925-10-31,-0.093923,-0.093923,0.000000,0.000000
1925-11-30,-0.093923,-0.093923,0.000000,0.000000
1925-12-31,-0.093923,-0.093923,0.000000,0.000000
1926-01-31,-0.093923,-0.093923,0.000000,0.000000
1926-02-28,-0.027942,-0.027942,0.000000,0.000000
1926-03-31,-0.022523,0.000000,0.000000,0.000000
1926-04-30,-0.022523,0.000000,0.000000,0.000000
1926-05-31,-0.022523,-0.022523,0.000000,0.000000
1926-06-30,-0.022523,-0.022523,0.000000,0.000000
1926-07-31,-0.022523,-0.022523,0.000000,0.000000
1926-08-31,-0.022523,-0.022523,0.000000,0.000000
1926-09-30,-0.006672,-0.006672,0.000000,0.000000
1926-10-31,-0.015348,-0.006672,0.000000,0.000000
1926-11-30,-0.015348,-0.006672,0.000000,0.000000
1926-12-31,-0.015348,0.000000,0.000000,0.000000
1927-01-31,-0.028153,0.000000,0.000000,0.000000
1927-02-28,-0.045608,0.000000,0.000000,0.000000
1927-03-31,-0.045608,0.000000,0.000000,0.000000
1927-04-30,-0.045608,0.000000,0.000000,0.000000
1927-05-31,-0.052838,-0.015348,0.000000,0.000000
1927-06-30,-0.102740,-0.015348,0.000000,0.000000
1927-07-31,-0.102740,-0.028153,0.000000,0.000000
1927-08-31,-0.102740,-0.045608,0.000000,0.000000
1927-09-30,-0.102740,-0.045608,0.000000,0.000000
1927-10-31,-0.102740,-0.045608,0.000000,0.000000
1927-11-30,-0.102740,-0.052838,0.000000,0.000000
1927-12-31,-0.102740,-0.102740,0.000000,1.000000
1928-01-31,-0.102740,-0.102740,0.000000,1.000000
1928-02-29,-0.102740,-0.102740,0.000000,1.000000
1928-03-31,-0.102740,-0.102740,0.000000,1.000000
1928-04-30,-0.102740,-0.102740,0.000000,1.000000
1928-05-31,-0.086198,-0.086198,0.000000,0.000000
1928-06-30,-0.082290,-0.081137,0.000000,0.000000
1928-07-31,-0.082290,-0.081137,0.000000,0.000000
1928-08-31,-0.082290,-0.081137,0.000000,0.000000
1928-09-30,-0.082290,-0.081137,0.000000,0.000000
1928-10-31,-0.358757,-0.081137,1.000000,0.000000
1928-11-30,-0.445700,-0.082290,1.000000,0.000000
1928-12-31,-0.445700,-0.082290,1.000000,0.000000
1929-01-31,-0.445700,-0.082290,1.000000,0.000000
1929-02-28,-0.445700,-0.082290,1.000000,0.000000
1929-03-31,-0.445700,-0.082290,1.000000,0.000000
1929-04-30,-0.445700,-0.358757,1.000000,0.000000
1929-05-31,-0.445700,-0.445700,1.000000,0.000000
1929-06-30,-0.445700,-0.445700,1.000000,0.000000
1929-07-31,-0.445700,-0.445700,1.000000,0.000000
1929-08-31,-0.445700,-0.445700,1.000000,0.000000
1929-09-30,-0.426809,-0.426809,1.000000,0.000000
1929-10-31,-0.347994,-0.228147,1.000000,0.000000
1929-11-30,-0.400463,-0.113426,1.000000,1.000000
1929-12-31,-0.442901,-0.251929,1.000000,0.000000
1930-01-31,-0.442901,-0.251929,1.000000,0.000000
1930-02-28,-0.442901,-0.251929,1.000000,0.000000
1930-03-31,-0.442901,-0.282793,1.000000,0.000000
1930-04-30,-0.415140,-0.312169,1.000000,0.000000
1930-05-31,-0.466393,-0.363115,1.000000,0.000000
1930-06-30,-0.441903,-0.339433,1.000000,0.000000
1930-07-31,-0.441903,-0.339433,1.000000,0.000000
1930-08-31,-0.441903,-0.339433,1.000000,0.000000
1930-09-30,-0.500000,-0.256437,1.000000,0.000000
1930-10-31,-0.514584,-0.209136,1.000000,0.000000
1930-11-30,-0.514584,-0.283434,1.000000,0.000000
1930-12-31,-0.575124,-0.328564,1.000000,0.000000
1931-01-31,-0.584480,-0.328564,1.000000,0.000000
1931-02-28,-0.584718,-0.324474,1.000000,0.000000
1931-03-31,-0.562799,-0.419258,1.000000,0.000000
1931-04-30,-0.622409,-0.428756,1.000000,0.000000
1931-05-31,-0.708795,-0.425407,1.000000,0.000000
1931-06-30,-0.711664,-0.494102,1.000000,0.000000
1931-07-31,-0.692092,-0.471658,1.000000,0.000000
1931-08-31,-0.683908,-0.461207,1.000000,0.000000
1931-09-30,-0.618056,-0.348958,1.000000,0.000000
1931-10-31,-0.618056,-0.493924,1.000000,0.000000
1931-11-30,-0.530917,-0.485075,1.000000,0.000000
1931-12-31,-0.510022,-0.510022,1.000000,0.000000
1932-01-31,-0.510022,-0.510022,1.000000,0.000000
1932-02-29,-0.510022,-0.510022,1.000000,0.000000
1932-03-31,-0.406015,-0.387187,1.000000,0.000000
1932-04-30,-0.406015,-0.310419,1.000000,0.000000
1932-05-31,-0.406015,-0.310419,1.000000,0.000000
1932-06-30,-0.406015,-0.310419,1.000000,0.000000
1932-07-31,-0.406015,-0.310419,1.000000,0.000000
1932-08-31,-0.406015,-0.406015,1.000000,0.000000
1932-09-30,-0.313896,-0.313896,1.000000,0.000000
1932-10-31,-0.294262,-0.279948,1.000000,0.000000
1932-11-30,-0.294262,-0.246594,1.000000,0.000000
1932-12-31,-0.294262,-0.246594,1.000000,0.000000
1933-01-31,-0.294262,-0.209016,1.000000,0.000000
1933-02-28,-0.294262,-0.209016,1.000000,0.000000
1933-03-31,-0.294262,-0.209016,1.000000,0.000000
1933-04-30,-0.294262,-0.294262,1.000000,0.000000
1933-05-31,-0.294262,-0.294262,1.000000,0.000000
1933-06-30,-0.294262,-0.294262,1.000000,0.000000
1933-07-31,-0.292724,-0.236702,1.000000,0.000000
1933-08-31,-0.292724,-0.233304,1.000000,0.000000
1933-09-30,-0.292724,-0.165698,1.000000,1.000000
1933-10-31,-0.292724,-0.118443,1.000000,1.000000
1933-11-30,-0.292724,-0.200508,1.000000,0.000000
1933-12-31,-0.292724,-0.206430,1.000000,0.000000
1934-01-31,-0.292724,-0.292724,1.000000,0.000000
1934-02-28,-0.250896,-0.250896,1.000000,0.000000
1934-03-31,-0.277778,-0.250896,1.000000,0.000000
1934-04-30,-0.229445,-0.200765,1.000000,0.000000
1934-05-31,-0.222758,-0.193828,1.000000,1.000000
1934-06-30,-0.193193,-0.163163,0.000000,1.000000
1934-07-31,-0.158664,-0.112395,0.000000,1.000000
1934-08-31,-0.158664,-0.087683,0.000000,0.000000
1934-09-30,-0.158664,-0.158664,0.000000,1.000000
1934-10-31,-0.158664,-0.158664,0.000000,1.000000
1934-11-30,-0.158664,-0.158664,0.000000,1.000000
1934-12-31,-0.158664,-0.158664,0.000000,1.000000
1935-01-31,-0.137045,-0.137045,0.000000,1.000000
1935-02-28,-0.099671,-0.099671,0.000000,0.000000
1935-03-31,-0.099671,-0.099671,0.000000,0.000000
1935-04-30,-0.127660,-0.089974,0.000000,0.000000
1935-05-31,-0.127660,-0.089974,0.000000,0.000000
1935-06-30,-0.127660,-0.089974,0.000000,0.000000
1935-07-31,-0.127660,-0.089974,0.000000,0.000000
1935-08-31,-0.127660,-0.068792,0.000000,0.000000
1935-09-30,-0.127660,-0.056954,0.000000,0.000000
1935-10-31,-0.127660,-0.127660,0.000000,1.000000
1935-11-30,-0.127660,-0.127660,0.000000,1.000000
1935-12-31,-0.127660,-0.127660,0.000000,1.000000
1936-01-31,-0.127660,-0.127660,0.000000,1.000000
1936-02-29,-0.127660,-0.127660,0.000000,1.000000
1936-03-31,-0.127660,-0.127660,0.000000,1.000000
1936-04-30,-0.143546,-0.079190,0.000000,0.000000
1936-05-31,-0.163364,-0.079190,0.000000,0.000000
1936-06-30,-0.190145,-0.079190,0.000000,0.000000
1936-07-31,-0.190145,-0.079190,0.000000,0.000000
1936-08-31,-0.190145,-0.079190,0.000000,0.000000
1936-09-30,-0.292983,-0.077665,1.000000,0.000000
1936-10-31,-0.423674,-0.143546,1.000000,1.000000
1936-11-30,-0.455276,-0.163364,1.000000,1.000000
1936-12-31,-0.455276,-0.190145,1.000000,1.000000
1937-01-31,-0.455276,-0.190145,1.000000,1.000000
1937-02-28,-0.455276,-0.190145,1.000000,1.000000
1937-03-31,-0.520045,-0.254658,1.000000,0.000000
1937-04-30,-0.507817,-0.376954,1.000000,0.000000
1937-05-31,-0.507817,-0.411118,1.000000,0.000000
1937-06-30,-0.507817,-0.411118,1.000000,0.000000
1937-07-31,-0.507817,-0.411118,1.000000,0.000000
1937-08-31,-0.455477,-0.348495,1.000000,0.000000
1937-09-30,-0.380466,-0.371720,1.000000,0.000000
1937-10-31,-0.296358,-0.296358,1.000000,0.000000
1937-11-30,-0.288703,-0.288703,1.000000,0.000000
1937-12-31,-0.288703,-0.288703,1.000000,0.000000
1938-01-31,-0.272260,-0.272260,1.000000,0.000000
1938-02-28,-0.258290,-0.258290,1.000000,0.000000
1938-03-31,-0.210640,-0.141406,1.000000,1.000000
1938-04-30,-0.250899,-0.141406,1.000000,1.000000
1938-05-31,-0.250899,-0.141406,1.000000,1.000000
1938-06-30,-0.250899,-0.141406,1.000000,1.000000
1938-07-31,-0.250899,-0.171100,1.000000,1.000000
1938-08-31,-0.250899,-0.171100,1.000000,1.000000
1938-09-30,-0.250899,-0.172538,1.000000,1.000000
1938-10-31,-0.244380,-0.244380,1.000000,0.000000
1938-11-30,-0.212396,-0.212396,1.000000,0.000000
1938-12-31,-0.212396,-0.212396,1.000000,0.000000
1939-01-31,-0.204580,-0.204580,1.000000,0.000000
1939-02-28,-0.204580,-0.204580,1.000000,0.000000
1939-03-31,-0.108374,-0.108374,0.000000,1.000000
1939-04-30,-0.108374,-0.108374,0.000000,1.000000
1939-05-31,-0.308100,-0.108374,1.000000,1.000000
1939-06-30,-0.319455,-0.108374,1.000000,1.000000
1939-07-31,-0.319455,-0.106908,1.000000,1.000000
1939-08-31,-0.319455,-0.088569,1.000000,0.000000
1939-09-30,-0.319455,-0.091597,1.000000,0.000000
1939-10-31,-0.305792,-0.073359,1.000000,0.000000
1939-11-30,-0.296006,-0.284260,1.000000,0.000000
1939-12-31,-0.296006,-0.296006,1.000000,0.000000
1940-01-31,-0.285941,-0.285941,1.000000,0.000000
1940-02-29,-0.285941,-0.285941,1.000000,0.000000
1940-03-31,-0.285941,-0.285941,1.000000,0.000000
1940-04-30,-0.258251,-0.258251,1.000000,0.000000
1940-05-31,-0.183494,-0.072871,0.000000,0.000000
1940-06-30,-0.183494,-0.088674,0.000000,0.000000
1940-07-31,-0.183494,-0.118525,0.000000,1.000000
1940-08-31,-0.183494,-0.163301,0.000000,1.000000
1940-09-30,-0.183494,-0.163301,0.000000,1.000000
1940-10-31,-0.183494,-0.182616,0.000000,1.000000
1940-11-30,-0.160221,-0.143646,0.000000,1.000000
1940-12-31,-0.229282,-0.143646,1.000000,1.000000
1941-01-31,-0.200573,-0.087340,1.000000,0.000000
1941-02-28,-0.200573,-0.084646,1.000000,0.000000
1941-03-31,-0.237822,-0.084646,1.000000,0.000000
1941-04-30,-0.286533,-0.085005,1.000000,0.000000
1941-05-31,-0.286533,-0.128940,1.000000,1.000000
1941-06-30,-0.286533,-0.200573,1.000000,0.000000
1941-07-31,-0.286533,-0.200573,1.000000,0.000000
1941-08-31,-0.286533,-0.200573,1.000000,0.000000
1941-09-30,-0.265487,-0.215339,1.000000,0.000000
1941-10-31,-0.226708,-0.226708,1.000000,0.000000
1941-11-30,-0.203625,-0.203625,1.000000,0.000000
1941-12-31,-0.178218,-0.178218,0.000000,1.000000
1942-01-31,-0.167224,-0.167224,0.000000,1.000000
1942-02-28,-0.131395,-0.131395,0.000000,1.000000
1942-03-31,-0.089024,-0.089024,0.000000,0.000000
1942-04-30,-0.052721,-0.041903,0.000000,0.000000
1942-05-31,-0.052721,-0.041903,0.000000,0.000000
1942-06-30,-0.052721,-0.042312,0.000000,0.000000
1942-07-31,-0.062500,-0.042312,0.000000,0.000000
1942-08-31,-0.092563,-0.042312,0.000000,0.000000
1942-09-30,-0.092563,-0.042312,0.000000,0.000000
1942-10-31,-0.092563,-0.052721,0.000000,0.000000
1942-11-30,-0.130538,-0.052721,0.000000,0.000000
1942-12-31,-0.130538,-0.052721,0.000000,0.000000
1943-01-31,-0.130538,-0.062500,0.000000,0.000000
1943-02-28,-0.130538,-0.092563,0.000000,0.000000
1943-03-31,-0.130538,-0.092563,0.000000,0.000000
1943-04-30,-0.130538,-0.092563,0.000000,0.000000
1943-05-31,-0.130538,-0.130538,0.000000,1.000000
1943-06-30,-0.130538,-0.130538,0.000000,1.000000
1943-07-31,-0.102124,-0.102124,0.000000,1.000000
1943-08-31,-0.102124,-0.102124,0.000000,1.000000
1943-09-30,-0.090984,-0.090984,0.000000,0.000000
1943-10-31,-0.078020,-0.078020,0.000000,0.000000
1943-11-30,-0.069329,-0.051990,0.000000,0.000000
1943-12-31,-0.069329,-0.051990,0.000000,0.000000
1944-01-31,-0.069329,-0.051990,0.000000,0.000000
1944-02-29,-0.069329,-0.051990,0.000000,0.000000
1944-03-31,-0.069329,-0.069329,0.000000,0.000000
1944-04-30,-0.069329,-0.069329,0.000000,0.000000
1944-05-31,-0.069329,-0.069329,0.000000,0.000000
1944-06-30,-0.069329,-0.069329,0.000000,0.000000
1944-07-31,-0.068846,-0.052914,0.000000,0.000000
1944-08-31,-0.068846,-0.039658,0.000000,0.000000
1944-09-30,-0.068846,-0.068846,0.000000,0.000000
1944-10-31,-0.068846,-0.068846,0.000000,0.000000
1944-11-30,-0.068846,-0.068846,0.000000,0.000000
1944-12-31,-0.068846,-0.068846,0.000000,0.000000
1945-01-31,-0.068846,-0.068846,0.000000,0.000000
1945-02-28,-0.101070,-0.068846,0.000000,0.000000
1945-03-31,-0.101070,-0.064411,0.000000,0.000000
1945-04-30,-0.101070,-0.064411,0.000000,0.000000
1945-05-31,-0.101070,-0.064411,0.000000,0.000000
1945-06-30,-0.101070,-0.047682,0.000000,0.000000
1945-07-31,-0.101070,-0.041855,0.000000,0.000000
1945-08-31,-0.135065,-0.101070,0.000000,1.000000
1945-09-30,-0.255584,-0.101070,1.000000,1.000000
1945-10-31,-0.266494,-0.101070,1.000000,1.000000
1945-11-30,-0.266494,-0.101070,1.000000,1.000000
1945-12-31,-0.266494,-0.101070,1.000000,1.000000
1946-01-31,-0.266494,-0.101070,1.000000,1.000000
1946-02-28,-0.266494,-0.130909,1.000000,1.000000
1946-03-31,-0.266494,-0.255584,1.000000,0.000000
1946-04-30,-0.268052,-0.266494,1.000000,0.000000
1946-05-31,-0.277165,-0.258793,1.000000,0.000000
1946-06-30,-0.257282,-0.238403,1.000000,0.000000
1946-07-31,-0.244652,-0.225453,1.000000,0.000000
1946-08-31,-0.146840,-0.116948,0.000000,1.000000
1946-09-30,-0.146840,-0.084263,0.000000,0.000000
1946-10-31,-0.146840,-0.127014,0.000000,1.000000
1946-11-30,-0.146840,-0.146840,0.000000,1.000000
1946-12-31,-0.146840,-0.146840,0.000000,1.000000
1947-01-31,-0.146840,-0.146840,0.000000,1.000000
1947-02-28,-0.140819,-0.120128,0.000000,1.000000
1947-03-31,-0.141439,-0.095863,0.000000,0.000000
1947-04-30,-0.141439,-0.078784,0.000000,0.000000
1947-05-31,-0.141439,-0.078784,0.000000,0.000000
1947-06-30,-0.141439,-0.092432,0.000000,0.000000
1947-07-31,-0.124051,-0.093671,0.000000,0.000000
1947-08-31,-0.123496,-0.122863,0.000000,1.000000
1947-09-30,-0.123496,-0.123496,0.000000,1.000000
1947-10-31,-0.109613,-0.104787,0.000000,1.000000
1947-11-30,-0.135404,-0.097784,0.000000,0.000000
1947-12-31,-0.135404,-0.097784,0.000000,0.000000
1948-01-31,-0.135404,-0.078546,0.000000,0.000000
1948-02-29,-0.157093,-0.081477,0.000000,0.000000
1948-03-31,-0.157093,-0.109613,0.000000,1.000000
1948-04-30,-0.157093,-0.109613,0.000000,1.000000
1948-05-31,-0.168230,-0.135404,0.000000,1.000000
1948-06-30,-0.199173,-0.128251,0.000000,1.000000
1948-07-31,-0.188623,-0.116767,0.000000,1.000000
1948-08-31,-0.188623,-0.138922,0.000000,1.000000
1948-09-30,-0.188623,-0.138922,0.000000,1.000000
1948-10-31,-0.188623,-0.138922,0.000000,1.000000
1948-11-30,-0.131967,-0.078796,0.000000,0.000000
1948-12-31,-0.131967,-0.131967,0.000000,1.000000
1949-01-31,-0.117264,-0.117264,0.000000,1.000000
1949-02-28,-0.109724,-0.109724,0.000000,1.000000
1949-03-31,-0.100863,-0.100863,0.000000,1.000000
1949-04-30,-0.097870,-0.097870,0.000000,0.000000
1949-05-31,-0.041726,-0.041726,0.000000,0.000000
1949-06-30,-0.101031,-0.035517,0.000000,0.000000
1949-07-31,-0.140206,-0.035517,0.000000,0.000000
1949-08-31,-0.140206,-0.035517,0.000000,0.000000
1949-09-30,-0.140206,-0.035517,0.000000,0.000000
1949-10-31,-0.140206,-0.035517,0.000000,0.000000
1949-11-30,-0.140206,-0.024576,0.000000,0.000000
1949-12-31,-0.140206,-0.101031,0.000000,1.000000
1950-01-31,-0.140206,-0.140206,0.000000,1.000000
1950-02-28,-0.140206,-0.140206,0.000000,1.000000
1950-03-31,-0.140206,-0.140206,0.000000,1.000000
1950-04-30,-0.140206,-0.140206,0.000000,1.000000
1950-05-31,-0.140206,-0.140206,0.000000,1.000000
1950-06-30,-0.081105,-0.068677,0.000000,0.000000
1950-07-31,-0.081105,-0.064961,0.000000,0.000000
1950-08-31,-0.081105,-0.064961,0.000000,0.000000
1950-09-30,-0.081105,-0.064961,0.000000,0.000000
1950-10-31,-0.081105,-0.064961,0.000000,0.000000
1950-11-30,-0.081105,-0.078036,0.000000,0.000000
1950-12-31,-0.081105,-0.081105,0.000000,0.000000
1951-01-31,-0.081105,-0.081105,0.000000,0.000000
1951-02-28,-0.081105,-0.081105,0.000000,0.000000
1951-03-31,-0.081105,-0.081105,0.000000,0.000000
1951-04-30,-0.081105,-0.081105,0.000000,0.000000
1951-05-31,-0.063666,-0.060797,0.000000,0.000000
1951-06-30,-0.063666,-0.060797,0.000000,0.000000
1951-07-31,-0.063666,-0.060797,0.000000,0.000000
1951-08-31,-0.063666,-0.063666,0.000000,0.000000
1951-09-30,-0.063666,-0.063666,0.000000,0.000000
1951-10-31,-0.068493,-0.063666,0.000000,0.000000
1951-11-30,-0.068493,-0.063666,0.000000,0.000000
1951-12-31,-0.068493,-0.063666,0.000000,0.000000
1952-01-31,-0.068493,-0.049794,0.000000,0.000000
1952-02-29,-0.068493,-0.049241,0.000000,0.000000
1952-03-31,-0.068493,-0.043053,0.000000,0.000000
1952-04-30,-0.092648,-0.068493,0.000000,0.000000
1952-05-31,-0.092648,-0.068493,0.000000,0.000000
1952-06-30,-0.117029,-0.068493,0.000000,0.000000
1952-07-31,-0.117029,-0.068493,0.000000,0.000000
1952-08-31,-0.125281,-0.057426,0.000000,0.000000
1952-09-30,-0.148162,-0.044261,0.000000,0.000000
1952-10-31,-0.148162,-0.092648,0.000000,0.000000
1952-11-30,-0.148162,-0.092648,0.000000,0.000000
1952-12-31,-0.148162,-0.117029,0.000000,1.000000
1953-01-31,-0.144311,-0.113037,0.000000,1.000000
1953-02-28,-0.137486,-0.105963,0.000000,1.000000
1953-03-31,-0.100594,-0.100594,0.000000,1.000000
1953-04-30,-0.093775,-0.093775,0.000000,0.000000
1953-05-31,-0.085749,-0.085749,0.000000,0.000000
1953-06-30,-0.085749,-0.085749,0.000000,0.000000
1953-07-31,-0.085749,-0.085749,0.000000,0.000000
1953-08-31,-0.044217,-0.039746,0.000000,0.000000
1953-09-30,-0.044217,-0.018631,0.000000,0.000000
1953-10-31,-0.044217,-0.018631,0.000000,0.000000
1953-11-30,-0.044217,-0.018631,0.000000,0.000000
1953-12-31,-0.044217,-0.035629,0.000000,0.000000
1954-01-31,-0.059048,-0.035629,0.000000,0.000000
1954-02-28,-0.059048,-0.035629,0.000000,0.000000
1954-03-31,-0.068230,-0.044217,0.000000,0.000000
1954-04-30,-0.068230,-0.044217,0.000000,0.000000
1954-05-31,-0.068230,-0.044217,0.000000,0.000000
1954-06-30,-0.068230,-0.044217,0.000000,0.000000
1954-07-31,-0.068230,-0.059048,0.000000,0.000000
1954-08-31,-0.068230,-0.059048,0.000000,0.000000
1954-09-30,-0.068230,-0.068230,0.000000,0.000000
1954-10-31,-0.105851,-0.068230,0.000000,0.000000
1954-11-30,-0.105851,-0.068230,0.000000,0.000000
1954-12-31,-0.105851,-0.068230,0.000000,0.000000
1955-01-31,-0.105851,-0.068230,0.000000,0.000000
1955-02-28,-0.105851,-0.068230,0.000000,0.000000
1955-03-31,-0.105851,-0.066185,0.000000,0.000000
1955-04-30,-0.105851,-0.105851,0.000000,1.000000
1955-05-31,-0.105851,-0.105851,0.000000,1.000000
1955-06-30,-0.105851,-0.105851,0.000000,1.000000
1955-07-31,-0.105851,-0.105851,0.000000,1.000000
1955-08-31,-0.105851,-0.105851,0.000000,1.000000
1955-09-30,-0.097606,-0.071105,0.000000,0.000000
1955-10-31,-0.099516,-0.071105,0.000000,0.000000
1955-11-30,-0.105963,-0.097606,0.000000,0.000000
1955-12-31,-0.105963,-0.097606,0.000000,0.000000
1956-01-31,-0.105963,-0.097606,0.000000,0.000000
1956-02-29,-0.146052,-0.097606,0.000000,0.000000
1956-03-31,-0.146052,-0.097236,0.000000,0.000000
1956-04-30,-0.146052,-0.099516,0.000000,0.000000
1956-05-31,-0.146052,-0.105963,0.000000,1.000000
1956-06-30,-0.146052,-0.105963,0.000000,1.000000
1956-07-31,-0.146052,-0.105963,0.000000,1.000000
1956-08-31,-0.118711,-0.118711,0.000000,1.000000
1956-09-30,-0.136576,-0.109454,0.000000,1.000000
1956-10-31,-0.206595,-0.109454,1.000000,1.000000
1956-11-30,-0.206595,-0.098852,1.000000,0.000000
1956-12-31,-0.206595,-0.091513,1.000000,0.000000
1957-01-31,-0.206595,-0.049978,1.000000,0.000000
1957-02-28,-0.206595,-0.106656,1.000000,1.000000
1957-03-31,-0.206595,-0.136576,1.000000,1.000000
1957-04-30,-0.206595,-0.206595,1.000000,0.000000
1957-05-31,-0.206595,-0.206595,1.000000,0.000000
1957-06-30,-0.206595,-0.206595,1.000000,0.000000
1957-07-31,-0.184348,-0.184348,0.000000,1.000000
1957-08-31,-0.142165,-0.142165,0.000000,1.000000
1957-09-30,-0.096430,-0.096430,0.000000,0.000000
1957-10-31,-0.056088,-0.056088,0.000000,0.000000
1957-11-30,-0.051998,-0.051998,0.000000,0.000000
1957-12-31,-0.043570,-0.043570,0.000000,0.000000
1958-01-31,-0.043570,-0.043570,0.000000,0.000000
1958-02-28,-0.043897,-0.029357,0.000000,0.000000
1958-03-31,-0.043897,-0.022000,0.000000,0.000000
1958-04-30,-0.043897,-0.023247,0.000000,0.000000
1958-05-31,-0.043897,-0.041698,0.000000,0.000000
1958-06-30,-0.043897,-0.041698,0.000000,0.000000
1958-07-31,-0.043897,-0.041698,0.000000,0.000000
1958-08-31,-0.043897,-0.043897,0.000000,0.000000
1958-09-30,-0.091748,-0.043897,0.000000,0.000000
1958-10-31,-0.091748,-0.043897,0.000000,0.000000
1958-11-30,-0.091748,-0.043897,0.000000,0.000000
1958-12-31,-0.091748,-0.043897,0.000000,0.000000
1959-01-31,-0.091748,-0.039536,0.000000,0.000000
1959-02-28,-0.098501,-0.040191,0.000000,0.000000
1959-03-31,-0.119255,-0.091748,0.000000,0.000000
1959-04-30,-0.119255,-0.091748,0.000000,0.000000
1959-05-31,-0.119255,-0.091748,0.000000,0.000000
1959-06-30,-0.119255,-0.091748,0.000000,0.000000
1959-07-31,-0.119255,-0.091748,0.000000,0.000000
1959-08-31,-0.114588,-0.093724,0.000000,0.000000
1959-09-30,-0.130982,-0.114588,0.000000,1.000000
1959-10-31,-0.135618,-0.114588,0.000000,1.000000
1959-11-30,-0.135618,-0.114588,0.000000,1.000000
1959-12-31,-0.135618,-0.114588,0.000000,1.000000
1960-01-31,-0.101085,-0.066035,0.000000,0.000000
1960-02-29,-0.101085,-0.066035,0.000000,0.000000
1960-03-31,-0.101085,-0.096263,0.000000,0.000000
1960-04-30,-0.101085,-0.101085,0.000000,1.000000
1960-05-31,-0.101085,-0.101085,0.000000,1.000000
1960-06-30,-0.101085,-0.101085,0.000000,1.000000
1960-07-31,-0.101085,-0.101085,0.000000,1.000000
1960-08-31,-0.085654,-0.085654,0.000000,0.000000
1960-09-30,-0.062318,-0.048487,0.000000,0.000000
1960-10-31,-0.062318,-0.062318,0.000000,0.000000
1960-11-30,-0.062318,-0.062318,0.000000,0.000000
1960-12-31,-0.062318,-0.062318,0.000000,0.000000
1961-01-31,-0.065253,-0.062318,0.000000,0.000000
1961-02-28,-0.065253,-0.062318,0.000000,0.000000
1961-03-31,-0.065253,-0.062318,0.000000,0.000000
1961-04-30,-0.101872,-0.044220,0.000000,0.000000
1961-05-31,-0.235958,-0.039803,1.000000,0.000000
1961-06-30,-0.279736,-0.039293,1.000000,0.000000
1961-07-31,-0.279736,-0.065253,1.000000,0.000000
1961-08-31,-0.279736,-0.065253,1.000000,0.000000
1961-09-30,-0.279736,-0.065253,1.000000,0.000000
1961-10-31,-0.279736,-0.101872,1.000000,1.000000
1961-11-30,-0.279736,-0.235958,1.000000,0.000000
1961-12-31,-0.264445,-0.264445,1.000000,0.000000
1962-01-31,-0.263721,-0.263721,1.000000,0.000000
1962-02-28,-0.263721,-0.263721,1.000000,0.000000
1962-03-31,-0.245784,-0.245784,1.000000,0.000000
1962-04-30,-0.213588,-0.213588,1.000000,0.000000
1962-05-31,-0.118895,-0.118895,0.000000,1.000000
1962-06-30,-0.105219,-0.105219,0.000000,1.000000
1962-07-31,-0.105219,-0.105219,0.000000,1.000000
1962-08-31,-0.094617,-0.094617,0.000000,0.000000
1962-09-30,-0.066003,-0.066003,0.000000,0.000000
1962-10-31,-0.040960,-0.036380,0.000000,0.000000
1962-11-30,-0.065387,-0.036380,0.000000,0.000000
1962-12-31,-0.065387,-0.036380,0.000000,0.000000
1963-01-31,-0.065387,-0.040960,0.000000,0.000000
1963-02-28,-0.065387,-0.040960,0.000000,0.000000
1963-03-31,-0.065387,-0.040960,0.000000,0.000000
1963-04-30,-0.065387,-0.040960,0.000000,0.000000
1963-05-31,-0.065387,-0.065387,0.000000,0.000000
1963-06-30,-0.065387,-0.065387,0.000000,0.000000
1963-07-31,-0.065387,-0.065387,0.000000,0.000000
1963-08-31,-0.065387,-0.065387,0.000000,0.000000
1963-09-30,-0.065387,-0.065387,0.000000,0.000000
1963-10-31,-0.057158,-0.057158,0.000000,0.000000
1963-11-30,-0.032020,-0.014898,0.000000,0.000000
1963-12-31,-0.035466,-0.031050,0.000000,0.000000
1964-01-31,-0.035466,-0.031050,0.000000,0.000000
1964-02-29,-0.035466,-0.032020,0.000000,0.000000
1964-03-31,-0.035466,-0.032020,0.000000,0.000000
1964-04-30,-0.035466,-0.032020,0.000000,0.000000
1964-05-31,-0.035466,-0.032020,0.000000,0.000000
1964-06-30,-0.096045,-0.035466,0.000000,0.000000
1964-07-31,-0.096045,-0.035466,0.000000,0.000000
1964-08-31,-0.096045,-0.035466,0.000000,0.000000
1964-09-30,-0.096045,-0.035466,0.000000,0.000000
1964-10-31,-0.096045,-0.035466,0.000000,0.000000
1964-11-30,-0.096045,-0.026919,0.000000,0.000000
1964-12-31,-0.096045,-0.096045,0.000000,0.000000
1965-01-31,-0.096045,-0.096045,0.000000,0.000000
1965-02-28,-0.096045,-0.096045,0.000000,0.000000
1965-03-31,-0.096045,-0.096045,0.000000,0.000000
1965-04-30,-0.096045,-0.096045,0.000000,0.000000
1965-05-31,-0.110887,-0.080253,0.000000,0.000000
1965-06-30,-0.110887,-0.023524,0.000000,0.000000
1965-07-31,-0.111206,-0.022023,0.000000,0.000000
1965-08-31,-0.207633,-0.033702,1.000000,0.000000
1965-09-30,-0.207633,-0.071337,1.000000,0.000000
1965-10-31,-0.221773,-0.071337,1.000000,0.000000
1965-11-30,-0.221773,-0.110887,1.000000,1.000000
1965-12-31,-0.221773,-0.110887,1.000000,1.000000
1966-01-31,-0.221773,-0.111206,1.000000,1.000000
1966-02-28,-0.207964,-0.173231,1.000000,1.000000
1966-03-31,-0.207964,-0.193573,1.000000,1.000000
1966-04-30,-0.194720,-0.194720,0.000000,1.000000
1966-05-31,-0.164479,-0.164479,0.000000,1.000000
1966-06-30,-0.164479,-0.164479,0.000000,1.000000
1966-07-31,-0.128571,-0.128571,0.000000,1.000000
1966-08-31,-0.085914,-0.085914,0.000000,0.000000
1966-09-30,-0.065024,-0.032779,0.000000,0.000000
1966-10-31,-0.065024,-0.032779,0.000000,0.000000
1966-11-30,-0.066093,-0.046521,0.000000,0.000000
1966-12-31,-0.066093,-0.065024,0.000000,0.000000
1967-01-31,-0.066093,-0.065024,0.000000,0.000000
1967-02-28,-0.087304,-0.065024,0.000000,0.000000
1967-03-31,-0.101137,-0.065024,0.000000,0.000000
1967-04-30,-0.101137,-0.065024,0.000000,0.000000
1967-05-31,-0.101137,-0.066093,0.000000,0.000000
1967-06-30,-0.101137,-0.066093,0.000000,0.000000
1967-07-31,-0.101137,-0.066093,0.000000,0.000000
1967-08-31,-0.101137,-0.087304,0.000000,0.000000
1967-09-30,-0.100400,-0.100400,0.000000,1.000000
1967-10-31,-0.093052,-0.093052,0.000000,0.000000
1967-11-30,-0.093052,-0.093052,0.000000,0.000000
1967-12-31,-0.093052,-0.093052,0.000000,0.000000
1968-01-31,-0.073175,-0.052290,0.000000,0.000000
1968-02-29,-0.095875,-0.056256,0.000000,0.000000
1968-03-31,-0.095875,-0.056256,0.000000,0.000000
1968-04-30,-0.095875,-0.056256,0.000000,0.000000
1968-05-31,-0.095875,-0.056256,0.000000,0.000000
1968-06-30,-0.112024,-0.056256,0.000000,0.000000
1968-07-31,-0.174310,-0.073175,0.000000,0.000000
1968-08-31,-0.174310,-0.095875,0.000000,0.000000
1968-09-30,-0.174310,-0.095875,0.000000,0.000000
1968-10-31,-0.174310,-0.095875,0.000000,0.000000
1968-11-30,-0.172401,-0.093785,0.000000,0.000000
1968-12-31,-0.159759,-0.093538,0.000000,0.000000
1969-01-31,-0.199133,-0.157121,0.000000,1.000000
1969-02-28,-0.199133,-0.157121,0.000000,1.000000
1969-03-31,-0.199133,-0.157121,0.000000,1.000000
1969-04-30,-0.243877,-0.157121,1.000000,1.000000
1969-05-31,-0.326889,-0.130756,1.000000,1.000000
1969-06-30,-0.304387,-0.104508,1.000000,1.000000
1969-07-31,-0.295332,-0.135361,1.000000,1.000000
1969-08-31,-0.295332,-0.135361,1.000000,1.000000
1969-09-30,-0.295332,-0.135361,1.000000,1.000000
1969-10-31,-0.295332,-0.183667,1.000000,1.000000
1969-11-30,-0.258613,-0.258613,1.000000,0.000000
1969-12-31,-0.258613,-0.258613,1.000000,0.000000
1970-01-31,-0.232074,-0.232074,1.000000,0.000000
1970-02-28,-0.232074,-0.232074,1.000000,0.000000
1970-03-31,-0.230709,-0.230709,1.000000,0.000000
1970-04-30,-0.149190,-0.149190,0.000000,1.000000
1970-05-31,-0.092843,-0.092843,0.000000,0.000000
1970-06-30,-0.068531,-0.047186,0.000000,0.000000
1970-07-31,-0.087716,-0.047186,0.000000,0.000000
1970-08-31,-0.107283,-0.047186,0.000000,0.000000
1970-09-30,-0.107283,-0.047186,0.000000,0.000000
1970-10-31,-0.107283,-0.029799,0.000000,0.000000
1970-11-30,-0.139448,-0.051255,0.000000,0.000000
1970-12-31,-0.139448,-0.068531,0.000000,0.000000
1971-01-31,-0.139448,-0.087716,0.000000,0.000000
1971-02-28,-0.139448,-0.107283,0.000000,1.000000
1971-03-31,-0.139448,-0.107283,0.000000,1.000000
1971-04-30,-0.131323,-0.098853,0.000000,0.000000
1971-05-31,-0.110322,-0.110322,0.000000,1.000000
1971-06-30,-0.110322,-0.110322,0.000000,1.000000
1971-07-31,-0.110322,-0.110322,0.000000,1.000000
1971-08-31,-0.110322,-0.110322,0.000000,1.000000
1971-09-30,-0.098580,-0.098580,0.000000,0.000000
1971-10-31,-0.051355,-0.050047,0.000000,0.000000
1971-11-30,-0.051355,-0.049374,0.000000,0.000000
1971-12-31,-0.051355,-0.049374,0.000000,0.000000
1972-01-31,-0.051355,-0.049374,0.000000,0.000000
1972-02-29,-0.077678,-0.049374,0.000000,0.000000
1972-03-31,-0.094810,-0.049374,0.000000,0.000000
1972-04-30,-0.110363,-0.051355,0.000000,0.000000
1972-05-31,-0.145625,-0.051355,0.000000,0.000000
1972-06-30,-0.149617,-0.051355,0.000000,0.000000
1972-07-31,-0.157685,-0.051355,0.000000,0.000000
1972-08-31,-0.163922,-0.077678,0.000000,0.000000
1972-09-30,-0.163922,-0.094810,0.000000,0.000000
1972-10-31,-0.163922,-0.110363,0.000000,1.000000
1972-11-30,-0.204092,-0.145625,1.000000,1.000000
1972-12-31,-0.233533,-0.149617,1.000000,1.000000
1973-01-31,-0.210824,-0.132728,1.000000,1.000000
1973-02-28,-0.211515,-0.125674,1.000000,1.000000
1973-03-31,-0.195421,-0.107827,0.000000,1.000000
1973-04-30,-0.196249,-0.096360,0.000000,0.000000
1973-05-31,-0.220298,-0.141242,1.000000,1.000000
1973-06-30,-0.228284,-0.173008,1.000000,1.000000
1973-07-31,-0.288317,-0.173008,1.000000,1.000000
1973-08-31,-0.371949,-0.186468,1.000000,1.000000
1973-09-30,-0.429828,-0.186468,1.000000,1.000000
1973-10-31,-0.421673,-0.168261,1.000000,1.000000
1973-11-30,-0.375952,-0.129359,1.000000,1.000000
1973-12-31,-0.375952,-0.138277,1.000000,1.000000
1974-01-31,-0.375576,-0.204833,1.000000,0.000000
1974-02-28,-0.375576,-0.290555,1.000000,0.000000
1974-03-31,-0.342899,-0.329605,1.000000,0.000000
1974-04-30,-0.331042,-0.331042,1.000000,0.000000
1974-05-31,-0.331042,-0.331042,1.000000,0.000000
1974-06-30,-0.275982,-0.275982,1.000000,0.000000
1974-07-31,-0.246461,-0.246461,1.000000,0.000000
1974-08-31,-0.135620,-0.135620,0.000000,1.000000
1974-09-30,-0.141408,-0.135620,0.000000,1.000000
1974-10-31,-0.141408,-0.135620,0.000000,1.000000
1974-11-30,-0.141408,-0.065806,0.000000,0.000000
1974-12-31,-0.141408,-0.065806,0.000000,0.000000
1975-01-31,-0.141408,-0.077607,0.000000,0.000000
1975-02-28,-0.141408,-0.131158,0.000000,1.000000
1975-03-31,-0.141408,-0.141408,0.000000,1.000000
1975-04-30,-0.141408,-0.141408,0.000000,1.000000
1975-05-31,-0.141408,-0.141408,0.000000,1.000000
1975-06-30,-0.141408,-0.141408,0.000000,1.000000
1975-07-31,-0.067053,-0.067053,0.000000,0.000000
1975-08-31,-0.050733,-0.050733,0.000000,0.000000
1975-09-30,-0.050733,-0.050733,0.000000,0.000000
1975-10-31,-0.072985,-0.050733,0.000000,0.000000
1975-11-30,-0.083650,-0.042462,0.000000,0.000000
1975-12-31,-0.083650,-0.047145,0.000000,0.000000
1976-01-31,-0.083650,-0.047145,0.000000,0.000000
1976-02-29,-0.083650,-0.047145,0.000000,0.000000
1976-03-31,-0.087267,-0.047145,0.000000,0.000000
1976-04-30,-0.099416,-0.072985,0.000000,0.000000
1976-05-31,-0.108597,-0.083650,0.000000,0.000000
1976-06-30,-0.108597,-0.083650,0.000000,0.000000
1976-07-31,-0.108597,-0.083650,0.000000,0.000000
1976-08-31,-0.109153,-0.083650,0.000000,0.000000
1976-09-30,-0.115578,-0.083008,0.000000,0.000000
1976-10-31,-0.153173,-0.096315,0.000000,0.000000
1976-11-30,-0.155872,-0.104132,0.000000,1.000000
1976-12-31,-0.152243,-0.101682,0.000000,1.000000
1977-01-31,-0.136142,-0.062610,0.000000,0.000000
1977-02-28,-0.148086,-0.059802,0.000000,0.000000
1977-03-31,-0.146282,-0.066313,0.000000,0.000000
1977-04-30,-0.146282,-0.106003,0.000000,1.000000
1977-05-31,-0.146282,-0.108852,0.000000,1.000000
1977-06-30,-0.146282,-0.108852,0.000000,1.000000
1977-07-31,-0.123285,-0.106336,0.000000,1.000000
1977-08-31,-0.113356,-0.111927,0.000000,1.000000
1977-09-30,-0.101716,-0.101716,0.000000,1.000000
1977-10-31,-0.129358,-0.101251,0.000000,1.000000
1977-11-30,-0.135527,-0.086225,0.000000,0.000000
1977-12-31,-0.135527,-0.073758,0.000000,0.000000
1978-01-31,-0.135527,-0.060307,0.000000,0.000000
1978-02-28,-0.135527,-0.060307,0.000000,0.000000
1978-03-31,-0.135527,-0.060307,0.000000,0.000000
1978-04-30,-0.135527,-0.115899,0.000000,1.000000
1978-05-31,-0.135527,-0.135527,0.000000,1.000000
1978-06-30,-0.135527,-0.135527,0.000000,1.000000
1978-07-31,-0.135527,-0.135527,0.000000,1.000000
1978-08-31,-0.135527,-0.135527,0.000000,1.000000
1978-09-30,-0.122403,-0.122403,0.000000,1.000000
1978-10-31,-0.101285,-0.056254,0.000000,0.000000
1978-11-30,-0.102453,-0.056254,0.000000,0.000000
1978-12-31,-0.102453,-0.056254,0.000000,0.000000
1979-01-31,-0.102453,-0.051093,0.000000,0.000000
1979-02-28,-0.102453,-0.051093,0.000000,0.000000
1979-03-31,-0.170719,-0.051093,0.000000,0.000000
1979-04-30,-0.170719,-0.101285,0.000000,1.000000
1979-05-31,-0.170719,-0.102453,0.000000,1.000000
1979-06-30,-0.170719,-0.102453,0.000000,1.000000
1979-07-31,-0.170719,-0.102453,0.000000,1.000000
1979-08-31,-0.170719,-0.102453,0.000000,1.000000
1979-09-30,-0.170719,-0.170719,0.000000,1.000000
1979-10-31,-0.170719,-0.170719,0.000000,1.000000
1979-11-30,-0.170719,-0.170719,0.000000,1.000000
1979-12-31,-0.170719,-0.170719,0.000000,1.000000
1980-01-31,-0.170719,-0.170719,0.000000,1.000000
1980-02-29,-0.129101,-0.129101,0.000000,1.000000
1980-03-31,-0.099203,-0.052607,0.000000,0.000000
1980-04-30,-0.099203,-0.055423,0.000000,0.000000
1980-05-31,-0.099203,-0.055423,0.000000,0.000000
1980-06-30,-0.099203,-0.093652,0.000000,0.000000
1980-07-31,-0.099203,-0.093652,0.000000,0.000000
1980-08-31,-0.126174,-0.099203,0.000000,0.000000
1980-09-30,-0.197481,-0.099203,0.000000,0.000000
1980-10-31,-0.197481,-0.099203,0.000000,0.000000
1980-11-30,-0.183536,-0.083550,0.000000,0.000000
1980-12-31,-0.183536,-0.083550,0.000000,0.000000
1981-01-31,-0.177522,-0.072788,0.000000,0.000000
1981-02-28,-0.186711,-0.099190,0.000000,0.000000
1981-03-31,-0.214030,-0.174270,1.000000,1.000000
1981-04-30,-0.198058,-0.157490,0.000000,1.000000
1981-05-31,-0.198058,-0.157490,0.000000,1.000000
1981-06-30,-0.199104,-0.157490,0.000000,1.000000
1981-07-31,-0.199925,-0.157490,0.000000,1.000000
1981-08-31,-0.189395,-0.117451,0.000000,1.000000
1981-09-30,-0.189395,-0.150455,0.000000,1.000000
1981-10-31,-0.189395,-0.150455,0.000000,1.000000
1981-11-30,-0.188817,-0.149850,0.000000,1.000000
1981-12-31,-0.165553,-0.126609,0.000000,1.000000
1982-01-31,-0.142714,-0.103624,0.000000,1.000000
1982-02-28,-0.142714,-0.142714,0.000000,1.000000
1982-03-31,-0.142714,-0.142714,0.000000,1.000000
1982-04-30,-0.142714,-0.142714,0.000000,1.000000
1982-05-31,-0.085862,-0.085862,0.000000,0.000000
1982-06-30,-0.081764,-0.081764,0.000000,0.000000
1982-07-31,-0.070550,-0.070550,0.000000,0.000000
1982-08-31,-0.070550,-0.070550,0.000000,0.000000
1982-09-30,-0.070550,-0.070550,0.000000,0.000000
1982-10-31,-0.070550,-0.070550,0.000000,0.000000
1982-11-30,-0.069068,-0.052410,0.000000,0.000000
1982-12-31,-0.069068,-0.046396,0.000000,0.000000
1983-01-31,-0.069068,-0.049301,0.000000,0.000000
1983-02-28,-0.106342,-0.069068,0.000000,0.000000
1983-03-31,-0.106342,-0.069068,0.000000,0.000000
1983-04-30,-0.106342,-0.069068,0.000000,0.000000
1983-05-31,-0.129511,-0.069068,0.000000,0.000000
1983-06-30,-0.136809,-0.066557,0.000000,0.000000
1983-07-31,-0.143817,-0.063655,0.000000,0.000000
1983-08-31,-0.143817,-0.106342,0.000000,1.000000
1983-09-30,-0.143817,-0.106342,0.000000,1.000000
1983-10-31,-0.126772,-0.088552,0.000000,0.000000
1983-11-30,-0.126772,-0.112181,0.000000,1.000000
1983-12-31,-0.126772,-0.119624,0.000000,1.000000
1984-01-31,-0.095127,-0.095127,0.000000,0.000000
1984-02-29,-0.086967,-0.086967,0.000000,0.000000
1984-03-31,-0.086967,-0.086967,0.000000,0.000000
1984-04-30,-0.086967,-0.086967,0.000000,0.000000
1984-05-31,-0.050467,-0.047367,0.000000,0.000000
1984-06-30,-0.050467,-0.050467,0.000000,0.000000
1984-07-31,-0.050467,-0.050467,0.000000,0.000000
1984-08-31,-0.050467,-0.050467,0.000000,0.000000
1984-09-30,-0.076616,-0.050467,0.000000,0.000000
1984-10-31,-0.076616,-0.050467,0.000000,0.000000
1984-11-30,-0.076616,-0.037197,0.000000,0.000000
1984-12-31,-0.076616,-0.037197,0.000000,0.000000
1985-01-31,-0.076616,-0.037197,0.000000,0.000000
1985-02-28,-0.076616,-0.048812,0.000000,0.000000
1985-03-31,-0.076616,-0.076616,0.000000,0.000000
1985-04-30,-0.076616,-0.076616,0.000000,0.000000
1985-05-31,-0.076616,-0.076616,0.000000,0.000000
1985-06-30,-0.076616,-0.076616,0.000000,0.000000
1985-07-31,-0.075346,-0.059601,0.000000,0.000000
1985-08-31,-0.075346,-0.048223,0.000000,0.000000
1985-09-30,-0.094236,-0.048223,0.000000,0.000000
1985-10-31,-0.094236,-0.048223,0.000000,0.000000
1985-11-30,-0.094236,-0.048950,0.000000,0.000000
1985-12-31,-0.094236,-0.048950,0.000000,0.000000
1986-01-31,-0.094236,-0.075346,0.000000,0.000000
1986-02-28,-0.094236,-0.075346,0.000000,0.000000
1986-03-31,-0.094236,-0.094236,0.000000,0.000000
1986-04-30,-0.094236,-0.094236,0.000000,0.000000
1986-05-31,-0.094236,-0.094236,0.000000,0.000000
1986-06-30,-0.094236,-0.094236,0.000000,0.000000
1986-07-31,-0.094236,-0.094236,0.000000,0.000000
1986-08-31,-0.094236,-0.094236,0.000000,0.000000
1986-09-30,-0.078622,-0.046575,0.000000,0.000000
1986-10-31,-0.332363,-0.075476,1.000000,0.000000
1986-11-30,-0.332363,-0.078622,1.000000,0.000000
1986-12-31,-0.335095,-0.078622,1.000000,0.000000
1987-01-31,-0.335095,-0.078622,1.000000,0.000000
1987-02-28,-0.335095,-0.078622,1.000000,0.000000
1987-03-31,-0.335095,-0.078622,1.000000,0.000000
1987-04-30,-0.335095,-0.332363,1.000000,0.000000
1987-05-31,-0.335095,-0.332363,1.000000,0.000000
1987-06-30,-0.335095,-0.335095,1.000000,0.000000
1987-07-31,-0.335095,-0.335095,1.000000,0.000000
1987-08-31,-0.317484,-0.317484,1.000000,0.000000
1987-09-30,-0.317484,-0.317484,1.000000,0.000000
1987-10-31,-0.124457,-0.124457,0.000000,1.000000
1987-11-30,-0.076405,-0.076405,0.000000,0.000000
1987-12-31,-0.076405,-0.076405,0.000000,0.000000
1988-01-31,-0.076405,-0.076405,0.000000,0.000000
1988-02-29,-0.076405,-0.076405,0.000000,0.000000
1988-03-31,-0.076405,-0.076405,0.000000,0.000000
1988-04-30,-0.069943,-0.068272,0.000000,0.000000
1988-05-31,-0.069943,-0.069943,0.000000,0.000000
1988-06-30,-0.069943,-0.069943,0.000000,0.000000
1988-07-31,-0.069943,-0.069943,0.000000,0.000000
1988-08-31,-0.069943,-0.069943,0.000000,0.000000
1988-09-30,-0.069943,-0.069943,0.000000,0.000000
1988-10-31,-0.072679,-0.055086,0.000000,0.000000
1988-11-30,-0.075570,-0.041785,0.000000,0.000000
1988-12-31,-0.075570,-0.041785,0.000000,0.000000
1989-01-31,-0.102335,-0.041785,0.000000,0.000000
1989-02-28,-0.102335,-0.034932,0.000000,0.000000
1989-03-31,-0.102335,-0.031847,0.000000,0.000000
1989-04-30,-0.102335,-0.072679,0.000000,0.000000
1989-05-31,-0.102335,-0.075570,0.000000,0.000000
1989-06-30,-0.102335,-0.075570,0.000000,0.000000
1989-07-31,-0.102335,-0.102335,0.000000,1.000000
1989-08-31,-0.167746,-0.102335,0.000000,1.000000
1989-09-30,-0.184253,-0.102335,0.000000,1.000000
1989-10-31,-0.199187,-0.102060,0.000000,1.000000
1989-11-30,-0.199187,-0.102060,0.000000,1.000000
1989-12-31,-0.199187,-0.102060,0.000000,1.000000
1990-01-31,-0.199187,-0.045339,0.000000,0.000000
1990-02-28,-0.199187,-0.167746,0.000000,1.000000
1990-03-31,-0.199187,-0.184253,0.000000,1.000000
1990-04-30,-0.199187,-0.199187,0.000000,1.000000
1990-05-31,-0.199187,-0.199187,0.000000,1.000000
1990-06-30,-0.199187,-0.199187,0.000000,1.000000
1990-07-31,-0.168936,-0.168936,0.000000,1.000000
1990-08-31,-0.089183,-0.089183,0.000000,0.000000
1990-09-30,-0.062657,-0.062657,0.000000,0.000000
1990-10-31,-0.061070,-0.061070,0.000000,0.000000
1990-11-30,-0.061070,-0.061070,0.000000,0.000000
1990-12-31,-0.056038,-0.056038,0.000000,0.000000
1991-01-31,-0.056038,-0.056038,0.000000,0.000000
1991-02-28,-0.056038,-0.056038,0.000000,0.000000
1991-03-31,-0.056038,-0.056038,0.000000,0.000000
1991-04-30,-0.062433,-0.050020,0.000000,0.000000
1991-05-31,-0.062433,-0.055837,0.000000,0.000000
1991-06-30,-0.062433,-0.055837,0.000000,0.000000
1991-07-31,-0.062433,-0.055837,0.000000,0.000000
1991-08-31,-0.062433,-0.055837,0.000000,0.000000
1991-09-30,-0.062433,-0.055837,0.000000,0.000000
1991-10-31,-0.062433,-0.062433,0.000000,0.000000
1991-11-30,-0.062433,-0.062433,0.000000,0.000000
1991-12-31,-0.062433,-0.062433,0.000000,0.000000
1992-01-31,-0.054252,-0.054252,0.000000,0.000000
1992-02-29,-0.053166,-0.044447,0.000000,0.000000
1992-03-31,-0.053166,-0.041889,0.000000,0.000000
1992-04-30,-0.053166,-0.053166,0.000000,0.000000
1992-05-31,-0.053166,-0.053166,0.000000,0.000000
1992-06-30,-0.053166,-0.053166,0.000000,0.000000
1992-07-31,-0.053166,-0.053166,0.000000,0.000000
1992-08-31,-0.053166,-0.053166,0.000000,0.000000
1992-09-30,-0.049942,-0.039283,0.000000,0.000000
1992-10-31,-0.049942,-0.049942,0.000000,0.000000
1992-11-30,-0.049942,-0.049942,0.000000,0.000000
1992-12-31,-0.049942,-0.049942,0.000000,0.000000
1993-01-31,-0.049942,-0.049942,0.000000,0.000000
1993-02-28,-0.049942,-0.049942,0.000000,0.000000
1993-03-31,-0.075622,-0.037220,0.000000,0.000000
1993-04-30,-0.089378,-0.027366,0.000000,0.000000
1993-05-31,-0.089378,-0.027366,0.000000,0.000000
1993-06-30,-0.089378,-0.025580,0.000000,0.000000
1993-07-31,-0.089378,-0.025580,0.000000,0.000000
1993-08-31,-0.089378,-0.036805,0.000000,0.000000
1993-09-30,-0.089378,-0.075622,0.000000,0.000000
1993-10-31,-0.089378,-0.089378,0.000000,0.000000
1993-11-30,-0.089378,-0.089378,0.000000,0.000000
1993-12-31,-0.089378,-0.089378,0.000000,0.000000
1994-01-31,-0.089378,-0.089378,0.000000,0.000000
1994-02-28,-0.068229,-0.068229,0.000000,0.000000
1994-03-31,-0.064318,-0.042325,0.000000,0.000000
1994-04-30,-0.064318,-0.049804,0.000000,0.000000
1994-05-31,-0.064318,-0.054908,0.000000,0.000000
1994-06-30,-0.064318,-0.064318,0.000000,0.000000
1994-07-31,-0.064318,-0.064318,0.000000,0.000000
1994-08-31,-0.061835,-0.061835,0.000000,0.000000
1994-09-30,-0.059776,-0.059776,0.000000,0.000000
1994-10-31,-0.049037,-0.049037,0.000000,0.000000
1994-11-30,-0.023584,-0.017361,0.000000,0.000000
1994-12-31,-0.025334,-0.017039,0.000000,0.000000
1995-01-31,-0.037334,-0.020863,0.000000,0.000000
1995-02-28,-0.037334,-0.020863,0.000000,0.000000
1995-03-31,-0.042256,-0.020863,0.000000,0.000000
1995-04-30,-0.045763,-0.023584,0.000000,0.000000
1995-05-31,-0.045763,-0.023584,0.000000,0.000000
1995-06-30,-0.045763,-0.025334,0.000000,0.000000
1995-07-31,-0.076432,-0.037334,0.000000,0.000000
1995-08-31,-0.076432,-0.037334,0.000000,0.000000
1995-09-30,-0.076432,-0.042256,0.000000,0.000000
1995-10-31,-0.076432,-0.045763,0.000000,0.000000
1995-11-30,-0.076432,-0.045763,0.000000,0.000000
1995-12-31,-0.076432,-0.045763,0.000000,0.000000
1996-01-31,-0.076432,-0.076432,0.000000,0.000000
1996-02-29,-0.076432,-0.076432,0.000000,0.000000
1996-03-31,-0.076432,-0.076432,0.000000,0.000000
1996-04-30,-0.096338,-0.076432,0.000000,0.000000
1996-05-31,-0.096338,-0.076337,0.000000,0.000000
1996-06-30,-0.096338,-0.072838,0.000000,0.000000
1996-07-31,-0.096338,-0.047620,0.000000,0.000000
1996-08-31,-0.096338,-0.047620,0.000000,0.000000
1996-09-30,-0.096338,-0.051955,0.000000,0.000000
1996-10-31,-0.107952,-0.096338,0.000000,0.000000
1996-11-30,-0.107952,-0.096338,0.000000,0.000000
1996-12-31,-0.107952,-0.096338,0.000000,0.000000
1997-01-31,-0.107952,-0.096338,0.000000,0.000000
1997-02-28,-0.107952,-0.093406,0.000000,0.000000
1997-03-31,-0.107952,-0.063364,0.000000,0.000000
1997-04-30,-0.107952,-0.107952,0.000000,1.000000
1997-05-31,-0.107952,-0.107952,0.000000,1.000000
1997-06-30,-0.107952,-0.107952,0.000000,1.000000
1997-07-31,-0.107952,-0.107952,0.000000,1.000000
1997-08-31,-0.193360,-0.107952,0.000000,1.000000
1997-09-30,-0.193360,-0.107952,0.000000,1.000000
1997-10-31,-0.193360,-0.057024,0.000000,0.000000
1997-11-30,-0.193360,-0.057024,0.000000,0.000000
1997-12-31,-0.193360,-0.050539,0.000000,0.000000
1998-01-31,-0.193360,-0.055681,0.000000,0.000000
1998-02-28,-0.193360,-0.134493,0.000000,1.000000
1998-03-31,-0.193360,-0.193360,0.000000,1.000000
1998-04-30,-0.193360,-0.193360,0.000000,1.000000
1998-05-31,-0.193360,-0.193360,0.000000,1.000000
1998-06-30,-0.193360,-0.193360,0.000000,1.000000
1998-07-31,-0.139477,-0.139477,0.000000,1.000000
1998-08-31,-0.100038,-0.100038,0.000000,1.000000
1998-09-30,-0.106014,-0.049623,0.000000,0.000000
1998-10-31,-0.120787,-0.050897,0.000000,0.000000
1998-11-30,-0.120787,-0.062995,0.000000,0.000000
1998-12-31,-0.120787,-0.062995,0.000000,0.000000
1999-01-31,-0.120787,-0.063477,0.000000,0.000000
1999-02-28,-0.120787,-0.096809,0.000000,0.000000
1999-03-31,-0.120787,-0.106014,0.000000,1.000000
1999-04-30,-0.120787,-0.120787,0.000000,1.000000
1999-05-31,-0.120787,-0.120787,0.000000,1.000000
1999-06-30,-0.120787,-0.120787,0.000000,1.000000
1999-07-31,-0.111885,-0.097251,0.000000,0.000000
1999-08-31,-0.111885,-0.092489,0.000000,0.000000
1999-09-30,-0.111885,-0.092489,0.000000,0.000000
1999-10-31,-0.129417,-0.111885,0.000000,1.000000
1999-11-30,-0.139126,-0.111885,0.000000,1.000000
1999-12-31,-0.171998,-0.111885,0.000000,1.000000
2000-01-31,-0.171998,-0.111885,0.000000,1.000000
2000-02-29,-0.188234,-0.111885,0.000000,1.000000
2000-03-31,-0.265122,-0.105378,1.000000,1.000000
2000-04-30,-0.274545,-0.125588,1.000000,1.000000
2000-05-31,-0.274545,-0.135339,1.000000,1.000000
2000-06-30,-0.274545,-0.168356,1.000000,1.000000
2000-07-31,-0.274545,-0.168356,1.000000,1.000000
2000-08-31,-0.274545,-0.184663,1.000000,1.000000
2000-09-30,-0.327568,-0.221893,1.000000,0.000000
2000-10-31,-0.325648,-0.229676,1.000000,0.000000
2000-11-30,-0.300246,-0.200659,1.000000,0.000000
2000-12-31,-0.296951,-0.196895,1.000000,1.000000
2001-01-31,-0.296818,-0.196743,1.000000,1.000000
2001-02-28,-0.264337,-0.127686,1.000000,1.000000
2001-03-31,-0.264337,-0.264337,1.000000,0.000000
2001-04-30,-0.264337,-0.264337,1.000000,0.000000
2001-05-31,-0.247567,-0.247567,1.000000,0.000000
2001-06-30,-0.219063,-0.219063,1.000000,0.000000
2001-07-31,-0.346549,-0.208847,1.000000,0.000000
2001-08-31,-0.319665,-0.147528,1.000000,1.000000
2001-09-30,-0.319665,-0.078754,1.000000,0.000000
2001-10-31,-0.337524,-0.091308,1.000000,0.000000
2001-11-30,-0.337524,-0.104920,1.000000,1.000000
2001-12-31,-0.337524,-0.169704,1.000000,1.000000
2002-01-31,-0.336267,-0.318374,1.000000,0.000000
2002-02-28,-0.336267,-0.318374,1.000000,0.000000
2002-03-31,-0.322518,-0.304255,1.000000,0.000000
2002-04-30,-0.298060,-0.298060,1.000000,0.000000
2002-05-31,-0.260158,-0.260158,1.000000,0.000000
2002-06-30,-0.214624,-0.214624,1.000000,0.000000
2002-07-31,-0.193144,-0.193144,0.000000,1.000000
2002-08-31,-0.147134,-0.146023,0.000000,1.000000
2002-09-30,-0.147134,-0.147134,0.000000,1.000000
2002-10-31,-0.147134,-0.147134,0.000000,1.000000
2002-11-30,-0.143174,-0.143174,0.000000,1.000000
2002-12-31,-0.140534,-0.140534,0.000000,1.000000
2003-01-31,-0.069265,-0.069265,0.000000,0.000000
2003-02-28,-0.053149,-0.053149,0.000000,0.000000
2003-03-31,-0.057378,-0.045667,0.000000,0.000000
2003-04-30,-0.057378,-0.045667,0.000000,0.000000
2003-05-31,-0.063623,-0.045667,0.000000,0.000000
2003-06-30,-0.063623,-0.042050,0.000000,0.000000
2003-07-31,-0.063649,-0.041950,0.000000,0.000000
2003-08-31,-0.081649,-0.041950,0.000000,0.000000
2003-09-30,-0.081649,-0.057378,0.000000,0.000000
2003-10-31,-0.081649,-0.057378,0.000000,0.000000
2003-11-30,-0.081649,-0.063623,0.000000,0.000000
2003-12-31,-0.081649,-0.063623,0.000000,0.000000
2004-01-31,-0.081649,-0.063649,0.000000,0.000000
2004-02-29,-0.080935,-0.080935,0.000000,0.000000
2004-03-31,-0.075910,-0.075910,0.000000,0.000000
2004-04-30,-0.071664,-0.070652,0.000000,0.000000
2004-05-31,-0.071664,-0.070652,0.000000,0.000000
2004-06-30,-0.071664,-0.058205,0.000000,0.000000
2004-07-31,-0.071664,-0.041373,0.000000,0.000000
2004-08-31,-0.071664,-0.041373,0.000000,0.000000
2004-09-30,-0.071664,-0.048926,0.000000,0.000000
2004-10-31,-0.071664,-0.071664,0.000000,0.000000
2004-11-30,-0.071664,-0.071664,0.000000,0.000000
2004-12-31,-0.071664,-0.071664,0.000000,0.000000
2005-01-31,-0.071664,-0.071664,0.000000,0.000000
2005-02-28,-0.071664,-0.071664,0.000000,0.000000
2005-03-31,-0.054777,-0.045033,0.000000,0.000000
2005-04-30,-0.054777,-0.054777,0.000000,0.000000
2005-05-31,-0.054777,-0.054777,0.000000,0.000000
2005-06-30,-0.076990,-0.054777,0.000000,0.000000
2005-07-31,-0.076990,-0.054777,0.000000,0.000000
2005-08-31,-0.076990,-0.052067,0.000000,0.000000
2005-09-30,-0.076990,-0.040646,0.000000,0.000000
2005-10-31,-0.076990,-0.030444,0.000000,0.000000
2005-11-30,-0.076990,-0.052181,0.000000,0.000000
2005-12-31,-0.076990,-0.076990,0.000000,0.000000
2006-01-31,-0.076990,-0.076990,0.000000,0.000000
2006-02-28,-0.076990,-0.076990,0.000000,0.000000
2006-03-31,-0.076990,-0.076990,0.000000,0.000000
2006-04-30,-0.076990,-0.076990,0.000000,0.000000
2006-05-31,-0.058616,-0.050092,0.000000,0.000000
2006-06-30,-0.058616,-0.035698,0.000000,0.000000
2006-07-31,-0.062978,-0.017839,0.000000,0.000000
2006-08-31,-0.094251,-0.041543,0.000000,0.000000
2006-09-30,-0.094251,-0.058616,0.000000,0.000000
2006-10-31,-0.094251,-0.058616,0.000000,0.000000
2006-11-30,-0.100904,-0.058616,0.000000,0.000000
2006-12-31,-0.100904,-0.058616,0.000000,0.000000
2007-01-31,-0.162700,-0.062978,0.000000,0.000000
2007-02-28,-0.162700,-0.094251,0.000000,0.000000
2007-03-31,-0.186423,-0.094251,0.000000,0.000000
2007-04-30,-0.186423,-0.094251,0.000000,0.000000
2007-05-31,-0.186423,-0.100904,0.000000,1.000000
2007-06-30,-0.186423,-0.100904,0.000000,1.000000
2007-07-31,-0.223774,-0.162700,1.000000,1.000000
2007-08-31,-0.223774,-0.162700,1.000000,1.000000
2007-09-30,-0.293090,-0.186423,1.000000,1.000000
2007-10-31,-0.441599,-0.162405,1.000000,1.000000
2007-11-30,-0.503654,-0.160024,1.000000,1.000000
2007-12-31,-0.480058,-0.120090,1.000000,1.000000
2008-01-31,-0.472575,-0.148406,1.000000,1.000000
2008-02-29,-0.484737,-0.148406,1.000000,1.000000
2008-03-31,-0.525785,-0.224452,1.000000,0.000000
2008-04-30,-0.525785,-0.404947,1.000000,0.000000
2008-05-31,-0.518158,-0.464093,1.000000,0.000000
2008-06-30,-0.481713,-0.423559,1.000000,0.000000
2008-07-31,-0.481713,-0.423559,1.000000,0.000000
2008-08-31,-0.470460,-0.424623,1.000000,0.000000
2008-09-30,-0.417317,-0.417317,1.000000,0.000000
2008-10-31,-0.327338,-0.327338,1.000000,0.000000
2008-11-30,-0.276206,-0.276206,1.000000,0.000000
2008-12-31,-0.276206,-0.276206,1.000000,0.000000
2009-01-31,-0.222281,-0.222281,1.000000,0.000000
2009-02-28,-0.081279,-0.070893,0.000000,0.000000
2009-03-31,-0.081279,-0.070893,0.000000,0.000000
2009-04-30,-0.081279,-0.070893,0.000000,0.000000
2009-05-31,-0.122675,-0.070893,0.000000,0.000000
2009-06-30,-0.153268,-0.056216,0.000000,0.000000
2009-07-31,-0.159947,-0.066387,0.000000,0.000000
2009-08-31,-0.159947,-0.081279,0.000000,0.000000
2009-09-30,-0.159947,-0.081279,0.000000,0.000000
2009-10-31,-0.159947,-0.081279,0.000000,0.000000
2009-11-30,-0.159947,-0.122675,0.000000,1.000000
2009-12-31,-0.159947,-0.153268,0.000000,1.000000
2010-01-31,-0.159947,-0.159947,0.000000,1.000000
2010-02-28,-0.159947,-0.159947,0.000000,1.000000
2010-03-31,-0.159947,-0.159947,0.000000,1.000000
2010-04-30,-0.149452,-0.149452,0.000000,1.000000
2010-05-31,-0.084948,-0.084948,0.000000,0.000000
2010-06-30,-0.072007,-0.071441,0.000000,0.000000
2010-07-31,-0.072007,-0.071441,0.000000,0.000000
2010-08-31,-0.179047,-0.038757,0.000000,0.000000
2010-09-30,-0.179047,-0.064132,0.000000,0.000000
2010-10-31,-0.193882,-0.064132,0.000000,0.000000
2010-11-30,-0.193882,-0.064132,0.000000,0.000000
2010-12-31,-0.193882,-0.072007,0.000000,0.000000
2011-01-31,-0.193882,-0.072007,0.000000,0.000000
2011-02-28,-0.193882,-0.179047,0.000000,1.000000
2011-03-31,-0.193882,-0.179047,0.000000,1.000000
2011-04-30,-0.192467,-0.192467,0.000000,1.000000
2011-05-31,-0.187693,-0.187693,0.000000,1.000000
2011-06-30,-0.187693,-0.187693,0.000000,1.000000
2011-07-31,-0.145858,-0.145858,0.000000,1.000000
2011-08-31,-0.099363,-0.098374,0.000000,0.000000
2011-09-30,-0.099363,-0.098374,0.000000,0.000000
2011-10-31,-0.099363,-0.091894,0.000000,0.000000
2011-11-30,-0.099363,-0.087256,0.000000,0.000000
2011-12-31,-0.099363,-0.099363,0.000000,0.000000
2012-01-31,-0.099363,-0.099363,0.000000,0.000000
2012-02-29,-0.099363,-0.099363,0.000000,0.000000
2012-03-31,-0.099363,-0.099363,0.000000,0.000000
2012-04-30,-0.090894,-0.090894,0.000000,0.000000
2012-05-31,-0.076711,-0.076711,0.000000,0.000000
2012-06-30,-0.076711,-0.076711,0.000000,0.000000
2012-07-31,-0.076711,-0.076711,0.000000,0.000000
2012-08-31,-0.076711,-0.076711,0.000000,0.000000
2012-09-30,-0.073950,-0.073950,0.000000,0.000000
2012-10-31,-0.057556,-0.052549,0.000000,0.000000
2012-11-30,-0.057556,-0.032485,0.000000,0.000000
2012-12-31,-0.057556,-0.057556,0.000000,0.000000
2013-01-31,-0.057556,-0.057556,0.000000,0.000000
2013-02-28,-0.057613,-0.057556,0.000000,0.000000
2013-03-31,-0.057613,-0.057556,0.000000,0.000000
2013-04-30,-0.057613,-0.057556,0.000000,0.000000
2013-05-31,-0.057613,-0.047657,0.000000,0.000000
2013-06-30,-0.057613,-0.046319,0.000000,0.000000
2013-07-31,-0.057613,-0.046319,0.000000,0.000000
2013-08-31,-0.057613,-0.057613,0.000000,0.000000
2013-09-30,-0.057613,-0.057613,0.000000,0.000000
2013-10-31,-0.074015,-0.057613,0.000000,0.000000
2013-11-30,-0.074015,-0.057613,0.000000,0.000000
2013-12-31,-0.074015,-0.057613,0.000000,0.000000
2014-01-31,-0.074015,-0.039775,0.000000,0.000000
2014-02-28,-0.074015,-0.039775,0.000000,0.000000
2014-03-31,-0.074015,-0.039775,0.000000,0.000000
2014-04-30,-0.074015,-0.074015,0.000000,0.000000
2014-05-31,-0.074015,-0.074015,0.000000,0.000000
2014-06-30,-0.074015,-0.074015,0.000000,0.000000
2014-07-31,-0.074015,-0.074015,0.000000,0.000000
2014-08-31,-0.123525,-0.074015,0.000000,0.000000
2014-09-30,-0.123525,-0.054041,0.000000,0.000000
2014-10-31,-0.123525,-0.049451,0.000000,0.000000
2014-11-30,-0.123525,-0.049451,0.000000,0.000000
2014-12-31,-0.123525,-0.036436,0.000000,0.000000
2015-01-31,-0.127411,-0.039487,0.000000,0.000000
2015-02-28,-0.141608,-0.123525,0.000000,1.000000
2015-03-31,-0.141608,-0.123525,0.000000,1.000000
2015-04-30,-0.141608,-0.123525,0.000000,1.000000
2015-05-31,-0.140583,-0.122479,0.000000,1.000000
2015-06-30,-0.140583,-0.122479,0.000000,1.000000
2015-07-31,-0.133051,-0.118713,0.000000,1.000000
2015-08-31,-0.133051,-0.133051,0.000000,1.000000
2015-09-30,-0.133051,-0.133051,0.000000,1.000000
2015-10-31,-0.133051,-0.133051,0.000000,1.000000
2015-11-30,-0.130099,-0.130099,0.000000,1.000000
2015-12-31,-0.093038,-0.093038,0.000000,0.000000
2016-01-31,-0.056874,-0.056874,0.000000,0.000000
2016-02-29,-0.055957,-0.055957,0.000000,0.000000
2016-03-31,-0.055957,-0.055957,0.000000,0.000000
2016-04-30,-0.055957,-0.055957,0.000000,0.000000
2016-05-31,-0.055957,-0.055957,0.000000,0.000000
2016-06-30,-0.047928,-0.047928,0.000000,0.000000
2016-07-31,-0.047928,-0.047928,0.000000,0.000000
2016-08-31,-0.046330,-0.046330,0.000000,0.000000
2016-09-30,-0.036272,-0.036272,0.000000,0.000000
2016-10-31,-0.027968,-0.027968,0.000000,0.000000
2016-11-30,-0.027968,-0.027968,0.000000,0.000000
2016-12-31,-0.027968,-0.027968,0.000000,0.000000
2017-01-31,-0.027968,-0.027968,0.000000,0.000000
2017-02-28,-0.101595,-0.027968,0.000000,0.000000
2017-03-31,-0.101595,-0.022314,0.000000,0.000000
2017-04-30,-0.101595,-0.022314,0.000000,0.000000
2017-05-31,-0.101595,-0.022314,0.000000,0.000000
2017-06-30,-0.101595,-0.022314,0.000000,0.000000
2017-07-31,-0.101595,-0.022314,0.000000,0.000000
2017-08-31,-0.101595,-0.101595,0.000000,1.000000
2017-09-30,-0.101595,-0.101595,0.000000,1.000000
2017-10-31,-0.101595,-0.101595,0.000000,1.000000
2017-11-30,-0.101745,-0.101595,0.000000,1.000000
2017-12-31,-0.197782,-0.101595,0.000000,1.000000
2018-01-31,-0.197782,-0.085394,0.000000,0.000000
2018-02-28,-0.197782,-0.073456,0.000000,0.000000
2018-03-31,-0.197782,-0.031297,0.000000,0.000000
2018-04-30,-0.197782,-0.098780,0.000000,0.000000
2018-05-31,-0.197782,-0.101745,0.000000,1.000000
2018-06-30,-0.197782,-0.197782,0.000000,1.000000
2018-07-31,-0.197782,-0.197782,0.000000,1.000000
2018-08-31,-0.197782,-0.197782,0.000000,1.000000
2018-09-30,-0.196345,-0.196345,0.000000,1.000000
2018-10-31,-0.164466,-0.164466,0.000000,1.000000
2018-11-30,-0.157424,-0.157424,0.000000,1.000000
2018-12-31,-0.068361,-0.068361,0.000000,0.000000
2019-01-31,-0.068361,-0.068361,0.000000,0.000000
2019-02-28,-0.127558,-0.068361,0.000000,0.000000
2019-03-31,-0.339250,-0.068361,1.000000,0.000000
2019-04-30,-0.339250,-0.068301,1.000000,0.000000
2019-05-31,-0.339250,-0.061226,1.000000,0.000000
2019-06-30,-0.339250,-0.061226,1.000000,0.000000
2019-07-31,-0.339250,-0.040524,1.000000,0.000000
2019-08-31,-0.339250,-0.127558,1.000000,1.000000
2019-09-30,-0.339250,-0.339250,1.000000,0.000000
2019-10-31,-0.339250,-0.339250,1.000000,0.000000
2019-11-30,-0.339250,-0.339250,1.000000,0.000000
2019-12-31,-0.339250,-0.339250,1.000000,0.000000
2020-01-31,-0.339250,-0.339250,1.000000,0.000000
2020-02-29,-0.285203,-0.285203,1.000000,0.000000
2020-03-31,-0.096045,-0.096045,0.000000,0.000000
2020-04-30,-0.096045,-0.096045,0.000000,0.000000
2020-05-31,-0.096045,-0.096045,0.000000,0.000000
2020-06-30,-0.096045,-0.096045,0.000000,0.000000
2020-07-31,-0.096045,-0.096045,0.000000,0.000000
2020-08-31,-0.096045,-0.096045,0.000000,0.000000
2020-09-30,-0.074772,-0.074772,0.000000,0.000000
2020-10-31,-0.052125,-0.042279,0.000000,0.000000
2020-11-30,-0.052125,-0.042279,0.000000,0.000000
2020-12-31,-0.052125,-0.042279,0.000000,0.000000
2021-01-31,-0.097997,-0.042279,0.000000,0.000000
2021-02-28,-0.119056,-0.040060,0.000000,0.000000
2021-03-31,-0.130481,-0.050565,0.000000,0.000000
2021-04-30,-0.138564,-0.052125,0.000000,0.000000
2021-05-31,-0.186753,-0.052125,0.000000,0.000000
2021-06-30,-0.235542,-0.052125,1.000000,0.000000
2021-07-31,-0.235542,-0.097997,1.000000,0.000000
2021-08-31,-0.235542,-0.119056,1.000000,1.000000
2021-09-30,-0.252460,-0.130481,1.000000,1.000000
2021-10-31,-0.254251,-0.138564,1.000000,1.000000
2021-11-30,-0.254251,-0.186753,1.000000,1.000000
2021-12-31,-0.254251,-0.235542,1.000000,0.000000
2022-01-31,-0.227690,-0.208315,1.000000,0.000000
2022-02-28,-0.227690,-0.208315,1.000000,0.000000
2022-03-31,-0.219439,-0.217565,1.000000,0.000000
2022-04-30,-0.169137,-0.169137,0.000000,1.000000
2022-05-31,-0.169137,-0.169137,0.000000,1.000000
2022-06-30,-0.169137,-0.169137,0.000000,1.000000
2022-07-31,-0.169137,-0.169137,0.000000,1.000000
2022-08-31,-0.129763,-0.129763,0.000000,1.000000
2022-09-30,-0.077516,-0.077516,0.000000,0.000000
2022-10-31,-0.102766,-0.077516,0.000000,0.000000
2022-11-30,-0.102766,-0.077516,0.000000,0.000000
2022-12-31,-0.102766,-0.077516,0.000000,0.000000
2023-01-31,-0.102766,-0.077516,0.000000,0.000000
2023-02-28,-0.102766,-0.047778,0.000000,0.000000
2023-03-31,-0.102766,-0.068737,0.000000,0.000000
2023-04-30,-0.102766,-0.102766,0.000000,1.000000
2023-05-31,-0.102766,-0.102766,0.000000,1.000000
2023-06-30,-0.102766,-0.102766,0.000000,1.000000
2023-07-31,-0.100369,-0.100369,0.000000,1.000000
2023-08-31,-0.088224,-0.088224,0.000000,0.000000
2023-09-30,-0.084851,-0.059306,0.000000,0.000000
2023-10-31,-0.084851,-0.054644,0.000000,0.000000
2023-11-30,-0.084851,-0.054644,0.000000,0.000000
2023-12-31,-0.084851,-0.054644,0.000000,0.000000
2024-01-31,-0.084851,-0.054644,0.000000,0.000000
2024-02-29,-0.084851,-0.084851,0.000000,0.000000
2024-03-31,-0.101337,-0.084851,0.000000,0.000000
2024-04-30,-0.189022,-0.084851,0.000000,0.000000
2024-05-31,-0.189022,-0.084851,0.000000,0.000000
2024-06-30,-0.189022,-0.084851,0.000000,0.000000
2024-07-31,-0.189022,-0.047800,0.000000,0.000000
2024-08-31,-0.189022,-0.045992,0.000000,0.000000
2024-09-30,-0.189022,-0.101337,0.000000,1.000000
2024-10-31,-0.189022,-0.189022,0.000000,1.000000
2024-11-30,-0.189022,-0.189022,0.000000,1.000000
2024-12-31,-0.189022,-0.189022,0.000000,1.000000
2025-01-31,-0.189022,-0.189022,0.000000,1.000000
2025-02-28,-0.148204,-0.148204,0.000000,1.000000
2025-03-31,-0.121355,-0.121355,0.000000,1.000000
2025-04-30,-0.090975,-0.029793,0.000000,0.000000
2025-05-31,-0.090975,-0.051101,0.000000,0.000000
2025-06-30,-0.090975,-0.051101,0.000000,0.000000
2025-07-31,-0.090975,-0.051101,0.000000,0.000000
2025-08-31,-0.090975,-0.051101,0.000000,0.000000
2025-09-30,-0.090975,-0.090975,0.000000,0.000000
2025-10-31,-0.090975,-0.090975,0.000000,0.000000
2025-11-30,-0.090975,-0.090975,0.000000,0.000000
2025-12-31,-0.090975,-0.090975,0.000000,0.000000
2026-01-31,-0.090694,-0.090694,0.000000,0.000000
2026-02-28,-0.078165,-0.078165,0.000000,0.000000
2026-03-31,-0.019681,-0.019681,0.000000,0.000000
2026-04-30,-0.019681,-0.019681,0.000000,0.000000
2026-05-31,-0.007372,-0.007372,0.000000,0.000000
2026-06-30,,,,
